"Points:0","Points:1","Points:2","U:0","U:1","U:2","p"
0,-0.1,0,5.7842,0,0,7.8861
0.074829,-0.1,0,0,0,0,7.0689
0.099772,-0.1,0,0,0,0,6.9294
0.3415,-0.1,0,0,0,0,4.4212
0.3666,-0.1,0,0,0,0,3.1086
0.37495,-0.1,0,0,0,0,2.4948
0.38331,-0.1,0,0,0,0,1.7992
0.39167,-0.1,0,0,0,0,1.0514
0.4,-0.1,0,0,0,0,0.27282
0.40833,-0.1,0,0,0,0,-0.55631
0.43333,-0.1,0,0,0,0,-2.9979
0.44167,-0.1,0,0,0,0,-3.6346
0.45,-0.1,0,0,0,0,-4.1433
0.45833,-0.1,0,0,0,0,-4.509
0.46667,-0.1,0,0,0,0,-4.7275
0.475,-0.1,0,0,0,0,-4.813
0.48333,-0.1,0,0,0,0,-4.7843
0.5,-0.1,0,0,0,0,-4.429
0.50833,-0.1,0,0,0,0,-4.1274
0.54167,-0.1,0,0,0,0,-2.4614
0.55,-0.1,0,0,0,0,-2.0044
0.63333,-0.1,0,0,0,0,1.0591
0.65833,-0.1,0,0,0,0,1.2719
0.66667,-0.1,0,0,0,0,1.2956
0.68333,-0.1,0,0,0,0,1.2952
0.69167,-0.1,0,0,0,0,1.2788
0.70833,-0.1,0,0,0,0,1.2256
0.71667,-0.1,0,0,0,0,1.1925
0.73333,-0.1,0,0,0,0,1.1194
0.74167,-0.1,0,0,0,0,1.081
0.75,-0.1,0,0,0,0,1.0423
0.75833,-0.1,0,0,0,0,1.0034
0.76667,-0.1,0,0,0,0,0.9648
0.775,-0.1,0,0,0,0,0.92654
0.78333,-0.1,0,0,0,0,0.88876
0.8,-0.1,0,0,0,0,0.81473
0.80833,-0.1,0,0,0,0,0.7785
0.825,-0.1,0,0,0,0,0.70748
0.83333,-0.1,0,0,0,0,0.67261
0.85,-0.1,0,0,0,0,0.60389
0.875,-0.1,0,0,0,0,0.50269
0.9,-0.1,0,0,0,0,0.40277
0.91667,-0.1,0,0,0,0,0.33648
0.925,-0.1,0,0,0,0,0.30342
0.94167,-0.1,0,0,0,0,0.23743
0.95,-0.1,0,0,0,0,0.20428
0.96667,-0.1,0,0,0,0,0.13762
0.975,-0.1,0,0,0,0,0.10402
0.99167,-0.1,0,0,0,0,0.035049
1,-0.1,0,4.5674,0.00023749,-7.7525e-06,0.0064163
0,-0.095,0,10,0,0,7.6747
0.099772,-0.095005,0,9.8106,0.031618,-1.9476e-07,6.9307
0.34149,-0.095237,0,9.2612,-0.0099026,-1.0094e-05,4.4597
0.3666,-0.095183,0,9.3717,-0.035141,-1.5527e-05,3.1363
0.37495,-0.095138,0,9.4353,-0.042874,-1.749e-05,2.5226
0.38331,-0.095086,0,9.5107,-0.050311,-1.9181e-05,1.8243
0.41666,-0.095051,0,9.8315,-0.052492,-2.2459e-05,-1.439
0.43333,-0.095053,0,9.9688,-0.038664,-2.1722e-05,-3.0262
0.44166,-0.095053,0,10.02,-0.029239,-2.1018e-05,-3.6666
0.45,-0.095053,0,10.055,-0.018804,-2.0256e-05,-4.1774
0.45833,-0.095053,0,10.076,-0.0075594,-1.94e-05,-4.5469
0.46667,-0.095053,0,10.079,0.004862,-1.8589e-05,-4.7733
0.475,-0.095053,0,10.066,0.018341,-1.7982e-05,-4.8662
0.48334,-0.095053,0,10.038,0.03191,-1.77e-05,-4.8391
0.49167,-0.095052,0,9.9954,0.04457,-1.7845e-05,-4.7041
0.55834,-0.095049,0,9.345,0.075941,-3.1217e-05,-1.5395
0.59167,-0.095024,0,9.0351,0.041138,-3.7208e-05,0.024078
0.63333,-0.095,0,8.8195,0.0091503,-3.5958e-05,1.0818
0.65833,-0.095,0,8.7591,-0.0027779,-3.233e-05,1.2823
0.66667,-0.095,0,8.7467,-0.0048328,-3.0904e-05,1.303
0.68333,-0.095,0,8.7291,-0.007253,-2.7974e-05,1.2989
0.69167,-0.095,0,8.7228,-0.0078674,-2.6544e-05,1.2814
0.70833,-0.095,0,8.7133,-0.0083181,-2.3868e-05,1.2267
0.71667,-0.095,0,8.7096,-0.0082719,-2.2647e-05,1.193
0.725,-0.095,0,8.7062,-0.0081038,-2.1524e-05,1.1569
0.73333,-0.095,0,8.7031,-0.0078467,-2.0507e-05,1.1192
0.74167,-0.095,0,8.7002,-0.0075256,-1.959e-05,1.0807
0.75,-0.095,0,8.6973,-0.0071608,-1.8774e-05,1.0417
0.75833,-0.095,0,8.6944,-0.0067677,-1.8056e-05,1.0028
0.76667,-0.095,0,8.6915,-0.0063586,-1.7437e-05,0.96408
0.775,-0.095,0,8.6885,-0.005943,-1.6884e-05,0.92577
0.78333,-0.095,0,8.6855,-0.0055273,-1.6386e-05,0.88795
0.8,-0.095,0,8.6791,-0.0047135,-1.5648e-05,0.8139
0.80833,-0.095,0,8.6758,-0.0043223,-1.5401e-05,0.77768
0.825,-0.095,0,8.6689,-0.0035806,-1.5087e-05,0.70668
0.83333,-0.095,0,8.6654,-0.0032318,-1.5001e-05,0.67183
0.85,-0.095,0,8.6582,-0.00258,-1.4943e-05,0.60316
0.875,-0.095,0,8.6469,-0.0017169,-1.5026e-05,0.50205
0.9,-0.095,0,8.6353,-0.00097746,-1.5182e-05,0.40221
0.91667,-0.095,0,8.6274,-0.00054254,-1.5258e-05,0.33597
0.925,-0.095,0,8.6234,-0.00033497,-1.5273e-05,0.3029
0.94167,-0.095,0,8.6154,0.00011196,-1.5296e-05,0.2367
0.95,-0.095,0,8.6113,0.00035539,-1.5353e-05,0.20346
0.96667,-0.095,0,8.6031,0.00082901,-1.5562e-05,0.13683
0.975,-0.095,0,8.5988,0.0010589,-1.5645e-05,0.10333
0.99167,-0.095,0,8.5899,0.0013954,-1.5384e-05,0.034357
1,-0.095,0,8.5866,0.0016495,-1.5448e-05,0
0,-0.09,0,10,0,0,7.4343
0.074828,-0.090003,0,10.116,0.028158,-1.447e-07,7.0688
0.099771,-0.090005,0,10.146,0.028336,-1.9534e-07,6.9345
0.34147,-0.090235,0,10.306,-0.020484,-1.0975e-05,4.524
0.36659,-0.090197,0,10.398,-0.055731,-1.6276e-05,3.1963
0.37494,-0.090158,0,10.448,-0.068149,-1.7994e-05,2.5831
0.38329,-0.090116,0,10.507,-0.08008,-1.9587e-05,1.8793
0.39165,-0.090097,0,10.571,-0.089707,-2.0833e-05,1.1017
0.40832,-0.090102,0,10.711,-0.093908,-2.2248e-05,-0.59614
0.41665,-0.090103,0,10.783,-0.088622,-2.2376e-05,-1.4837
0.43333,-0.090105,0,10.913,-0.065816,-2.175e-05,-3.1049
0.44166,-0.090106,0,10.962,-0.049439,-2.1116e-05,-3.7576
0.46667,-0.090106,0,11.033,0.0083485,-1.8909e-05,-4.8842
0.475,-0.090105,0,11.034,0.028113,-1.8458e-05,-4.9793
0.48334,-0.090105,0,11.026,0.046735,-1.8305e-05,-4.9461
0.53334,-0.0901,0,10.837,0.11196,-2.5198e-05,-2.944
0.55001,-0.090099,0,10.74,0.11343,-2.9615e-05,-1.9821
0.55834,-0.090098,0,10.689,0.11027,-3.1794e-05,-1.5112
0.59167,-0.090046,0,10.483,0.076212,-3.8211e-05,0.092622
0.63333,-0.09,0,10.285,0.034001,-3.7967e-05,1.1221
0.65,-0.09,0,10.227,0.022001,-3.602e-05,1.2663
0.65833,-0.09,0,10.202,0.017684,-3.4844e-05,1.3019
0.68333,-0.09,0,10.14,0.0094614,-3.101e-05,1.3078
0.69167,-0.09,0,10.122,0.0078697,-2.9744e-05,1.288
0.70833,-0.09,0,10.089,0.0058355,-2.7355e-05,1.2302
0.71667,-0.09,0,10.074,0.005239,-2.6265e-05,1.1955
0.725,-0.09,0,10.059,0.0048413,-2.5248e-05,1.1586
0.73333,-0.09,0,10.045,0.0045946,-2.4303e-05,1.1203
0.74167,-0.09,0,10.031,0.0044604,-2.3463e-05,1.0813
0.75,-0.09,0,10.017,0.0044082,-2.2719e-05,1.0421
0.75833,-0.09,0,10.003,0.0044141,-2.205e-05,1.0029
0.76667,-0.09,0,9.9898,0.0044598,-2.1455e-05,0.96408
0.78333,-0.09,0,9.9635,0.0046176,-2.0483e-05,0.8878
0.8,-0.09,0,9.9379,0.0048087,-1.9769e-05,0.81373
0.80833,-0.09,0,9.9254,0.0049036,-1.9507e-05,0.77751
0.825,-0.09,0,9.9008,0.005079,-1.9146e-05,0.70656
0.83333,-0.09,0,9.8888,0.0051568,-1.9028e-05,0.67174
0.85,-0.09,0,9.8653,0.0052909,-1.8886e-05,0.60313
0.875,-0.09,0,9.8315,0.0054407,-1.883e-05,0.50209
0.9,-0.09,0,9.7995,0.0055443,-1.8859e-05,0.4023
0.91667,-0.09,0,9.7791,0.0056009,-1.8878e-05,0.33604
0.925,-0.09,0,9.7693,0.0056324,-1.8893e-05,0.30292
0.94167,-0.09,0,9.7501,0.0057214,-1.8969e-05,0.23647
0.95,-0.09,0,9.741,0.0057766,-1.9012e-05,0.20316
0.96667,-0.09,0,9.7234,0.0058884,-1.9099e-05,0.13658
0.975,-0.09,0,9.7148,0.0059487,-1.9108e-05,0.10316
0.99167,-0.09,0,9.6973,0.0060402,-1.904e-05,0.03405
1,-0.09,0,9.6911,0.0061189,-1.9078e-05,0
0,-0.085,0,10,0,0,7.3928
0.008314,-0.085,0,10.001,0.0050026,-2.4069e-08,7.3921
0.033256,-0.085002,0,10.013,0.010802,-7.7009e-08,7.2851
0.049885,-0.085002,0,10.025,0.01514,-1.0326e-07,7.1988
0.058199,-0.085003,0,10.031,0.016891,-1.17e-07,7.154
0.066513,-0.085003,0,10.037,0.018384,-1.2992e-07,7.1093
0.083141,-0.085004,0,10.05,0.020821,-1.5949e-07,7.0205
0.09977,-0.085005,0,10.063,0.022632,-1.9453e-07,6.9304
0.12471,-0.085006,0,10.084,0.024518,-2.6519e-07,6.7935
0.13303,-0.085006,0,10.09,0.024979,-2.9535e-07,6.7476
0.14966,-0.085007,0,10.104,0.025697,-3.6962e-07,6.6558
0.15797,-0.085008,0,10.11,0.025971,-4.1514e-07,6.61
0.20789,-0.085009,0,10.147,0.026471,-8.9209e-07,6.3368
0.28293,-0.08501,0,10.203,0.018038,-3.0742e-06,5.8216
0.29127,-0.085029,0,10.215,0.014484,-3.7879e-06,5.7381
0.29964,-0.085112,0,10.229,0.011187,-4.8884e-06,5.6287
0.30801,-0.08515,0,10.246,0.0056241,-5.2575e-06,5.4756
0.34145,-0.085239,0,10.333,-0.034537,-1.1136e-05,4.5906
0.34982,-0.085238,0,10.366,-0.049094,-1.3041e-05,4.2326
0.35819,-0.085226,0,10.406,-0.065474,-1.5062e-05,3.8006
0.36658,-0.085216,0,10.454,-0.082864,-1.7056e-05,3.2834
0.37493,-0.085184,0,10.51,-0.10056,-1.907e-05,2.6693
0.38328,-0.085153,0,10.576,-0.11726,-2.0966e-05,1.9567
0.39163,-0.085142,0,10.648,-0.13087,-2.2504e-05,1.1567
0.39997,-0.085149,0,10.727,-0.13885,-2.3605e-05,0.29001
0.40831,-0.085152,0,10.809,-0.13966,-2.4251e-05,-0.62122
0.42498,-0.085156,0,10.969,-0.1201,-2.4189e-05,-2.4318
0.43332,-0.085158,0,11.039,-0.10105,-2.3687e-05,-3.2291
0.44166,-0.085159,0,11.098,-0.077561,-2.2975e-05,-3.902
0.45,-0.085159,0,11.143,-0.051321,-2.2121e-05,-4.4313
0.45834,-0.085159,0,11.175,-0.023885,-2.13e-05,-4.8099
0.46667,-0.085159,0,11.194,0.003361,-2.0573e-05,-5.0385
0.47501,-0.085158,0,11.199,0.029356,-2.0027e-05,-5.1231
0.48334,-0.085157,0,11.194,0.05338,-1.9775e-05,-5.0756
0.49168,-0.085157,0,11.178,0.074938,-1.9886e-05,-4.9128
0.50001,-0.085156,0,11.153,0.093732,-2.0404e-05,-4.6523
0.50835,-0.085154,0,11.122,0.10958,-2.1342e-05,-4.3112
0.51668,-0.085153,0,11.085,0.12236,-2.2724e-05,-3.9065
0.52501,-0.085152,0,11.045,0.13196,-2.4412e-05,-3.455
0.53335,-0.085151,0,11.001,0.13834,-2.6264e-05,-2.9728
0.54168,-0.085149,0,10.956,0.14148,-2.8321e-05,-2.475
0.55002,-0.085148,0,10.911,0.14141,-3.0502e-05,-1.9757
0.55835,-0.085147,0,10.867,0.13821,-3.2621e-05,-1.488
0.59167,-0.085063,0,10.712,0.10246,-3.8831e-05,0.1524
0.6,-0.085,0,10.682,0.09051,-3.9403e-05,0.44368
0.60833,-0.085,0,10.655,0.078339,-3.9664e-05,0.69524
0.61667,-0.085,0,10.633,0.067107,-3.9617e-05,0.90345
0.625,-0.085,0,10.614,0.056836,-3.9264e-05,1.0587
0.63333,-0.085,0,10.599,0.047559,-3.8649e-05,1.1691
0.64167,-0.085,0,10.587,0.03948,-3.7829e-05,1.247
0.65,-0.085,0,10.577,0.032685,-3.6853e-05,1.2989
0.65833,-0.085,0,10.569,0.027102,-3.5772e-05,1.3284
0.66667,-0.085,0,10.562,0.022602,-3.4626e-05,1.3393
0.675,-0.085,0,10.556,0.019052,-3.3451e-05,1.3355
0.68333,-0.085,0,10.552,0.016321,-3.2275e-05,1.3206
0.69167,-0.085,0,10.547,0.014276,-3.1122e-05,1.2975
0.7,-0.085,0,10.543,0.012791,-3.001e-05,1.2683
0.70833,-0.085,0,10.539,0.011752,-2.8951e-05,1.2348
0.71667,-0.085,0,10.536,0.011063,-2.796e-05,1.1984
0.725,-0.085,0,10.532,0.010643,-2.7043e-05,1.1602
0.73333,-0.085,0,10.528,0.010425,-2.6202e-05,1.121
0.74167,-0.085,0,10.524,0.010357,-2.5453e-05,1.0813
0.75,-0.085,0,10.52,0.010395,-2.4796e-05,1.0416
0.75833,-0.085,0,10.515,0.010507,-2.4221e-05,1.0021
0.76667,-0.085,0,10.511,0.010665,-2.3716e-05,0.96303
0.775,-0.085,0,10.506,0.010852,-2.3276e-05,0.92452
0.78333,-0.085,0,10.501,0.011051,-2.2915e-05,0.8866
0.79167,-0.085,0,10.495,0.011251,-2.2609e-05,0.84929
0.8,-0.085,0,10.49,0.011445,-2.2348e-05,0.81258
0.80833,-0.085,0,10.484,0.011628,-2.2149e-05,0.77644
0.81667,-0.085,0,10.478,0.011795,-2.2e-05,0.74082
0.825,-0.085,0,10.472,0.011945,-2.1891e-05,0.70568
0.83333,-0.085,0,10.466,0.012075,-2.1816e-05,0.67096
0.84167,-0.085,0,10.46,0.012187,-2.1766e-05,0.6366
0.85,-0.085,0,10.454,0.012279,-2.1737e-05,0.60256
0.85833,-0.085,0,10.447,0.012353,-2.1727e-05,0.56878
0.86667,-0.085,0,10.44,0.012409,-2.1729e-05,0.5352
0.875,-0.085,0,10.434,0.012449,-2.1741e-05,0.5018
0.88333,-0.085,0,10.427,0.012474,-2.176e-05,0.46853
0.89167,-0.085,0,10.42,0.012486,-2.1785e-05,0.43535
0.9,-0.085,0,10.413,0.012486,-2.1812e-05,0.40223
0.90833,-0.085,0,10.407,0.012477,-2.1839e-05,0.36914
0.91667,-0.085,0,10.4,0.01246,-2.1869e-05,0.33606
0.925,-0.085,0,10.393,0.012438,-2.1902e-05,0.30296
0.93333,-0.085,0,10.386,0.012411,-2.194e-05,0.2698
0.94167,-0.085,0,10.379,0.012378,-2.1978e-05,0.2366
0.95,-0.085,0,10.372,0.012344,-2.2013e-05,0.20335
0.95833,-0.085,0,10.365,0.012306,-2.2047e-05,0.17003
0.96667,-0.085,0,10.358,0.012286,-2.2069e-05,0.13677
0.975,-0.085,0,10.351,0.012247,-2.2075e-05,0.10332
0.98333,-0.085,0,10.345,0.012339,-2.2147e-05,0.071025
0.99167,-0.085,0,10.337,0.012296,-2.2262e-05,0.034367
1,-0.085,0,10.331,0.012122,-2.2306e-05,0
0,-0.08,0,10,0,0,7.3667
0.008314,-0.08,0,10.001,0.0045784,-2.4011e-08,7.3632
0.024942,-0.080001,0,10.007,0.013121,-6.301e-08,7.3008
0.033256,-0.080002,0,10.011,0.016054,-7.6776e-08,7.2585
0.04157,-0.080002,0,10.015,0.018234,-8.9873e-08,7.2203
0.049884,-0.080002,0,10.019,0.019791,-1.0274e-07,7.1821
0.058198,-0.080003,0,10.023,0.020862,-1.1601e-07,7.1415
0.074827,-0.080004,0,10.031,0.022175,-1.4401e-07,7.0575
0.083141,-0.080004,0,10.036,0.02261,-1.5949e-07,7.0147
0.091455,-0.080004,0,10.041,0.022955,-1.7614e-07,6.9711
0.099769,-0.080005,0,10.045,0.023234,-1.9453e-07,6.9269
0.10808,-0.080005,0,10.05,0.023468,-2.1525e-07,6.8823
0.1164,-0.080006,0,10.055,0.02367,-2.3865e-07,6.8373
0.12471,-0.080006,0,10.06,0.023847,-2.6508e-07,6.792
0.13303,-0.080006,0,10.065,0.024,-2.9535e-07,6.7465
0.14966,-0.080007,0,10.075,0.024243,-3.6974e-07,6.6553
0.15797,-0.080008,0,10.081,0.024337,-4.1502e-07,6.6098
0.16628,-0.080008,0,10.086,0.02441,-4.6764e-07,6.5643
0.1746,-0.080008,0,10.091,0.024457,-5.2853e-07,6.519
0.18292,-0.080009,0,10.096,0.024472,-5.9884e-07,6.4737
0.23289,-0.080009,0,10.127,0.023287,-1.3731e-06,6.2014
0.29126,-0.080014,0,10.176,0.010264,-3.9701e-06,5.7576
0.34143,-0.080242,0,10.286,-0.052009,-1.1502e-05,4.6858
0.3498,-0.080241,0,10.319,-0.07092,-1.3626e-05,4.3431
0.36656,-0.080237,0,10.41,-0.11492,-1.8346e-05,3.407
0.37492,-0.080215,0,10.468,-0.13802,-2.0803e-05,2.7888
0.38326,-0.080193,0,10.537,-0.15973,-2.3133e-05,2.062
0.39161,-0.080188,0,10.614,-0.17749,-2.509e-05,1.2324
0.4083,-0.080203,0,10.788,-0.19021,-2.7316e-05,-0.6493
0.41664,-0.080206,0,10.877,-0.18217,-2.7509e-05,-1.6283
0.42498,-0.080208,0,10.961,-0.16476,-2.7204e-05,-2.5634
0.43332,-0.08021,0,11.036,-0.13948,-2.6547e-05,-3.3996
0.44166,-0.080212,0,11.099,-0.10847,-2.5679e-05,-4.0985
0.45,-0.080212,0,11.148,-0.074101,-2.4709e-05,-4.6408
0.45834,-0.080212,0,11.182,-0.038475,-2.3734e-05,-5.0211
0.46667,-0.080212,0,11.202,-0.0033152,-2.2844e-05,-5.2426
0.47501,-0.080211,0,11.209,0.030116,-2.2152e-05,-5.3144
0.48335,-0.08021,0,11.203,0.060964,-2.1776e-05,-5.2505
0.49168,-0.080209,0,11.188,0.088579,-2.1803e-05,-5.0682
0.50002,-0.080207,0,11.163,0.11252,-2.2271e-05,-4.786
0.50835,-0.080206,0,11.131,0.13253,-2.3187e-05,-4.4218
0.51669,-0.080204,0,11.093,0.14845,-2.4531e-05,-3.9931
0.52502,-0.080202,0,11.051,0.16022,-2.6196e-05,-3.5171
0.53335,-0.080201,0,11.006,0.16783,-2.8086e-05,-3.0102
0.54169,-0.080198,0,10.96,0.17132,-3.0161e-05,-2.488
0.55002,-0.080197,0,10.913,0.17081,-3.2338e-05,-1.9652
0.55835,-0.080196,0,10.867,0.1665,-3.4469e-05,-1.4552
0.59167,-0.080082,0,10.713,0.12164,-4.0796e-05,0.23764
0.60833,-0.08,0,10.662,0.09126,-4.1703e-05,0.7838
0.61667,-0.08,0,10.644,0.077247,-4.1646e-05,0.98178
0.625,-0.08,0,10.63,0.064672,-4.1293e-05,1.1285
0.63333,-0.08,0,10.62,0.05348,-4.0681e-05,1.231
0.64167,-0.08,0,10.613,0.043769,-3.9859e-05,1.3
0.65,-0.08,0,10.608,0.035625,-3.8887e-05,1.3427
0.65833,-0.08,0,10.606,0.028997,-3.7816e-05,1.3636
0.66667,-0.08,0,10.605,0.023737,-3.6687e-05,1.3668
0.675,-0.08,0,10.605,0.01966,-3.5533e-05,1.3565
0.68333,-0.08,0,10.606,0.01658,-3.438e-05,1.336
0.69167,-0.08,0,10.608,0.014318,-3.3253e-05,1.3084
0.7,-0.08,0,10.61,0.012718,-3.2166e-05,1.2756
0.70833,-0.08,0,10.612,0.01164,-3.1135e-05,1.2393
0.71667,-0.08,0,10.615,0.010968,-3.0171e-05,1.2008
0.725,-0.08,0,10.617,0.010606,-2.9281e-05,1.161
0.73333,-0.08,0,10.62,0.010476,-2.8473e-05,1.1205
0.74167,-0.08,0,10.622,0.010515,-2.775e-05,1.08
0.75,-0.08,0,10.624,0.010675,-2.7117e-05,1.0397
0.75833,-0.08,0,10.626,0.010915,-2.6577e-05,0.9998
0.76667,-0.08,0,10.628,0.011208,-2.6111e-05,0.96051
0.775,-0.08,0,10.63,0.011529,-2.5701e-05,0.92189
0.78333,-0.08,0,10.632,0.011862,-2.5364e-05,0.88395
0.79167,-0.08,0,10.634,0.012194,-2.5092e-05,0.84668
0.8,-0.08,0,10.635,0.012517,-2.4866e-05,0.81006
0.80833,-0.08,0,10.636,0.012825,-2.4701e-05,0.77404
0.81667,-0.08,0,10.637,0.013113,-2.4584e-05,0.73856
0.825,-0.08,0,10.638,0.013378,-2.4503e-05,0.70356
0.83333,-0.08,0,10.639,0.013621,-2.4455e-05,0.669
0.84167,-0.08,0,10.64,0.013839,-2.4433e-05,0.63479
0.85,-0.08,0,10.64,0.014034,-2.443e-05,0.60091
0.85833,-0.08,0,10.641,0.014206,-2.4443e-05,0.56727
0.86667,-0.08,0,10.641,0.014357,-2.4468e-05,0.53384
0.875,-0.08,0,10.641,0.014488,-2.4503e-05,0.50056
0.88333,-0.08,0,10.641,0.0146,-2.4543e-05,0.46741
0.89167,-0.08,0,10.641,0.014696,-2.4588e-05,0.43434
0.9,-0.08,0,10.64,0.014776,-2.4636e-05,0.40132
0.90833,-0.08,0,10.64,0.014843,-2.4686e-05,0.36832
0.91667,-0.08,0,10.64,0.014899,-2.4735e-05,0.33531
0.925,-0.08,0,10.639,0.014947,-2.4786e-05,0.30227
0.93333,-0.08,0,10.638,0.014987,-2.4841e-05,0.26917
0.94167,-0.08,0,10.638,0.015021,-2.4897e-05,0.236
0.95,-0.08,0,10.637,0.015054,-2.4954e-05,0.20276
0.95833,-0.08,0,10.636,0.015084,-2.5008e-05,0.16943
0.96667,-0.08,0,10.635,0.015138,-2.5044e-05,0.13606
0.975,-0.08,0,10.634,0.015164,-2.5078e-05,0.10254
0.98333,-0.08,0,10.632,0.015375,-2.5232e-05,0.069268
0.99167,-0.08,0,10.631,0.015379,-2.5411e-05,0.034268
1,-0.08,0,10.63,0.015156,-2.546e-05,0
0,-0.075,0,10,0,0,7.3407
0.074826,-0.075004,0,10.029,0.017998,-1.4377e-07,7.0567
0.099768,-0.075005,0,10.042,0.019866,-1.943e-07,6.9259
0.34142,-0.075251,0,10.257,-0.068795,-1.2149e-05,4.8037
0.3749,-0.075248,0,10.438,-0.17515,-2.31e-05,2.9417
0.38325,-0.075235,0,10.508,-0.2028,-2.6016e-05,2.1971
0.39159,-0.075233,0,10.589,-0.22572,-2.852e-05,1.3307
0.43332,-0.075263,0,11.042,-0.18,-3.0251e-05,-3.6179
0.44166,-0.075265,0,11.108,-0.14082,-2.9178e-05,-4.349
0.45,-0.075265,0,11.158,-0.097648,-2.8001e-05,-4.9064
0.45834,-0.075265,0,11.193,-0.053193,-2.681e-05,-5.2876
0.46667,-0.075265,0,11.212,-0.0095785,-2.5704e-05,-5.4993
0.47501,-0.075264,0,11.217,0.031617,-2.4812e-05,-5.5536
0.48335,-0.075262,0,11.21,0.069312,-2.4268e-05,-5.4669
0.55836,-0.075245,0,10.849,0.19485,-3.6848e-05,-1.4148
0.59167,-0.075086,0,10.689,0.14069,-4.3628e-05,0.34039
0.63333,-0.075,0,10.601,0.059472,-4.3963e-05,1.3031
0.65833,-0.075,0,10.591,0.030691,-4.1112e-05,1.4039
0.68333,-0.075,0,10.596,0.016183,-3.7647e-05,1.354
0.70833,-0.075,0,10.606,0.010339,-3.4371e-05,1.2453
0.71667,-0.075,0,10.61,0.0095229,-3.3394e-05,1.2044
0.73333,-0.075,0,10.617,0.0088852,-3.1669e-05,1.121
0.74167,-0.075,0,10.621,0.0089019,-3.0931e-05,1.0794
0.75,-0.075,0,10.625,0.009061,-3.0284e-05,1.0384
0.75833,-0.075,0,10.628,0.0093182,-2.9728e-05,0.99812
0.76667,-0.075,0,10.632,0.0096391,-2.925e-05,0.95855
0.775,-0.075,0,10.635,0.0099974,-2.883e-05,0.91977
0.78333,-0.075,0,10.639,0.010374,-2.848e-05,0.88178
0.8,-0.075,0,10.645,0.011126,-2.7967e-05,0.80796
0.80833,-0.075,0,10.648,0.011485,-2.7798e-05,0.77203
0.825,-0.075,0,10.654,0.012143,-2.7596e-05,0.7018
0.83333,-0.075,0,10.657,0.012438,-2.7547e-05,0.66737
0.85,-0.075,0,10.663,0.012956,-2.7523e-05,0.59954
0.875,-0.075,0,10.671,0.013564,-2.7601e-05,0.49954
0.9,-0.075,0,10.678,0.014002,-2.7738e-05,0.40054
0.91667,-0.075,0,10.683,0.014225,-2.784e-05,0.33463
0.925,-0.075,0,10.686,0.014321,-2.7892e-05,0.30163
0.94167,-0.075,0,10.69,0.014493,-2.8006e-05,0.2354
0.95,-0.075,0,10.692,0.014574,-2.8065e-05,0.20214
0.96667,-0.075,0,10.697,0.014749,-2.8164e-05,0.13529
0.975,-0.075,0,10.699,0.01483,-2.8217e-05,0.10168
0.99167,-0.075,0,10.704,0.015089,-2.8525e-05,0.034171
1,-0.075,0,10.705,0.014957,-2.8569e-05,0
0,-0.07,0,10,0,0,7.3179
0.074826,-0.070004,0,10.027,0.017869,-1.4354e-07,7.0503
0.099768,-0.070005,0,10.04,0.019654,-1.9418e-07,6.9218
0.37488,-0.070283,0,10.412,-0.2134,-2.6119e-05,3.1356
0.38323,-0.070277,0,10.485,-0.24824,-2.987e-05,2.3707
0.39157,-0.07028,0,10.57,-0.27763,-3.3147e-05,1.4598
0.42497,-0.070313,0,10.974,-0.26344,-3.63e-05,-2.9426
0.43331,-0.070316,0,11.059,-0.22348,-3.5225e-05,-3.8918
0.45,-0.070318,0,11.181,-0.12198,-3.2434e-05,-5.235
0.46668,-0.070318,0,11.234,-0.015129,-2.9538e-05,-5.8125
0.47501,-0.070317,0,11.237,0.034285,-2.8361e-05,-5.8433
0.48335,-0.070315,0,11.227,0.07916,-2.7573e-05,-5.7272
0.59167,-0.070091,0,10.668,0.16048,-4.7339e-05,0.46239
0.6,-0.07,0,10.64,0.13925,-4.8387e-05,0.76838
0.60833,-0.07,0,10.618,0.11788,-4.8944e-05,1.0081
0.63333,-0.07,0,10.583,0.064334,-4.8379e-05,1.3885
0.65833,-0.07,0,10.577,0.031172,-4.5594e-05,1.4512
0.68333,-0.07,0,10.584,0.014769,-4.2118e-05,1.3751
0.71667,-0.07,0,10.6,0.007477,-3.7808e-05,1.2084
0.73333,-0.07,0,10.608,0.0068601,-3.6041e-05,1.1212
0.74167,-0.07,0,10.612,0.0069201,-3.5282e-05,1.0786
0.75,-0.07,0,10.616,0.0071339,-3.4613e-05,1.0368
0.75833,-0.07,0,10.62,0.0074516,-3.4032e-05,0.99591
0.76667,-0.07,0,10.624,0.007835,-3.353e-05,0.95601
0.78333,-0.07,0,10.632,0.0086905,-3.2718e-05,0.87901
0.8,-0.07,0,10.639,0.0095497,-3.2166e-05,0.8053
0.80833,-0.07,0,10.642,0.0099549,-3.198e-05,0.76949
0.825,-0.07,0,10.649,0.010691,-3.1747e-05,0.69957
0.83333,-0.07,0,10.652,0.011018,-3.1684e-05,0.66531
0.85,-0.07,0,10.658,0.011588,-3.1634e-05,0.59782
0.85833,-0.07,0,10.661,0.011833,-3.1635e-05,0.56446
0.875,-0.07,0,10.668,0.012249,-3.1668e-05,0.49827
0.88333,-0.07,0,10.671,0.012423,-3.1695e-05,0.46534
0.9,-0.07,0,10.677,0.012718,-3.1757e-05,0.39962
0.91667,-0.07,0,10.683,0.012952,-3.1825e-05,0.33388
0.925,-0.07,0,10.686,0.013053,-3.186e-05,0.30094
0.94167,-0.07,0,10.692,0.01323,-3.1936e-05,0.23479
0.95,-0.07,0,10.695,0.013313,-3.1976e-05,0.20155
0.96667,-0.07,0,10.701,0.013485,-3.2053e-05,0.13461
0.975,-0.07,0,10.704,0.013571,-3.2104e-05,0.10093
0.99167,-0.07,0,10.71,0.013774,-3.2312e-05,0.034004
1,-0.07,0,10.713,0.013731,-3.2343e-05,0
0,-0.065,0,10,0,0,7.2983
0.099767,-0.065005,0,10.038,0.017701,-1.9383e-07,6.9199
0.38322,-0.065319,0,10.461,-0.2955,-3.4966e-05,2.5895
0.39156,-0.065326,0,10.551,-0.33292,-3.935e-05,1.6257
0.42497,-0.065365,0,10.993,-0.31881,-4.3237e-05,-3.206
0.43331,-0.065368,0,11.085,-0.26965,-4.187e-05,-4.2313
0.45,-0.065371,0,11.213,-0.14659,-3.8401e-05,-5.634
0.45834,-0.065371,0,11.247,-0.081875,-3.6511e-05,-6.0092
0.46668,-0.065371,0,11.264,-0.019418,-3.4687e-05,-6.1863
0.47502,-0.065369,0,11.264,0.038664,-3.3111e-05,-6.1866
0.48335,-0.065367,0,11.251,0.091025,-3.1982e-05,-6.0336
0.49169,-0.065365,0,11.226,0.13692,-3.1434e-05,-5.7517
0.5417,-0.065348,0,10.937,0.26761,-3.9171e-05,-2.5361
0.55004,-0.065345,0,10.88,0.26589,-4.153e-05,-1.9142
0.6,-0.065,0,10.621,0.15531,-5.3568e-05,0.91601
0.65,-0.065,0,10.565,0.040969,-5.2646e-05,1.5188
0.65833,-0.065,0,10.566,0.031097,-5.16e-05,1.5038
0.68333,-0.065,0,10.576,0.013116,-4.8131e-05,1.3978
0.71667,-0.065,0,10.594,0.0053653,-4.3763e-05,1.2124
0.725,-0.065,0,10.598,0.0049066,-4.2816e-05,1.1664
0.73333,-0.065,0,10.603,0.0047674,-4.1948e-05,1.1213
0.74167,-0.065,0,10.607,0.0048587,-4.1164e-05,1.0775
0.75,-0.065,0,10.611,0.0051107,-4.047e-05,1.0349
0.75833,-0.065,0,10.615,0.00547,-3.9863e-05,0.9935
0.76667,-0.065,0,10.619,0.0058958,-3.9336e-05,0.9533
0.775,-0.065,0,10.622,0.0063574,-3.8872e-05,0.91421
0.78333,-0.065,0,10.626,0.0068324,-3.8473e-05,0.87613
0.8,-0.065,0,10.633,0.0077625,-3.7874e-05,0.80259
0.80833,-0.065,0,10.637,0.0081984,-3.7669e-05,0.76694
0.825,-0.065,0,10.643,0.008987,-3.7402e-05,0.69738
0.85833,-0.065,0,10.656,0.0102,-3.7224e-05,0.56299
0.875,-0.065,0,10.662,0.01064,-3.7218e-05,0.4971
0.9,-0.065,0,10.672,0.011133,-3.7236e-05,0.3988
0.91667,-0.065,0,10.678,0.011378,-3.725e-05,0.33322
0.925,-0.065,0,10.681,0.011482,-3.7257e-05,0.30033
0.94167,-0.065,0,10.687,0.011665,-3.7275e-05,0.23426
0.95,-0.065,0,10.69,0.011748,-3.7287e-05,0.20103
0.96667,-0.065,0,10.697,0.011914,-3.7318e-05,0.13403
0.975,-0.065,0,10.7,0.011997,-3.7348e-05,0.10034
0.99167,-0.065,0,10.707,0.012157,-3.7469e-05,0.033752
1,-0.065,0,10.709,0.01216,-3.7486e-05,0
0,-0.06,0,10,0,0,7.2812
0.36644,-0.060314,0,10.296,-0.23781,-2.8722e-05,4.2841
0.38319,-0.060359,0,10.432,-0.34504,-4.1638e-05,2.8645
0.39154,-0.060371,0,10.528,-0.3926,-4.7635e-05,1.8391
0.39992,-0.060392,0,10.643,-0.42587,-5.1886e-05,0.60105
0.40827,-0.060404,0,10.77,-0.43672,-5.3771e-05,-0.78562
0.42496,-0.060416,0,11.018,-0.37955,-5.2437e-05,-3.532
0.4333,-0.060421,0,11.119,-0.31948,-5.0739e-05,-4.6473
0.44165,-0.060423,0,11.197,-0.24808,-4.8732e-05,-5.5077
0.45,-0.060424,0,11.253,-0.17176,-4.646e-05,-6.1114
0.45834,-0.060424,0,11.286,-0.09538,-4.4028e-05,-6.476
0.46668,-0.060424,0,11.301,-0.022398,-4.1627e-05,-6.6253
0.47502,-0.060422,0,11.298,0.04487,-3.95e-05,-6.5864
0.48336,-0.06042,0,11.28,0.10505,-3.79e-05,-6.388
0.5167,-0.060408,0,11.113,0.26626,-3.8354e-05,-4.5157
0.54171,-0.060397,0,10.935,0.30435,-4.4103e-05,-2.5551
0.55004,-0.060393,0,10.875,0.30199,-4.6547e-05,-1.8889
0.55838,-0.06039,0,10.816,0.29251,-4.9086e-05,-1.2449
0.6,-0.06,0,10.602,0.17132,-6.0374e-05,1.0888
0.60833,-0.06,0,10.581,0.14227,-6.1551e-05,1.3174
0.63333,-0.06,0,10.555,0.071447,-6.2097e-05,1.597
0.65833,-0.06,0,10.558,0.030151,-5.9612e-05,1.5617
0.68333,-0.06,0,10.571,0.010842,-5.6155e-05,1.4222
0.70833,-0.06,0,10.586,0.0037443,-5.2745e-05,1.2665
0.73333,-0.06,0,10.599,0.0023816,-4.982e-05,1.1212
0.74167,-0.06,0,10.604,0.0025403,-4.9002e-05,1.0761
0.75,-0.06,0,10.608,0.0028626,-4.8275e-05,1.0327
0.75833,-0.06,0,10.612,0.0032917,-4.7634e-05,0.99076
0.76667,-0.06,0,10.616,0.0037846,-4.7073e-05,0.95025
0.775,-0.06,0,10.619,0.0043093,-4.6576e-05,0.91101
0.78333,-0.06,0,10.623,0.0048425,-4.6141e-05,0.87291
0.79167,-0.06,0,10.627,0.0053677,-4.5775e-05,0.83581
0.8,-0.06,0,10.63,0.0058731,-4.5478e-05,0.79957
0.80833,-0.06,0,10.633,0.0063513,-4.5248e-05,0.76409
0.825,-0.06,0,10.64,0.0072092,-4.4939e-05,0.69493
0.83333,-0.06,0,10.643,0.0075857,-4.4842e-05,0.66107
0.85,-0.06,0,10.65,0.0082347,-4.4721e-05,0.59435
0.875,-0.06,0,10.659,0.0089731,-4.4634e-05,0.4958
0.88333,-0.06,0,10.662,0.0091653,-4.4613e-05,0.46315
0.9,-0.06,0,10.668,0.0094841,-4.4568e-05,0.39789
0.91667,-0.06,0,10.674,0.0097318,-4.4515e-05,0.3325
0.925,-0.06,0,10.678,0.009835,-4.4487e-05,0.29969
0.94167,-0.06,0,10.684,0.010012,-4.4431e-05,0.23372
0.95,-0.06,0,10.687,0.01009,-4.4407e-05,0.20051
0.96667,-0.06,0,10.693,0.010237,-4.4377e-05,0.13352
0.975,-0.06,0,10.696,0.010307,-4.4378e-05,0.099843
0.99167,-0.06,0,10.703,0.010426,-4.4419e-05,0.033509
1,-0.06,0,10.706,0.010441,-4.4418e-05,0
0,-0.055,0,10,0,0,7.2663
0.074824,-0.055004,0,10.023,0.013508,-1.4296e-07,7.0382
0.099766,-0.055005,0,10.035,0.0152,-1.9348e-07,6.914
0.36639,-0.055326,0,10.261,-0.26632,-3.3059e-05,4.625
0.39152,-0.055415,0,10.499,-0.45767,-5.8735e-05,2.1135
0.39989,-0.055437,0,10.626,-0.50124,-6.4556e-05,0.74537
0.4333,-0.055473,0,11.16,-0.37334,-6.2676e-05,-5.1551
0.44165,-0.055476,0,11.243,-0.28754,-6.032e-05,-6.0649
0.46668,-0.055477,0,11.344,-0.023378,-5.1099e-05,-7.1343
0.47502,-0.055475,0,11.337,0.053559,-4.8201e-05,-7.046
0.48336,-0.055472,0,11.314,0.12178,-4.595e-05,-6.7925
0.4917,-0.05547,0,11.28,0.18075,-4.4529e-05,-6.405
0.50837,-0.055463,0,11.184,0.27071,-4.4174e-05,-5.3341
0.55005,-0.055443,0,10.869,0.34053,-5.3151e-05,-1.8582
0.6,-0.055,0,10.582,0.18705,-6.9293e-05,1.2906
0.60833,-0.055,0,10.562,0.15342,-7.0974e-05,1.5091
0.63333,-0.055,0,10.541,0.073219,-7.2427e-05,1.7205
0.65833,-0.055,0,10.55,0.028219,-7.0182e-05,1.6239
0.68333,-0.055,0,10.567,0.0080005,-6.6735e-05,1.4474
0.70833,-0.055,0,10.583,0.00094302,-6.3234e-05,1.2735
0.73333,-0.055,0,10.597,-0.00015293,-6.0179e-05,1.1205
0.74167,-0.055,0,10.602,9.8235e-05,-5.9318e-05,1.0742
0.75,-0.055,0,10.606,0.00050814,-5.8547e-05,1.0299
0.75833,-0.055,0,10.61,0.0010182,-5.7864e-05,0.98752
0.76667,-0.055,0,10.614,0.0015848,-5.726e-05,0.94674
0.775,-0.055,0,10.618,0.0021756,-5.672e-05,0.90741
0.78333,-0.055,0,10.621,0.0027671,-5.6234e-05,0.86935
0.8,-0.055,0,10.628,0.003893,-5.5481e-05,0.79631
0.80833,-0.055,0,10.632,0.0044091,-5.5216e-05,0.76104
0.825,-0.055,0,10.638,0.0053264,-5.4845e-05,0.69236
0.83333,-0.055,0,10.641,0.0057253,-5.4718e-05,0.65874
0.85,-0.055,0,10.648,0.0064077,-5.454e-05,0.59247
0.875,-0.055,0,10.657,0.0071739,-5.4356e-05,0.4945
0.9,-0.055,0,10.666,0.0076941,-5.4172e-05,0.39702
0.91667,-0.055,0,10.672,0.0079408,-5.4028e-05,0.33183
0.925,-0.055,0,10.675,0.0080419,-5.3951e-05,0.2991
0.94167,-0.055,0,10.682,0.0082116,-5.3799e-05,0.23323
0.95,-0.055,0,10.685,0.0082844,-5.3728e-05,0.20007
0.96667,-0.055,0,10.691,0.0084143,-5.3615e-05,0.13312
0.975,-0.055,0,10.694,0.0084718,-5.3578e-05,0.099472
0.99167,-0.055,0,10.701,0.0085589,-5.3541e-05,0.033331
1,-0.055,0,10.703,0.0085753,-5.3518e-05,0
0,-0.05,0,10,0,0,7.2533
0.074824,-0.050004,0,10.022,0.012248,-1.4284e-07,7.0341
0.099766,-0.050005,0,10.034,0.013909,-1.9337e-07,6.9112
0.38314,-0.050432,0,10.353,-0.45144,-6.1749e-05,3.6386
0.3915,-0.050457,0,10.462,-0.52874,-7.3739e-05,2.4687
0.39985,-0.050476,0,10.604,-0.58629,-8.1824e-05,0.94025
0.4333,-0.050526,0,11.21,-0.4319,-7.8948e-05,-5.7735
0.44165,-0.050529,0,11.299,-0.32916,-7.6329e-05,-6.7319
0.44999,-0.050531,0,11.356,-0.22255,-7.2835e-05,-7.3453
0.45834,-0.050531,0,11.387,-0.11871,-6.8633e-05,-7.6593
0.46668,-0.050529,0,11.393,-0.021942,-6.4271e-05,-7.7188
0.47502,-0.050527,0,11.381,0.065329,-6.0298e-05,-7.568
0.48336,-0.050525,0,11.353,0.14197,-5.7139e-05,-7.2479
0.55005,-0.050492,0,10.863,0.38207,-6.2032e-05,-1.8213
0.56672,-0.05046,0,10.732,0.34684,-6.7886e-05,-0.37376
0.6,-0.05,0,10.558,0.2022,-8.1108e-05,1.5248
0.60833,-0.05,0,10.54,0.16346,-8.3483e-05,1.7291
0.61667,-0.05,0,10.53,0.12848,-8.5135e-05,1.8331
0.63333,-0.05,0,10.527,0.073478,-8.6144e-05,1.8566
0.65833,-0.05,0,10.542,0.025184,-8.4188e-05,1.6895
0.68333,-0.05,0,10.563,0.0044875,-8.0724e-05,1.4728
0.70833,-0.05,0,10.581,-0.0022618,-7.7056e-05,1.2799
0.74167,-0.05,0,10.601,-0.0025896,-7.2834e-05,1.0717
0.75,-0.05,0,10.605,-0.0020728,-7.1992e-05,1.0266
0.75833,-0.05,0,10.609,-0.0014668,-7.1242e-05,0.98374
0.76667,-0.05,0,10.613,-0.00081494,-7.0571e-05,0.94275
0.775,-0.05,0,10.617,-0.00014891,-6.9967e-05,0.90338
0.78333,-0.05,0,10.62,0.00050869,-6.9406e-05,0.8654
0.8,-0.05,0,10.627,0.001742,-6.8525e-05,0.79274
0.80833,-0.05,0,10.631,0.002301,-6.8214e-05,0.75773
0.825,-0.05,0,10.637,0.0032864,-6.7757e-05,0.68958
0.83333,-0.05,0,10.64,0.0037118,-6.7589e-05,0.65623
0.85,-0.05,0,10.646,0.0044346,-6.7326e-05,0.59047
0.875,-0.05,0,10.656,0.005237,-6.6997e-05,0.49312
0.9,-0.05,0,10.665,0.0057724,-6.6634e-05,0.39611
0.91667,-0.05,0,10.671,0.0060207,-6.6353e-05,0.33114
0.925,-0.05,0,10.674,0.0061205,-6.6205e-05,0.29849
0.94167,-0.05,0,10.68,0.0062839,-6.5911e-05,0.23276
0.95,-0.05,0,10.683,0.0063516,-6.5773e-05,0.19964
0.96667,-0.05,0,10.69,0.0064655,-6.5537e-05,0.13277
0.975,-0.05,0,10.693,0.0065118,-6.5446e-05,0.099171
0.99167,-0.05,0,10.7,0.0065715,-6.5315e-05,0.033196
1,-0.05,0,10.702,0.0065857,-6.5262e-05,0
0.39146,-0.045495,0,10.415,-0.60723,-9.4247e-05,2.9314
0.41659,-0.045564,0,10.964,-0.68351,-0.00010573,-3.1301
0.45834,-0.045584,0,11.449,-0.12789,-8.9124e-05,-8.3949
0.48336,-0.045577,0,11.397,0.16501,-7.3234e-05,-7.7585
0.75833,-0.045,0,10.609,-0.0040873,-8.8771e-05,0.97935
0.76667,-0.045,0,10.613,-0.0033363,-8.7979e-05,0.93823
0.8,-0.045,0,10.627,-0.00051131,-8.5447e-05,0.7889
0.825,-0.045,0,10.637,0.0011381,-8.4442e-05,0.68665
0,-0.04,0,10,0,0,7.2322
0.40821,-0.040599,0,10.765,-0.83678,-0.00013965,-0.99248
0.43329,-0.040631,0,11.346,-0.56335,-0.00013551,-7.4406
0.44164,-0.040635,0,11.445,-0.41579,-0.00013395,-8.469
0.46668,-0.040635,0,11.518,-0.0080431,-0.00011237,-9.1358
0.47503,-0.040633,0,11.491,0.10074,-0.00010469,-8.8137
0.48337,-0.04063,0,11.448,0.19427,-9.8474e-05,-8.3209
0.55006,-0.040582,0,10.851,0.47533,-9.2441e-05,-1.7279
0.56673,-0.040536,0,10.695,0.42817,-9.8458e-05,-0.012486
0.61667,-0.04,0,10.486,0.1346,-0.00012648,2.2961
0.63333,-0.04,0,10.497,0.068292,-0.00012901,2.1636
0.65,-0.04,0,10.518,0.028037,-0.00012836,1.9417
0.65833,-0.04,0,10.529,0.015294,-0.00012744,1.8256
0.68333,-0.04,0,10.558,-0.0046535,-0.00012352,1.5205
0.70833,-0.04,0,10.58,-0.0098598,-0.00011902,1.2887
0.71667,-0.04,0,10.586,-0.01005,-0.00011755,1.2252
0.75833,-0.04,0,10.609,-0.0069652,-0.00011135,0.97415
0.76667,-0.04,0,10.613,-0.0061036,-0.00011037,0.93302
0.78333,-0.04,0,10.621,-0.004448,-0.00010854,0.85621
0.80833,-0.04,0,10.631,-0.002327,-0.00010656,0.75032
0.825,-0.04,0,10.637,-0.0012034,-0.00010569,0.6835
0.83333,-0.04,0,10.64,-0.00072684,-0.00010533,0.65078
0.85,-0.04,0,10.646,7.0695e-05,-0.00010469,0.58618
0.85833,-0.04,0,10.649,0.00039894,-0.00010438,0.55414
0.875,-0.04,0,10.655,0.00093377,-0.00010375,0.49026
0.9,-0.04,0,10.664,0.0014886,-0.00010267,0.39428
0.91667,-0.04,0,10.67,0.0017344,-0.00010186,0.3298
0.925,-0.04,0,10.673,0.0018295,-0.00010144,0.29735
0.94167,-0.04,0,10.679,0.0019775,-0.0001006,0.23191
0.95,-0.04,0,10.682,0.0020347,-0.0001002,0.1989
0.96667,-0.04,0,10.688,0.00212,-9.9469e-05,0.13226
0.975,-0.04,0,10.691,0.0021499,-9.9152e-05,0.098785
0.99167,-0.04,0,10.698,0.0021642,-9.8656e-05,0.033043
1,-0.04,0,10.7,0.0021907,-9.8437e-05,0
0,-0.035,0,10,0,0,7.2236
0.3914,-0.035571,0,10.275,-0.79347,-0.0001613,4.3271
0.39979,-0.035609,0,10.488,-0.93317,-0.00018371,2.0184
0.43328,-0.035684,0,11.443,-0.64358,-0.00018923,-8.5822
0.44164,-0.035688,0,11.545,-0.46659,-0.00019009,-9.6133
0.45834,-0.03569,0,11.61,-0.13689,-0.00017395,-10.198
0.46668,-0.035688,0,11.595,0.0027687,-0.00016222,-9.9827
0.47503,-0.035686,0,11.557,0.12363,-0.00015126,-9.5431
0.48337,-0.035682,0,11.505,0.22632,-0.00014203,-8.9392
0.49171,-0.035678,0,11.44,0.31207,-0.00013457,-8.2153
0.5334,-0.035651,0,11.027,0.52986,-0.0001193,-3.656
0.54173,-0.03564,0,10.937,0.53559,-0.00011878,-2.6627
0.55007,-0.035619,0,10.846,0.52874,-0.00011934,-1.6717
0.5584,-0.035596,0,10.758,0.50855,-0.00012112,-0.70351
0.56673,-0.035569,0,10.675,0.47452,-0.00012401,0.21021
0.6,-0.035,0,10.47,0.24201,-0.0001476,2.4706
0.60833,-0.035,0,10.46,0.1838,-0.00015358,2.59
0.61667,-0.035,0,10.461,0.13414,-0.00015804,2.5673
0.625,-0.035,0,10.47,0.093928,-0.00016045,2.4664
0.63333,-0.035,0,10.482,0.062441,-0.00016128,2.3327
0.65833,-0.035,0,10.523,0.0083398,-0.00015969,1.8926
0.68333,-0.035,0,10.556,-0.010268,-0.00015505,1.5409
0.70833,-0.035,0,10.58,-0.014133,-0.00014945,1.2905
0.75,-0.035,0,10.606,-0.01084,-0.00014107,1.0119
0.76667,-0.035,0,10.614,-0.0088771,-0.00013843,0.92725
0.775,-0.035,0,10.617,-0.0079392,-0.0001372,0.88827
0.78333,-0.035,0,10.621,-0.0070535,-0.00013595,0.85098
0.8,-0.035,0,10.627,-0.0054722,-0.00013397,0.78021
0.80833,-0.035,0,10.63,-0.0047827,-0.00013323,0.74624
0.825,-0.035,0,10.636,-0.0036024,-0.00013192,0.6802
0.83333,-0.035,0,10.639,-0.0031061,-0.00013136,0.64784
0.85,-0.035,0,10.645,-0.0022813,-0.00013032,0.58389
0.875,-0.035,0,10.653,-0.0013986,-0.00012874,0.48876
0.9,-0.035,0,10.662,-0.0008394,-0.00012695,0.39334
0.91667,-0.035,0,10.668,-0.00059586,-0.00012562,0.32914
0.925,-0.035,0,10.67,-0.00050297,-0.00012494,0.29679
0.94167,-0.035,0,10.676,-0.00036071,-0.00012358,0.23152
0.95,-0.035,0,10.679,-0.00030687,-0.00012293,0.19858
0.96667,-0.035,0,10.685,-0.00022923,-0.00012174,0.13207
0.975,-0.035,0,10.688,-0.00020056,-0.00012119,0.098675
0.99167,-0.035,0,10.694,-0.00020133,-0.00012033,0.032957
1,-0.035,0,10.696,-0.00014463,-0.0001199,0
0,-0.03,0,10,0,0,7.2164
0.033255,-0.030002,0,10.005,0.0041487,-7.3982e-08,7.1725
0.074823,-0.030004,0,10.02,0.0075466,-1.4179e-07,7.0198
0.099764,-0.030005,0,10.032,0.008869,-1.9255e-07,6.901
0.39137,-0.030605,0,10.168,-0.90631,-0.00021469,5.3909
0.39976,-0.030652,0,10.421,-1.0947,-0.00024834,2.6619
0.55007,-0.03066,0,10.836,0.58648,-0.00015999,-1.6099
0.56674,-0.030605,0,10.648,0.52568,-0.00016008,0.46592
0.6,-0.03,0,10.431,0.25175,-0.00018601,2.8872
0.60833,-0.03,0,10.425,0.18508,-0.00019386,2.9533
0.61667,-0.03,0,10.432,0.12997,-0.00019951,2.8635
0.625,-0.03,0,10.447,0.086594,-0.00020196,2.6982
0.63333,-0.03,0,10.464,0.053492,-0.00020244,2.509
0.64167,-0.03,0,10.482,0.029114,-0.00020214,2.3154
0.65833,-0.03,0,10.516,-0.00010624,-0.0002,1.9566
0.68333,-0.03,0,10.553,-0.016693,-0.00019416,1.5574
0.70833,-0.03,0,10.578,-0.018988,-0.00018705,1.2892
0.75,-0.03,0,10.604,-0.014208,-0.00017621,1.0048
0.775,-0.03,0,10.614,-0.010855,-0.00017096,0.88202
0.78333,-0.03,0,10.618,-0.0098634,-0.00016923,0.84518
0.8,-0.03,0,10.623,-0.00812,-0.00016654,0.77538
0.80833,-0.03,0,10.626,-0.007369,-0.00016548,0.74189
0.825,-0.03,0,10.631,-0.0060945,-0.00016349,0.67676
0.83333,-0.03,0,10.634,-0.0055626,-0.00016259,0.64481
0.85,-0.03,0,10.639,-0.0046834,-0.00016088,0.58158
0.85833,-0.03,0,10.641,-0.0043257,-0.00016004,0.55014
0.875,-0.03,0,10.646,-0.0037488,-0.00015825,0.48729
0.9,-0.03,0,10.653,-0.0031599,-0.00015525,0.39248
0.91667,-0.03,0,10.658,-0.002904,-0.00015305,0.32855
0.925,-0.03,0,10.66,-0.0028065,-0.00015193,0.29631
0.94167,-0.03,0,10.664,-0.0026569,-0.00014973,0.23121
0.95,-0.03,0,10.667,-0.0025997,-0.00014867,0.19834
0.96667,-0.03,0,10.671,-0.0025139,-0.0001467,0.13197
0.975,-0.03,0,10.673,-0.0024741,-0.00014578,0.098656
0.99167,-0.03,0,10.678,-0.0024763,-0.00014428,0.032827
1,-0.03,0,10.679,-0.0023699,-0.00014348,0
0,-0.025,0,10,0,0,7.2102
0.074823,-0.025004,0,10.019,0.0064285,-1.4133e-07,7.0169
0.099764,-0.025005,0,10.031,0.0076372,-1.922e-07,6.8987
0.6,-0.025,0,10.377,0.26034,-0.0002415,3.3748
0.60833,-0.025,0,10.378,0.1839,-0.00025121,3.3651
0.61667,-0.025,0,10.394,0.12267,-0.00025809,3.1863
0.625,-0.025,0,10.416,0.076106,-0.00026006,2.9429
0.63333,-0.025,0,10.439,0.041558,-0.00025946,2.6897
0.64167,-0.025,0,10.462,0.017089,-0.00025809,2.4428
0.65833,-0.025,0,10.502,-0.009988,-0.0002539,2.0142
0.68333,-0.025,0,10.543,-0.023127,-0.00024508,1.5702
0.70833,-0.025,0,10.568,-0.023397,-0.00023489,1.2859
0.75,-0.025,0,10.591,-0.017179,-0.0002194,0.99695
0.775,-0.025,0,10.599,-0.013467,-0.00021157,0.87526
0.78333,-0.025,0,10.601,-0.012395,-0.00020901,0.83894
0.8,-0.025,0,10.604,-0.010526,-0.00020505,0.77023
0.80833,-0.025,0,10.606,-0.0097249,-0.00020335,0.73727
0.825,-0.025,0,10.609,-0.0083679,-0.00020004,0.67312
0.83333,-0.025,0,10.61,-0.0078011,-0.00019851,0.64161
0.85,-0.025,0,10.612,-0.0068603,-0.00019554,0.57915
0.85833,-0.025,0,10.613,-0.0064748,-0.00019404,0.54804
0.875,-0.025,0,10.614,-0.0058461,-0.00019091,0.48576
0.9,-0.025,0,10.616,-0.0051856,-0.00018572,0.39159
0.91667,-0.025,0,10.618,-0.0048842,-0.00018202,0.32796
0.925,-0.025,0,10.618,-0.0047644,-0.00018016,0.29585
0.94167,-0.025,0,10.619,-0.0045705,-0.0001765,0.23093
0.95,-0.025,0,10.619,-0.0044907,-0.00017473,0.19811
0.96667,-0.025,0,10.62,-0.004353,-0.00017139,0.13187
0.975,-0.025,0,10.62,-0.0042775,-0.00016982,0.098634
0.99167,-0.025,0,10.62,-0.0042208,-0.0001669,0.032618
1,-0.025,0,10.62,-0.0040866,-0.00016545,0
0,-0.02,0,10,0,0,7.2052
0.074823,-0.020004,0,10.019,0.0053251,-1.4121e-07,7.0144
0.61667,-0.02,0,10.339,0.11011,-0.0003376,3.5366
0.625,-0.02,0,10.37,0.061573,-0.00033719,3.1991
0.63333,-0.02,0,10.399,0.026658,-0.00033455,2.8744
0.64167,-0.02,0,10.426,0.0027406,-0.00033114,2.5668
0.65833,-0.02,0,10.469,-0.022057,-0.00032256,2.0607
0.68333,-0.02,0,10.508,-0.03125,-0.00030751,1.5745
0.70833,-0.02,0,10.525,-0.028595,-0.00029112,1.2783
0.75,-0.02,0,10.531,-0.019806,-0.00026609,0.98797
0.775,-0.02,0,10.527,-0.015324,-0.00025273,0.86813
0.8,-0.02,0,10.52,-0.011894,-0.00024134,0.76505
0.80833,-0.02,0,10.517,-0.01097,-0.00023808,0.73269
0.825,-0.02,0,10.511,-0.0094045,-0.00023158,0.6696
0.83333,-0.02,0,10.508,-0.0087486,-0.00022855,0.63855
0.85,-0.02,0,10.502,-0.0076524,-0.00022263,0.57689
0.85833,-0.02,0,10.498,-0.0071982,-0.00021965,0.54612
0.875,-0.02,0,10.491,-0.0064459,-0.0002135,0.48441
0.9,-0.02,0,10.481,-0.0056281,-0.00020371,0.39085
0.91667,-0.02,0,10.474,-0.0052377,-0.00019705,0.32751
0.925,-0.02,0,10.471,-0.0050781,-0.00019377,0.2955
0.94167,-0.02,0,10.464,-0.0048133,-0.00018738,0.23074
0.95,-0.02,0,10.461,-0.0047011,-0.00018431,0.19797
0.96667,-0.02,0,10.454,-0.004494,-0.00017849,0.13176
0.975,-0.02,0,10.451,-0.0043898,-0.00017592,0.098522
0.99167,-0.02,0,10.444,-0.0042105,-0.00016986,0.03252
1,-0.02,0,10.442,-0.0041955,-0.00016764,0
0,-0.015,0,10,0,0,7.2012
0.14965,-0.015007,0,10.057,0.0072168,-3.6042e-07,6.6329
0.625,-0.015,0,10.229,0.041337,-0.00038576,3.453
0.63333,-0.015,0,10.259,0.008977,-0.00037925,3.0514
0.64167,-0.015,0,10.283,-0.010953,-0.00037289,2.6836
0.65,-0.015,0,10.301,-0.022797,-0.0003651,2.3641
0.66667,-0.015,0,10.32,-0.033354,-0.00034713,1.8936
0.675,-0.015,0,10.323,-0.034658,-0.00033755,1.7195
0.70833,-0.015,0,10.308,-0.0293,-0.00029887,1.2672
0.775,-0.015,0,10.234,-0.013355,-0.00023528,0.85987
0.80833,-0.015,0,10.197,-0.0085436,-0.00021155,0.72739
0.85,-0.015,0,10.155,-0.0050402,-0.00018739,0.57407
0.88333,-0.015,0,10.128,-0.0035832,-0.00017027,0.45171
0.91667,-0.015,0,10.105,-0.0028756,-0.00015442,0.32649
0.95,-0.015,0,10.087,-0.0026295,-0.00014064,0.19726
1,-0.015,0,10.068,-0.0027739,-0.00012324,0
0,-0.01,0,10,0,0,7.1982
0.016627,-0.010001,0,10.001,0.00081961,-4.4383e-08,7.1889
0.033255,-0.010002,0,10.004,0.0015842,-7.2876e-08,7.1575
0.041568,-0.010002,0,10.006,0.0019344,-8.5973e-08,7.1348
0.074823,-0.010004,0,10.019,0.0031465,-1.4086e-07,7.0103
0.11639,-0.010006,0,10.039,0.0045425,-2.3516e-07,6.808
0.1247,-0.010006,0,10.043,0.0048535,-2.6089e-07,6.7643
0.15796,-0.010008,0,10.061,0.0063661,-4.0198e-07,6.5855
0.625,-0.0099997,0,9.5921,0.020772,-0.00021445,3.6967
0.63333,-0.0099999,0,9.6189,-0.012127,-0.00020783,3.1881
0.64167,-0.01,0,9.6343,-0.02761,-0.00020079,2.7504
0.65,-0.01,0,9.6401,-0.033594,-0.00019134,2.3983
0.65833,-0.01,0,9.6389,-0.035365,-0.0001802,2.1221
0.66667,-0.01,0,9.6333,-0.034927,-0.00016846,1.8995
0.675,-0.01,0,9.625,-0.033094,-0.00015683,1.7163
0.68333,-0.01,0,9.6149,-0.030487,-0.0001457,1.5656
0.70833,-0.01,0,9.5814,-0.021721,-0.00011736,1.2531
0.71667,-0.01,0,9.5705,-0.018997,-0.00010947,1.1794
0.725,-0.01,0,9.5601,-0.016475,-0.00010233,1.1157
0.75,-0.01,0,9.5334,-0.010278,-8.4948e-05,0.96562
0.76667,-0.01,0,9.5197,-0.0072434,-7.5995e-05,0.88659
0.775,-0.01,0,9.5141,-0.0060179,-7.2011e-05,0.85081
0.79167,-0.01,0,9.5051,-0.0040741,-6.5502e-05,0.78404
0.8,-0.01,0,9.5017,-0.0033259,-6.2961e-05,0.7523
0.80833,-0.01,0,9.4991,-0.0027066,-6.073e-05,0.72127
0.81667,-0.01,0,9.4971,-0.0022031,-5.8755e-05,0.69073
0.825,-0.01,0,9.4957,-0.001803,-5.6877e-05,0.6605
0.83333,-0.01,0,9.4949,-0.0014937,-5.5066e-05,0.63044
0.84167,-0.01,0,9.4947,-0.0012644,-5.3374e-05,0.60046
0.85,-0.01,0,9.495,-0.0011063,-5.1835e-05,0.57048
0.85833,-0.01,0,9.4958,-0.0010105,-5.0445e-05,0.54043
0.86667,-0.01,0,9.4971,-0.00096912,-4.9193e-05,0.51026
0.875,-0.01,0,9.4988,-0.00097509,-4.8084e-05,0.47993
0.88333,-0.01,0,9.5009,-0.0010221,-4.7115e-05,0.44941
0.89167,-0.01,0,9.5034,-0.0011046,-4.6276e-05,0.41868
0.9,-0.01,0,9.5062,-0.0012176,-4.5551e-05,0.38771
0.90833,-0.01,0,9.5094,-0.0013564,-4.4917e-05,0.3565
0.91667,-0.01,0,9.5129,-0.0015171,-4.4339e-05,0.32502
0.925,-0.01,0,9.5167,-0.0016962,-4.3803e-05,0.29328
0.93333,-0.01,0,9.5208,-0.00189,-4.329e-05,0.26125
0.94167,-0.01,0,9.5252,-0.0020963,-4.2766e-05,0.22893
0.95,-0.01,0,9.5297,-0.0023076,-4.2228e-05,0.19628
0.95833,-0.01,0,9.5346,-0.0025304,-4.1673e-05,0.16334
0.96667,-0.01,0,9.5396,-0.0027103,-4.1021e-05,0.12993
0.975,-0.01,0,9.5449,-0.0029576,-4.0547e-05,0.096527
0.98333,-0.01,0,9.55,-0.0027958,-3.9976e-05,0.061804
0.99167,-0.01,0,9.5566,-0.0031185,-3.9754e-05,0.032569
1,-0.01,0,9.5609,-0.0037879,-3.9999e-05,0
0,-0.005,0,10,0,0,7.1962
0.074823,-0.0050037,0,10.019,0.0020629,-1.4063e-07,7.0089
0.099763,-0.0050049,0,10.031,0.0027416,-1.9139e-07,6.8913
0.625,-0.0049992,0,7.8605,0.029184,0.00033299,3.9776
0.63333,-0.0049997,0,7.9595,-0.0031326,0.00031282,3.3322
0.64167,-0.0049999,0,8.0385,-0.019822,0.00029782,2.7929
0.65,-0.005,0,8.1005,-0.02653,0.00028667,2.4001
0.65833,-0.005,0,8.1512,-0.028682,0.00027735,2.1106
0.66667,-0.005,0,8.1953,-0.028675,0.00026852,1.881
0.68333,-0.005,0,8.272,-0.025597,0.0002509,1.5413
0.70833,-0.005,0,8.3698,-0.019518,0.00022455,1.2321
0.75,-0.005,0,8.5127,-0.012273,0.00018585,0.9526
0.775,-0.005,0,8.5915,-0.0099181,0.0001664,0.84152
0.8,-0.005,0,8.6665,-0.0086647,0.00014935,0.74577
0.825,-0.005,0,8.7378,-0.0081833,0.00013424,0.65598
0.83333,-0.005,0,8.7608,-0.0081473,0.00012977,0.62646
0.85,-0.005,0,8.8056,-0.008213,0.00012118,0.56739
0.875,-0.005,0,8.8701,-0.008561,0.00010855,0.47784
0.9,-0.005,0,8.9314,-0.0090945,9.6189e-05,0.38633
0.91667,-0.005,0,8.9706,-0.0095081,8.8488e-05,0.324
0.925,-0.005,0,8.9897,-0.0097252,8.4909e-05,0.2924
0.94167,-0.005,0,9.0271,-0.01017,7.841e-05,0.22828
0.95,-0.005,0,9.0453,-0.010393,7.5519e-05,0.19572
0.96667,-0.005,0,9.0809,-0.010813,7.0672e-05,0.1293
0.975,-0.005,0,9.0987,-0.011052,6.9217e-05,0.095838
0.99167,-0.005,0,9.1351,-0.011283,5.8866e-05,0.033101
1,-0.005,0,9.1481,-0.011793,5.6023e-05,0
0,0,0,10,0,0,7.1952
0.074823,-3.681e-06,0,10.019,0.00097773,-1.404e-07,7.0078
0.099763,-4.908e-06,0,10.031,0.0015107,-1.9127e-07,6.89
0.35766,-1.3976e-05,0,9.762,0.082318,-8.6748e-06,9.4338
0.36595,-1.4107e-05,0,9.595,0.093988,1.5283e-05,10.99
0.37425,-7.3401e-06,0,9.3184,0.10834,7.8333e-05,13.409
0.625,1.3574e-06,0,6.5424,-0.12772,0.0007747,4.0452
0.63333,4.0334e-07,0,6.8027,-0.11343,0.000705,3.3791
0.64167,1.0809e-07,0,7.0117,-0.10445,0.00064821,2.8011
0.65,2.5845e-08,0,7.1803,-0.096834,0.00060463,2.3873
0.65833,5.4829e-09,0,7.3204,-0.089826,0.00056918,2.0914
0.66667,1.0295e-09,0,7.4412,-0.083483,0.0005383,1.8598
0.68333,2.5097e-11,0,7.6432,-0.072472,0.00048621,1.5195
0.70833,3.7908e-14,0,7.88,-0.059376,0.00042479,1.2144
0.75,1.2156e-18,0,8.1747,-0.044643,0.00034936,0.94186
0.775,1.1565e-18,0,8.3154,-0.038859,0.00031498,0.83388
0.8,1.1565e-18,0,8.438,-0.034669,0.00028624,0.74044
0.825,5.7824e-19,0,8.5467,-0.031646,0.00026161,0.65232
0.83333,0,0,8.5804,-0.030841,0.00025417,0.62324
0.85,5.7824e-19,0,8.6444,-0.029473,0.00023987,0.56491
0.875,5.7824e-19,0,8.7332,-0.027914,0.00021945,0.47618
0.9,5.7824e-19,0,8.8145,-0.026799,0.0002004,0.38524
0.91667,8.6736e-19,0,8.8651,-0.026239,0.00018877,0.32318
0.925,5.7824e-19,0,8.8895,-0.026003,0.00018335,0.2917
0.94167,1.0119e-18,0,8.9364,-0.025608,0.00017334,0.22778
0.95,0,0,8.959,-0.025444,0.00016875,0.19529
0.96667,9.3964e-19,0,9.0028,-0.025177,0.00016066,0.12894
0.975,0,0,9.0244,-0.025062,0.00015789,0.095503
0.99167,9.3964e-19,0,9.0683,-0.024922,0.00014272,0.033214
1,0,0,9.0839,-0.024792,0.00013887,0
0,0.005,0,10,0,0,7.1951
0.074823,0.0049963,0,10.019,-0.00011297,-1.4028e-07,7.007
0.099763,0.0049951,0,10.031,0.00027116,-1.9127e-07,6.8888
0.35767,0.004987,0,9.7799,0.16325,2.3022e-06,9.2575
0.36597,0.0049984,0,9.6237,0.22079,4.1637e-05,10.712
0.37426,0.00506,0,9.3738,0.32472,0.00015588,12.906
0.625,0.0050006,0,7.7205,-0.37487,0.00052686,3.6996
0.63333,0.0050002,0,7.9583,-0.30025,0.00045704,3.17
0.64167,0.0050001,0,8.1421,-0.25011,0.00040382,2.674
0.65,0.005,0,8.2847,-0.21478,0.00037041,2.2949
0.65833,0.005,0,8.397,-0.18779,0.0003492,2.018
0.66667,0.005,0,8.4884,-0.16634,0.00033433,1.8008
0.68333,0.005,0,8.6292,-0.13457,0.00031524,1.4791
0.70833,0.005,0,8.7744,-0.10327,0.00029938,1.1888
0.75,0.005,0,8.9301,-0.073384,0.0002814,0.92868
0.775,0.005,0,8.9985,-0.06269,0.00027183,0.82484
0.8,0.005,0,9.0574,-0.055134,0.0002624,0.7342
0.825,0.005,0,9.1103,-0.049682,0.00025234,0.64799
0.83333,0.005,0,9.127,-0.048209,0.00024894,0.61941
0.85,0.005,0,9.1593,-0.045665,0.00024194,0.56191
0.875,0.005,0,9.2054,-0.042646,0.00023077,0.47413
0.9,0.005,0,9.2494,-0.040335,0.0002192,0.38385
0.91667,0.005,0,9.2777,-0.039088,0.00021164,0.32213
0.925,0.005,0,9.2916,-0.038537,0.00020799,0.2908
0.94167,0.005,0,9.3189,-0.037558,0.00020101,0.22714
0.95,0.005,0,9.3323,-0.037128,0.0001977,0.19477
0.96667,0.005,0,9.3588,-0.036395,0.00019145,0.12874
0.975,0.005,0,9.372,-0.036043,0.00018847,0.095455
0.99167,0.005,0,9.3994,-0.035658,0.00018221,0.032735
1,0.005,0,9.4092,-0.035046,0.00018051,0
0,0.01,0,10,0,0,7.1961
0.074823,0.0099963,0,10.019,-0.0012132,-1.4005e-07,7.0067
0.099763,0.0099951,0,10.031,-0.00097995,-1.9104e-07,6.8879
0.35768,0.0099985,0,9.8189,0.23679,1.1799e-05,8.8836
0.36598,0.010055,0,9.6896,0.33233,5.432e-05,10.086
0.37429,0.010175,0,9.5029,0.50058,0.00017308,11.753
0.625,0.01,0,9.5917,-0.46077,3.0364e-05,3.0986
0.63333,0.01,0,9.6763,-0.36641,2.1311e-05,2.7482
0.64167,0.01,0,9.7424,-0.29919,2.1105e-05,2.391
0.65,0.01,0,9.7923,-0.25085,2.9255e-05,2.0891
0.65833,0.01,0,9.8288,-0.21425,4.0349e-05,1.8569
0.66667,0.01,0,9.8556,-0.18556,5.1329e-05,1.6724
0.68333,0.01,0,9.8897,-0.14436,7.1257e-05,1.3954
0.70833,0.01,0,9.9109,-0.10622,9.6125e-05,1.1401
0.75,0.01,0,9.9121,-0.07297,0.00012674,0.90699
0.775,0.01,0,9.906,-0.062075,0.00014141,0.81114
0.8,0.01,0,9.8995,-0.054804,0.00015391,0.72551
0.80833,0.01,0,9.8975,-0.052938,0.0001573,0.69778
0.825,0.01,0,9.894,-0.049826,0.00016319,0.64245
0.83333,0.01,0,9.8926,-0.048526,0.00016576,0.61464
0.85,0.01,0,9.8904,-0.04633,0.00017004,0.55838
0.875,0.01,0,9.889,-0.043807,0.00017407,0.47191
0.9,0.01,0,9.8898,-0.041934,0.00017531,0.38249
0.91667,0.01,0,9.8915,-0.040944,0.00017493,0.32118
0.925,0.01,0,9.8926,-0.04051,0.00017448,0.29001
0.94167,0.01,0,9.8957,-0.039747,0.00017322,0.22665
0.95,0.01,0,9.8975,-0.039416,0.00017245,0.19443
0.96667,0.01,0,9.9017,-0.038874,0.0001705,0.12885
0.975,0.01,0,9.9042,-0.038622,0.00016876,0.095806
0.99167,0.01,0,9.9097,-0.038407,0.00017191,0.032178
1,0.01,0,9.9119,-0.037865,0.00017264,0
0,0.015,0,10,0,0,7.198
0.074823,0.014996,0,10.019,-0.0023269,-1.3993e-07,7.0068
0.099763,0.014995,0,10.031,-0.0022454,-1.908e-07,6.8872
0.36602,0.015157,0,9.7796,0.41786,5.275e-05,9.229
0.37434,0.015248,0,9.6622,0.61442,0.00013382,10.286
0.625,0.015,0,10.312,-0.47663,-0.00015834,2.4166
0.63333,0.015,0,10.34,-0.38179,-0.00012704,2.2325
0.64167,0.015,0,10.366,-0.311,-9.7386e-05,2.0205
0.65,0.015,0,10.387,-0.25881,-7.1135e-05,1.8181
0.65833,0.015,0,10.404,-0.21914,-4.9347e-05,1.6474
0.68333,0.015,0,10.433,-0.14333,-4.634e-06,1.2882
0.70833,0.015,0,10.44,-0.1023,2.3741e-05,1.0788
0.75,0.015,0,10.431,-0.06723,5.5884e-05,0.87969
0.775,0.015,0,10.421,-0.056091,7.1701e-05,0.79373
0.8,0.015,0,10.409,-0.048892,8.6158e-05,0.7143
0.80833,0.015,0,10.405,-0.047094,9.0485e-05,0.68808
0.825,0.015,0,10.397,-0.044167,9.8616e-05,0.63521
0.83333,0.015,0,10.393,-0.04298,0.00010245,0.60839
0.85,0.015,0,10.386,-0.041038,0.0001095,0.55375
0.875,0.015,0,10.375,-0.038947,0.00011814,0.46898
0.9,0.015,0,10.366,-0.037538,0.00012421,0.3807
0.91667,0.015,0,10.36,-0.036862,0.00012696,0.31993
0.925,0.015,0,10.358,-0.036586,0.00012802,0.28899
0.94167,0.015,0,10.353,-0.036136,0.00012967,0.22603
0.95,0.015,0,10.351,-0.03596,0.00013029,0.19401
0.96667,0.015,0,10.347,-0.035713,0.00013105,0.12895
0.975,0.015,0,10.345,-0.035631,0.00013094,0.096195
0.99167,0.015,0,10.342,-0.035612,0.00013496,0.031941
1,0.015,0,10.34,-0.035414,0.00013605,0
0,0.02,0,10,0,0,7.201
0.074823,0.019996,0,10.019,-0.003458,-1.397e-07,7.0072
0.09145,0.019995,0,10.027,-0.0035601,-1.7218e-07,6.9285
0.11639,0.019994,0,10.04,-0.0033,-2.3434e-07,6.7993
0.36606,0.020212,0,9.8797,0.47327,4.4928e-05,8.2702
0.37439,0.020305,0,9.821,0.67245,0.0001025,8.7723
0.38278,0.020462,0,9.798,0.98298,0.00021827,8.8902
0.61667,0.02,0,10.51,-0.58595,-0.00016708,1.6331
0.625,0.02,0,10.499,-0.47417,-0.00013015,1.7711
0.63333,0.02,0,10.504,-0.38555,-9.8844e-05,1.7263
0.64167,0.02,0,10.514,-0.31683,-7.2313e-05,1.6378
0.65833,0.02,0,10.536,-0.22371,-3.255e-05,1.4244
0.68333,0.02,0,10.56,-0.14455,3.6187e-06,1.1712
0.70833,0.02,0,10.573,-0.10123,2.5207e-05,1.0114
0.75,0.02,0,10.58,-0.064474,4.7214e-05,0.84946
0.775,0.02,0,10.582,-0.052947,5.7305e-05,0.77432
0.8,0.02,0,10.582,-0.045559,6.6533e-05,0.70159
0.80833,0.02,0,10.582,-0.043724,6.9399e-05,0.677
0.825,0.02,0,10.581,-0.04075,7.488e-05,0.62676
0.83333,0.02,0,10.581,-0.039548,7.749e-05,0.60101
0.85,0.02,0,10.581,-0.037591,8.2344e-05,0.5481
0.85833,0.02,0,10.58,-0.036797,8.4546e-05,0.52093
0.875,0.02,0,10.58,-0.035503,8.8461e-05,0.46517
0.9,0.02,0,10.579,-0.034125,9.3037e-05,0.37814
0.91667,0.02,0,10.579,-0.033484,9.5305e-05,0.31799
0.925,0.02,0,10.578,-0.033229,9.6252e-05,0.28732
0.94167,0.02,0,10.578,-0.032831,9.7862e-05,0.22482
0.95,0.02,0,10.578,-0.032683,9.8559e-05,0.19303
0.96667,0.02,0,10.577,-0.032489,9.9711e-05,0.12847
0.975,0.02,0,10.577,-0.032448,0.00010014,0.095968
0.99167,0.02,0,10.577,-0.032405,0.0001026,0.031748
1,0.02,0,10.577,-0.032424,0.00010313,0
0,0.025,0,10,0,0,7.205
0.074823,0.024996,0,10.02,-0.0046105,-1.3947e-07,7.0081
0.099764,0.024995,0,10.032,-0.0048301,-1.9034e-07,6.8864
0.38285,0.025486,0,10.003,0.95421,0.00014565,6.9125
0.60833,0.025,0,10.67,-0.67254,-0.00011084,0.10518
0.61667,0.025,0,10.606,-0.55975,-7.9586e-05,0.88953
0.625,0.025,0,10.579,-0.46136,-5.2221e-05,1.1751
0.63333,0.025,0,10.571,-0.38086,-2.994e-05,1.2518
0.64167,0.025,0,10.571,-0.31633,-1.1677e-05,1.2654
0.65833,0.025,0,10.579,-0.22477,1.5669e-05,1.1957
0.68333,0.025,0,10.594,-0.14453,3.9385e-05,1.0492
0.70833,0.025,0,10.604,-0.10023,5.1958e-05,0.94157
0.75,0.025,0,10.614,-0.062896,6.2979e-05,0.81894
0.775,0.025,0,10.619,-0.051305,6.7629e-05,0.755
0.78333,0.025,0,10.62,-0.048474,6.9024e-05,0.73344
0.8,0.025,0,10.623,-0.043918,7.181e-05,0.6891
0.80833,0.025,0,10.625,-0.042089,7.3147e-05,0.66617
0.825,0.025,0,10.628,-0.039126,7.5674e-05,0.61856
0.83333,0.025,0,10.629,-0.037929,7.685e-05,0.59386
0.85,0.025,0,10.633,-0.035978,7.8966e-05,0.54264
0.85833,0.025,0,10.634,-0.035185,7.9883e-05,0.51615
0.875,0.025,0,10.638,-0.033891,8.1409e-05,0.4615
0.9,0.025,0,10.643,-0.032504,8.2934e-05,0.37567
0.91667,0.025,0,10.646,-0.031854,8.3529e-05,0.3161
0.925,0.025,0,10.648,-0.031593,8.3738e-05,0.28568
0.94167,0.025,0,10.652,-0.031184,8.4047e-05,0.22363
0.95,0.025,0,10.654,-0.03103,8.417e-05,0.19204
0.96667,0.025,0,10.657,-0.030812,8.4369e-05,0.12787
0.975,0.025,0,10.659,-0.030755,8.4476e-05,0.095551
0.99167,0.025,0,10.663,-0.030661,8.533e-05,0.031726
1,0.025,0,10.664,-0.030722,8.5375e-05,0
0,0.03,0,10,0,0,7.2102
0.033255,0.029998,0,10.005,-0.0034833,-7.177e-08,7.1655
0.56674,0.03066,0,11.349,-0.78159,-0.00010487,-7.4955
0.57508,0.030637,0,11.228,-0.7968,-9.4845e-05,-6.1456
0.60833,0.03,0,10.739,-0.62281,-3.2696e-05,-0.53509
0.61667,0.03,0,10.673,-0.52874,-1.147e-05,0.2514
0.625,0.03,0,10.637,-0.44286,6.8825e-06,0.63852
0.64167,0.03,0,10.611,-0.31113,3.2675e-05,0.91433
0.78333,0.03,0,10.631,-0.047004,7.4705e-05,0.71678
0.79167,0.03,0,10.632,-0.044591,7.5166e-05,0.69712
0.80833,0.03,0,10.636,-0.040717,7.613e-05,0.6554
0.95,0.03,0,10.675,-0.030036,7.7234e-05,0.19114
1,0.03,0,10.69,-0.029707,7.6295e-05,0
0,0.035,0,10,0,0,7.2165
0.074823,0.034996,0,10.021,-0.0069943,-1.3912e-07,7.0109
0.16627,0.034992,0,10.071,-0.0054996,-4.482e-07,6.5088
0.40818,0.035649,0,11.021,1.2528,9.8837e-05,-4.1866
0.41654,0.035667,0,11.351,1.2132,8.1856e-05,-8.0158
0.4917,0.035702,0,12.092,-0.19438,-4.8611e-05,-15.9
0.52505,0.035685,0,11.818,-0.52076,-5.4669e-05,-12.718
0.55007,0.03566,0,11.548,-0.66035,-5.0962e-05,-9.6421
0.5584,0.035642,0,11.447,-0.69092,-4.7992e-05,-8.5103
0.56674,0.035622,0,11.341,-0.71244,-4.3289e-05,-7.3179
0.57507,0.035602,0,11.229,-0.72226,-3.5692e-05,-6.0591
0.60833,0.035,0,10.79,-0.57273,8.6001e-06,-1.0583
0.61667,0.035,0,10.724,-0.49458,2.1994e-05,-0.28851
0.625,0.035,0,10.683,-0.4206,3.3526e-05,0.1652
0.76667,0.035,0,10.631,-0.051356,7.2022e-05,0.73158
0.78333,0.035,0,10.634,-0.045428,7.2061e-05,0.70047
0.80833,0.035,0,10.639,-0.039342,7.2435e-05,0.645
0.95,0.035,0,10.68,-0.029238,6.987e-05,0.19034
1,0.035,0,10.698,-0.028924,6.8195e-05,0
0,0.04,0,10,0,0,7.2241
0.074823,0.039996,0,10.021,-0.0082336,-1.39e-07,7.0128
0.16627,0.039992,0,10.072,-0.0070663,-4.4913e-07,6.505
0.41656,0.040618,0,11.309,1.0485,5.8402e-05,-7.3233
0.46667,0.040653,0,12.082,0.1917,-4.8006e-06,-15.846
0.47501,0.040652,0,12.084,0.058445,-1.0763e-05,-15.826
0.52505,0.040632,0,11.783,-0.47116,-2.0566e-05,-12.292
0.55006,0.040615,0,11.527,-0.60047,-1.8178e-05,-9.3832
0.5584,0.040605,0,11.432,-0.6273,-1.6287e-05,-8.3079
0.56673,0.040587,0,11.332,-0.64499,-1.3229e-05,-7.182
0.57507,0.04057,0,11.228,-0.65169,-8.533e-06,-6.0067
0.60833,0.04,0,10.83,-0.52371,2.0725e-05,-1.4863
0.61667,0.04,0,10.765,-0.45884,2.9258e-05,-0.74129
0.625,0.04,0,10.72,-0.39556,3.6729e-05,-0.24661
0.75833,0.04,0,10.632,-0.053136,6.1811e-05,0.7199
0.80833,0.04,0,10.64,-0.037909,6.241e-05,0.63502
0.95,0.04,0,10.682,-0.028476,6.0506e-05,0.18965
1,0.04,0,10.7,-0.028216,5.8977e-05,0
0,0.045,0,10,0,0,7.2331
0.38309,0.045459,0,10.467,0.67683,3.2757e-05,2.3282
0.39148,0.045503,0,10.614,0.79416,4.1905e-05,0.71907
0.41657,0.045568,0,11.278,0.90704,4.0575e-05,-6.8066
0.45832,0.045598,0,11.97,0.31055,4.3619e-06,-14.549
0.46667,0.045599,0,12.002,0.18085,8.6031e-07,-14.893
0.47501,0.045598,0,12.011,0.061192,-2.2426e-06,-14.963
0.49169,0.045594,0,11.972,-0.14307,-5.7586e-06,-14.477
0.52505,0.045579,0,11.75,-0.42415,-6.1812e-06,-11.898
0.55006,0.045564,0,11.509,-0.54357,-5.3025e-06,-9.1512
0.55839,0.045558,0,11.419,-0.56749,-4.2459e-06,-8.1317
0.56673,0.045552,0,11.325,-0.58262,-2.4047e-06,-7.069
0.57507,0.04554,0,11.228,-0.5875,5.0594e-07,-5.9708
0.61667,0.045,0,10.8,-0.42329,2.5722e-05,-1.1246
0.75833,0.045,0,10.635,-0.050891,4.9284e-05,0.69532
0.76667,0.045,0,10.635,-0.047397,4.949e-05,0.68909
0.78333,0.045,0,10.637,-0.041911,4.9796e-05,0.66956
0.8,0.045,0,10.64,-0.037933,5.0249e-05,0.64195
0.80833,0.045,0,10.641,-0.03637,5.0496e-05,0.62556
0.825,0.045,0,10.645,-0.033888,5.0979e-05,0.5883
0.90833,0.045,0,10.669,-0.028457,5.1365e-05,0.33889
0.95,0.045,0,10.683,-0.027715,5.038e-05,0.18908
1,0.045,0,10.7,-0.027529,4.9338e-05,0
0,0.05,0,10,0,0,7.2436
0.041569,0.049998,0,10.008,-0.0078756,-8.4226e-08,7.1613
0.06651,0.049997,0,10.019,-0.010309,-1.241e-07,7.0573
0.074824,0.049996,0,10.023,-0.010822,-1.3865e-07,7.0176
0.091452,0.049996,0,10.031,-0.011511,-1.7148e-07,6.933
0.099766,0.049995,0,10.036,-0.011713,-1.9034e-07,6.8885
0.11639,0.049994,0,10.045,-0.01187,-2.3446e-07,6.796
0.12471,0.049994,0,10.05,-0.011831,-2.6089e-07,6.7483
0.14965,0.049993,0,10.064,-0.011225,-3.6112e-07,6.6003
0.35801,0.050314,0,10.302,0.3359,5.9528e-06,4.1571
0.36634,0.050323,0,10.354,0.41621,1.0531e-05,3.6062
0.38314,0.050434,0,10.531,0.60473,2.3055e-05,1.6916
0.3915,0.050461,0,10.67,0.69701,2.8981e-05,0.17532
0.41658,0.050517,0,11.254,0.78279,2.8002e-05,-6.4086
0.42493,0.050526,0,11.447,0.72166,2.1613e-05,-8.6111
0.44998,0.050542,0,11.833,0.40031,5.0176e-06,-12.947
0.45832,0.050544,0,11.896,0.28186,2.0883e-06,-13.652
0.46667,0.050544,0,11.933,0.16804,-3.0268e-09,-14.055
0.47501,0.050544,0,11.947,0.06193,-1.5892e-06,-14.198
0.49169,0.05054,0,11.92,-0.12246,-2.9542e-06,-13.861
0.52504,0.050527,0,11.72,-0.38072,-2.0824e-06,-11.535
0.55839,0.050508,0,11.409,-0.51129,-5.6112e-08,-7.9778
0.56672,0.050502,0,11.32,-0.52427,1.3548e-06,-6.9756
0.57506,0.050497,0,11.229,-0.52782,3.4696e-06,-5.948
0.5834,0.050492,0,11.138,-0.52058,6.3139e-06,-4.914
0.63333,0.05,0,10.748,-0.29788,2.7645e-05,-0.52925
0.65,0.05,0,10.701,-0.223,3.1773e-05,-0.017537
0.65833,0.05,0,10.686,-0.19261,3.3226e-05,0.15301
0.675,0.05,0,10.665,-0.1446,3.5189e-05,0.37966
0.68333,0.05,0,10.658,-0.126,3.583e-05,0.45557
0.7,0.05,0,10.648,-0.097181,3.673e-05,0.56098
0.70833,0.05,0,10.645,-0.086135,3.7058e-05,0.59651
0.725,0.05,0,10.64,-0.069067,3.7583e-05,0.64348
0.74167,0.05,0,10.638,-0.057,3.8036e-05,0.66653
0.75,0.05,0,10.638,-0.052352,3.8261e-05,0.67112
0.75833,0.05,0,10.638,-0.04843,3.8494e-05,0.67187
0.76667,0.05,0,10.638,-0.045115,3.8739e-05,0.66923
0.775,0.05,0,10.639,-0.042311,3.8951e-05,0.66359
0.78333,0.05,0,10.639,-0.039935,3.9164e-05,0.65525
0.79167,0.05,0,10.64,-0.037919,3.943e-05,0.6445
0.8,0.05,0,10.642,-0.036206,3.9716e-05,0.63159
0.80833,0.05,0,10.643,-0.034749,4.0011e-05,0.61672
0.81667,0.05,0,10.645,-0.033509,4.0306e-05,0.60009
0.825,0.05,0,10.646,-0.032452,4.0592e-05,0.58185
0.83333,0.05,0,10.648,-0.03155,4.0862e-05,0.56217
0.84167,0.05,0,10.65,-0.030781,4.1109e-05,0.54116
0.85,0.05,0,10.652,-0.030123,4.1323e-05,0.51895
0.85833,0.05,0,10.655,-0.029562,4.15e-05,0.49564
0.86667,0.05,0,10.657,-0.029082,4.1638e-05,0.47133
0.875,0.05,0,10.659,-0.028673,4.1733e-05,0.44611
0.88333,0.05,0,10.662,-0.028324,4.1788e-05,0.42006
0.89167,0.05,0,10.664,-0.028026,4.1806e-05,0.39324
0.9,0.05,0,10.667,-0.027774,4.1789e-05,0.36572
0.90833,0.05,0,10.67,-0.027561,4.1741e-05,0.33755
0.91667,0.05,0,10.672,-0.027383,4.167e-05,0.30879
0.925,0.05,0,10.675,-0.027236,4.1576e-05,0.27948
0.93333,0.05,0,10.678,-0.027116,4.1469e-05,0.24966
0.94167,0.05,0,10.681,-0.027021,4.1354e-05,0.21937
0.95,0.05,0,10.684,-0.02695,4.1232e-05,0.18864
0.95833,0.05,0,10.686,-0.0269,4.111e-05,0.15751
0.96667,0.05,0,10.689,-0.026869,4.0996e-05,0.12593
0.975,0.05,0,10.693,-0.026854,4.0894e-05,0.094178
0.98333,0.05,0,10.695,-0.02685,4.0821e-05,0.061534
0.99167,0.05,0,10.699,-0.026851,4.0741e-05,0.031575
1,0.05,0,10.701,-0.026853,4.0685e-05,0
0,0.055,0,10,0,0,7.2559
0.041569,0.054998,0,10.009,-0.0089576,-8.411e-08,7.168
0.066511,0.054997,0,10.02,-0.011626,-1.2363e-07,7.061
0.074824,0.054996,0,10.024,-0.012186,-1.383e-07,7.0205
0.091452,0.054995,0,10.032,-0.01294,-1.7136e-07,6.9346
0.099766,0.054995,0,10.037,-0.013166,-1.9022e-07,6.8895
0.11639,0.054994,0,10.046,-0.013363,-2.3458e-07,6.7961
0.12471,0.054994,0,10.051,-0.013342,-2.61e-07,6.748
0.17459,0.054991,0,10.081,-0.011404,-5.0711e-07,6.4418
0.36637,0.055299,0,10.402,0.37826,7.6771e-06,3.126
0.38316,0.055396,0,10.583,0.5345,1.6145e-05,1.182
0.39152,0.055418,0,10.714,0.60759,1.9989e-05,-0.24851
0.40824,0.055454,0,11.051,0.68635,2.1965e-05,-4.0074
0.44998,0.055488,0,11.769,0.35432,2.3187e-06,-12.154
0.45832,0.055489,0,11.833,0.25231,1.4191e-07,-12.877
0.46667,0.05549,0,11.873,0.15307,-1.2703e-06,-13.321
0.47501,0.055489,0,11.892,0.059372,-2.1588e-06,-13.519
0.52504,0.055474,0,11.694,-0.33996,-5.2247e-07,-11.204
0.55838,0.055457,0,11.4,-0.4581,2.0475e-06,-7.8435
0.56672,0.055452,0,11.317,-0.46938,3.2636e-06,-6.8973
0.57505,0.055449,0,11.232,-0.47215,4.936e-06,-5.9329
0.58339,0.055443,0,11.146,-0.46554,7.0781e-06,-4.969
0.63333,0.055,0,10.773,-0.27497,2.2342e-05,-0.77988
0.65,0.055,0,10.721,-0.20811,2.5169e-05,-0.21474
0.65833,0.055,0,10.703,-0.18047,2.6134e-05,-0.017712
0.675,0.055,0,10.678,-0.13612,2.7419e-05,0.25573
0.68333,0.055,0,10.669,-0.11874,2.7837e-05,0.35082
0.7,0.055,0,10.656,-0.091671,2.8449e-05,0.48679
0.725,0.055,0,10.646,-0.065148,2.9129e-05,0.59948
0.73333,0.055,0,10.644,-0.058971,2.9345e-05,0.62054
0.74167,0.055,0,10.642,-0.053778,2.9567e-05,0.63539
0.75,0.055,0,10.642,-0.049412,2.98e-05,0.64488
0.75833,0.055,0,10.641,-0.045736,3.0046e-05,0.64974
0.76667,0.055,0,10.641,-0.042638,3.0306e-05,0.65055
0.775,0.055,0,10.641,-0.040026,3.0546e-05,0.64779
0.78333,0.055,0,10.642,-0.037821,3.0794e-05,0.64188
0.79167,0.055,0,10.643,-0.035957,3.1088e-05,0.63317
0.8,0.055,0,10.644,-0.03438,3.1397e-05,0.62198
0.80833,0.055,0,10.645,-0.033046,3.1718e-05,0.60856
0.81667,0.055,0,10.647,-0.031915,3.2037e-05,0.59316
0.825,0.055,0,10.648,-0.030956,3.2349e-05,0.57596
0.83333,0.055,0,10.65,-0.030142,3.2648e-05,0.55716
0.84167,0.055,0,10.652,-0.029452,3.2926e-05,0.5369
0.85833,0.055,0,10.656,-0.02837,3.3395e-05,0.49256
0.86667,0.055,0,10.658,-0.027948,3.3579e-05,0.46872
0.875,0.055,0,10.661,-0.027592,3.3726e-05,0.44389
0.88333,0.055,0,10.663,-0.02729,3.3836e-05,0.41818
0.89167,0.055,0,10.666,-0.027036,3.3914e-05,0.39165
0.9,0.055,0,10.668,-0.026823,3.3959e-05,0.36439
0.90833,0.055,0,10.671,-0.026646,3.3975e-05,0.33644
0.91667,0.055,0,10.674,-0.026501,3.3969e-05,0.30788
0.925,0.055,0,10.677,-0.026383,3.3941e-05,0.27874
0.93333,0.055,0,10.679,-0.02629,3.3901e-05,0.24909
0.94167,0.055,0,10.682,-0.02622,3.385e-05,0.21894
0.95,0.055,0,10.685,-0.026171,3.3791e-05,0.18835
0.95833,0.055,0,10.688,-0.026142,3.373e-05,0.15734
0.96667,0.055,0,10.691,-0.026132,3.3671e-05,0.12587
0.975,0.055,0,10.694,-0.026137,3.3623e-05,0.094207
0.98333,0.055,0,10.697,-0.026152,3.3589e-05,0.061609
0.99167,0.055,0,10.7,-0.026169,3.3571e-05,0.031643
1,0.055,0,10.703,-0.026176,3.3565e-05,0
0,0.06,0,10,0,0,7.2701
0.033255,0.059998,0,10.007,-0.0087236,-7.1013e-08,7.2066
0.041569,0.059998,0,10.01,-0.010118,-8.3994e-08,7.1753
0.066511,0.059997,0,10.021,-0.01298,-1.234e-07,7.0649
0.074825,0.059996,0,10.025,-0.013592,-1.3772e-07,7.0235
0.091453,0.059996,0,10.033,-0.014453,-1.709e-07,6.9362
0.099767,0.059995,0,10.038,-0.014729,-1.8976e-07,6.8906
0.12471,0.059994,0,10.052,-0.015034,-2.61e-07,6.7475
0.14965,0.059993,0,10.067,-0.014601,-3.6228e-07,6.5964
0.17459,0.059992,0,10.083,-0.013311,-5.0839e-07,6.4378
0.35806,0.060274,0,10.382,0.27844,3.1074e-06,3.3685
0.38319,0.060358,0,10.626,0.46694,1.1169e-05,0.76934
0.39154,0.060373,0,10.749,0.52503,1.3639e-05,-0.58178
0.40825,0.060404,0,11.055,0.58561,1.4681e-05,-3.9836
0.4166,0.060414,0,11.219,0.57396,1.2597e-05,-5.8454
0.42495,0.060422,0,11.375,0.53384,9.391e-06,-7.6205
0.44998,0.060433,0,11.715,0.30958,3.5355e-07,-11.481
0.45832,0.060435,0,11.779,0.22226,-1.2801e-06,-12.21
0.46667,0.060435,0,11.821,0.13632,-2.2608e-06,-12.682
0.47501,0.060435,0,11.843,0.054371,-2.7431e-06,-12.921
0.49169,0.060432,0,11.834,-0.091612,-2.5072e-06,-12.808
0.52503,0.060421,0,11.671,-0.30175,1.4389e-07,-10.906
0.55838,0.060406,0,11.393,-0.40782,3.1837e-06,-7.7259
0.56671,0.060403,0,11.314,-0.41768,4.2836e-06,-6.8306
0.57505,0.060399,0,11.234,-0.41997,5.6711e-06,-5.922
0.58338,0.060394,0,11.154,-0.41413,7.3521e-06,-5.0183
0.63333,0.06,0,10.795,-0.25146,1.829e-05,-1.0002
0.65,0.06,0,10.739,-0.19211,2.0125e-05,-0.39236
0.65833,0.06,0,10.719,-0.16719,2.0715e-05,-0.17318
0.675,0.06,0,10.69,-0.12667,2.1473e-05,0.14086
0.68333,0.06,0,10.68,-0.11063,2.1716e-05,0.25327
0.7,0.06,0,10.665,-0.085519,2.2099e-05,0.41731
0.70833,0.06,0,10.659,-0.075828,2.2274e-05,0.47575
0.725,0.06,0,10.651,-0.060837,2.2637e-05,0.55827
0.73333,0.06,0,10.649,-0.055095,2.2839e-05,0.58594
0.74167,0.06,0,10.647,-0.050277,2.3056e-05,0.60633
0.75,0.06,0,10.646,-0.046234,2.3293e-05,0.62047
0.75833,0.06,0,10.645,-0.042841,2.3548e-05,0.62922
0.76667,0.06,0,10.645,-0.039993,2.3819e-05,0.63328
0.775,0.06,0,10.645,-0.0376,2.4076e-05,0.63325
0.78333,0.06,0,10.645,-0.035589,2.4346e-05,0.62962
0.79167,0.06,0,10.646,-0.033898,2.4659e-05,0.62284
0.8,0.06,0,10.647,-0.032476,2.4986e-05,0.61325
0.80833,0.06,0,10.648,-0.031279,2.5322e-05,0.60119
0.81667,0.06,0,10.649,-0.030271,2.5659e-05,0.58693
0.825,0.06,0,10.651,-0.029423,2.5986e-05,0.57069
0.83333,0.06,0,10.653,-0.02871,2.6304e-05,0.5527
0.84167,0.06,0,10.654,-0.028109,2.6604e-05,0.53312
0.85,0.06,0,10.656,-0.027604,2.6879e-05,0.51213
0.85833,0.06,0,10.659,-0.02718,2.7125e-05,0.48986
0.86667,0.06,0,10.661,-0.026824,2.7341e-05,0.46644
0.875,0.06,0,10.663,-0.026526,2.7526e-05,0.44197
0.88333,0.06,0,10.666,-0.026277,2.7676e-05,0.41657
0.89167,0.06,0,10.668,-0.026071,2.7795e-05,0.39031
0.9,0.06,0,10.671,-0.025901,2.7884e-05,0.36327
0.90833,0.06,0,10.673,-0.025762,2.7946e-05,0.33553
0.91667,0.06,0,10.676,-0.025651,2.7987e-05,0.30714
0.925,0.06,0,10.679,-0.025564,2.8009e-05,0.27816
0.93333,0.06,0,10.682,-0.025499,2.8016e-05,0.24865
0.94167,0.06,0,10.685,-0.025454,2.8011e-05,0.21864
0.95,0.06,0,10.687,-0.025428,2.7999e-05,0.18817
0.95833,0.06,0,10.69,-0.02542,2.7983e-05,0.15728
0.96667,0.06,0,10.693,-0.025431,2.7962e-05,0.12592
0.975,0.06,0,10.696,-0.025456,2.795e-05,0.094342
0.98333,0.06,0,10.699,-0.025495,2.7952e-05,0.061792
0.99167,0.06,0,10.703,-0.025528,2.7974e-05,0.031765
1,0.06,0,10.705,-0.025535,2.799e-05,0
0,0.065,0,10,0,0,7.2866
0.074825,0.064996,0,10.026,-0.014943,-1.369e-07,7.027
0.091453,0.064996,0,10.035,-0.015759,-1.6985e-07,6.9385
0.099767,0.064995,0,10.04,-0.016026,-1.8894e-07,6.8924
0.29958,0.064993,0,10.204,0.043727,-2.0652e-06,5.2391
0.39156,0.065328,0,10.778,0.44836,9.1186e-06,-0.84373
0.40826,0.065354,0,11.058,0.49466,9.5253e-06,-3.9596
0.41661,0.065362,0,11.207,0.48466,7.9766e-06,-5.6437
0.44998,0.065379,0,11.67,0.26583,-1.1346e-06,-10.913
0.45833,0.065381,0,11.734,0.19179,-2.3608e-06,-11.64
0.46667,0.065381,0,11.777,0.1182,-3.0367e-06,-12.13
0.47501,0.065381,0,11.8,0.04745,-3.2606e-06,-12.401
0.49168,0.065378,0,11.799,-0.079944,-2.6734e-06,-12.371
0.52503,0.065369,0,11.65,-0.26598,4.6636e-07,-10.64
0.55837,0.065356,0,11.388,-0.36017,3.8999e-06,-7.6233
0.5667,0.065353,0,11.313,-0.36879,4.9325e-06,-6.7736
0.57504,0.065349,0,11.237,-0.37077,6.1337e-06,-5.9139
0.58338,0.065345,0,11.162,-0.36575,7.5034e-06,-5.0615
0.63333,0.065,0,10.816,-0.22714,1.5296e-05,-1.1933
0.65,0.065,0,10.757,-0.17492,1.6359e-05,-0.55093
0.65833,0.065,0,10.735,-0.15273,1.6649e-05,-0.31317
0.675,0.065,0,10.703,-0.1162,1.6966e-05,0.035787
0.68333,0.065,0,10.691,-0.10163,1.7059e-05,0.16367
0.7,0.065,0,10.674,-0.078722,1.7237e-05,0.35318
0.70833,0.065,0,10.667,-0.069864,1.7346e-05,0.42175
0.71667,0.065,0,10.662,-0.062416,1.7477e-05,0.4767
0.725,0.065,0,10.658,-0.056167,1.7636e-05,0.52021
0.73333,0.065,0,10.655,-0.050931,1.782e-05,0.55402
0.74167,0.065,0,10.653,-0.046547,1.8029e-05,0.57958
0.75,0.065,0,10.651,-0.042877,1.8264e-05,0.59804
0.75833,0.065,0,10.65,-0.039806,1.8523e-05,0.61042
0.76667,0.065,0,10.649,-0.037236,1.8804e-05,0.61752
0.775,0.065,0,10.649,-0.035085,1.9079e-05,0.62004
0.78333,0.065,0,10.65,-0.033286,1.9368e-05,0.61856
0.8,0.065,0,10.651,-0.030521,2.0039e-05,0.60549
0.80833,0.065,0,10.652,-0.029468,2.0388e-05,0.59469
0.825,0.065,0,10.655,-0.027852,2.1083e-05,0.56614
0.83333,0.065,0,10.657,-0.027239,2.1417e-05,0.54889
0.85,0.065,0,10.66,-0.026304,2.2036e-05,0.50949
0.86667,0.065,0,10.665,-0.025661,2.2552e-05,0.46462
0.875,0.065,0,10.667,-0.025422,2.2768e-05,0.44048
0.89167,0.065,0,10.672,-0.025069,2.3106e-05,0.38932
0.9,0.065,0,10.675,-0.024943,2.3234e-05,0.36248
0.91667,0.065,0,10.68,-0.02477,2.3415e-05,0.30666
0.925,0.065,0,10.683,-0.024716,2.3475e-05,0.27782
0.94167,0.065,0,10.689,-0.024664,2.3554e-05,0.21853
0.95,0.065,0,10.692,-0.024664,2.3576e-05,0.18817
0.96667,0.065,0,10.698,-0.024717,2.3607e-05,0.12615
0.975,0.065,0,10.701,-0.024766,2.3617e-05,0.09465
0.98333,0.065,0,10.703,-0.024845,2.3655e-05,0.062174
0.99167,0.065,0,10.707,-0.024896,2.3724e-05,0.031964
1,0.065,0,10.71,-0.02489,2.376e-05,0
0,0.07,0,10,0,0,7.3057
0.074826,0.069996,0,10.028,-0.016899,-1.3516e-07,7.0295
0.099768,0.069995,0,10.041,-0.018172,-1.8743e-07,6.893
0.3414,0.070239,0,10.345,0.13839,-4.9581e-07,3.816
0.38323,0.070276,0,10.689,0.33974,4.9543e-06,0.17048
0.39157,0.070282,0,10.801,0.37627,5.8874e-06,-1.0495
0.40827,0.070304,0,11.062,0.41157,5.8638e-06,-3.9367
0.44999,0.070325,0,11.633,0.22339,-2.2225e-06,-10.438
0.46667,0.070326,0,11.74,0.099338,-3.6019e-06,-11.661
0.47501,0.070326,0,11.765,0.039175,-3.6568e-06,-11.955
0.49168,0.070324,0,11.769,-0.070236,-2.8366e-06,-11.991
0.52503,0.070316,0,11.634,-0.23223,6.6007e-07,-10.406
0.55836,0.070305,0,11.384,-0.3149,4.4049e-06,-7.5342
0.5667,0.070303,0,11.314,-0.32246,5.4e-06,-6.7248
0.57503,0.0703,0,11.242,-0.32426,6.4799e-06,-5.9076
0.58337,0.070296,0,11.17,-0.32005,7.6324e-06,-5.0991
0.63333,0.07,0,10.836,-0.20245,1.306e-05,-1.3613
0.65,0.07,0,10.775,-0.15704,1.3486e-05,-0.69078
0.65833,0.07,0,10.752,-0.13753,1.3525e-05,-0.43769
0.68333,0.07,0,10.704,-0.091943,1.3429e-05,0.082746
0.7,0.07,0,10.685,-0.071369,1.3428e-05,0.29513
0.71667,0.07,0,10.672,-0.056721,1.3572e-05,0.43572
0.725,0.07,0,10.667,-0.051122,1.3705e-05,0.4859
0.73333,0.07,0,10.664,-0.046445,1.3876e-05,0.52533
0.74167,0.07,0,10.661,-0.042544,1.408e-05,0.55559
0.75,0.07,0,10.659,-0.039294,1.4315e-05,0.578
0.75833,0.07,0,10.658,-0.03659,1.4576e-05,0.59367
0.76667,0.07,0,10.657,-0.034342,1.4866e-05,0.60353
0.78333,0.07,0,10.657,-0.030923,1.5474e-05,0.60878
0.8,0.07,0,10.658,-0.028571,1.6176e-05,0.59866
0.80833,0.07,0,10.659,-0.027688,1.654e-05,0.58898
0.825,0.07,0,10.662,-0.026357,1.7269e-05,0.56216
0.83333,0.07,0,10.664,-0.025861,1.7622e-05,0.54558
0.84167,0.07,0,10.666,-0.025454,1.7964e-05,0.5272
0.86667,0.07,0,10.672,-0.024629,1.8854e-05,0.46307
0.875,0.07,0,10.674,-0.024452,1.9097e-05,0.43921
0.89167,0.07,0,10.679,-0.024201,1.9503e-05,0.38849
0.9,0.07,0,10.682,-0.024116,1.9664e-05,0.36183
0.925,0.07,0,10.69,-0.023981,2.0011e-05,0.27758
0.94167,0.07,0,10.695,-0.023969,2.0155e-05,0.21851
0.95,0.07,0,10.698,-0.023985,2.0209e-05,0.18826
0.96667,0.07,0,10.704,-0.024067,2.0291e-05,0.1265
0.975,0.07,0,10.707,-0.024125,2.0299e-05,0.095102
0.98333,0.07,0,10.71,-0.02426,2.041e-05,0.062821
0.99167,0.07,0,10.713,-0.024306,2.06e-05,0.032162
1,0.07,0,10.715,-0.024238,2.067e-05,0
0,0.075,0,10,0,0,7.3281
0.074826,0.074996,0,10.03,-0.017163,-1.3085e-07,7.035
0.099768,0.074995,0,10.043,-0.018589,-1.8522e-07,6.896
0.1746,0.074992,0,10.091,-0.018718,-5.1141e-07,6.4284
0.34142,0.075236,0,10.368,0.11476,-7.6846e-07,3.6363
0.38325,0.075232,0,10.715,0.27948,3.0619e-06,-0.042067
0.39159,0.075236,0,10.823,0.30809,3.5763e-06,-1.2114
0.40828,0.075253,0,11.067,0.33455,3.2678e-06,-3.9151
0.41662,0.075259,0,11.194,0.32722,2.3007e-06,-5.3494
0.44999,0.075271,0,11.605,0.18198,-3.0043e-06,-10.048
0.45833,0.075272,0,11.667,0.13113,-3.6955e-06,-10.76
0.46667,0.075272,0,11.711,0.079793,-3.9948e-06,-11.268
0.475,0.075272,0,11.738,0.029708,-3.9358e-06,-11.579
0.49168,0.07527,0,11.746,-0.062265,-2.9602e-06,-11.666
0.52502,0.075263,0,11.622,-0.20034,8.3633e-07,-10.203
0.56669,0.075252,0,11.318,-0.27809,5.8513e-06,-6.6823
0.57503,0.07525,0,11.25,-0.27975,6.8499e-06,-5.9016
0.58337,0.075247,0,11.182,-0.27633,7.841e-06,-5.1305
0.63333,0.075,0,10.859,-0.17734,1.1409e-05,-1.5067
0.65,0.075,0,10.797,-0.13851,1.1274e-05,-0.81229
0.65833,0.075,0,10.773,-0.12171,1.1089e-05,-0.54731
0.675,0.075,0,10.736,-0.093312,1.0697e-05,-0.14363
0.68333,0.075,0,10.722,-0.081846,1.0544e-05,0.010238
0.7,0.075,0,10.701,-0.063769,1.039e-05,0.24302
0.70833,0.075,0,10.694,-0.05678,1.0398e-05,0.32904
0.71667,0.075,0,10.688,-0.050915,1.0458e-05,0.39896
0.725,0.075,0,10.683,-0.046008,1.057e-05,0.4552
0.73333,0.075,0,10.679,-0.041914,1.0734e-05,0.49976
0.74167,0.075,0,10.676,-0.038504,1.0941e-05,0.53434
0.75,0.075,0,10.673,-0.035672,1.1184e-05,0.56038
0.75833,0.075,0,10.672,-0.033323,1.1452e-05,0.5791
0.76667,0.075,0,10.671,-0.031379,1.1756e-05,0.59149
0.775,0.075,0,10.67,-0.029773,1.208e-05,0.59843
0.78333,0.075,0,10.67,-0.028449,1.242e-05,0.60062
0.8,0.075,0,10.671,-0.026468,1.3168e-05,0.59318
0.80833,0.075,0,10.672,-0.025738,1.3555e-05,0.58452
0.825,0.075,0,10.674,-0.024662,1.4324e-05,0.55923
0.83333,0.075,0,10.675,-0.024274,1.4699e-05,0.54322
0.85,0.075,0,10.678,-0.023715,1.5404e-05,0.5057
0.86667,0.075,0,10.682,-0.023371,1.6021e-05,0.46215
0.875,0.075,0,10.684,-0.023257,1.629e-05,0.43851
0.89167,0.075,0,10.688,-0.023113,1.6751e-05,0.38811
0.9,0.075,0,10.689,-0.023074,1.6939e-05,0.36157
0.91667,0.075,0,10.693,-0.023044,1.7249e-05,0.30624
0.925,0.075,0,10.695,-0.023049,1.7374e-05,0.27759
0.94167,0.075,0,10.699,-0.023088,1.7568e-05,0.21865
0.95,0.075,0,10.701,-0.023123,1.7646e-05,0.18848
0.96667,0.075,0,10.705,-0.023239,1.7754e-05,0.12694
0.975,0.075,0,10.707,-0.023297,1.7729e-05,0.095665
0.98333,0.075,0,10.709,-0.023518,1.7962e-05,0.063881
0.99167,0.075,0,10.711,-0.023552,1.8399e-05,0.032136
1,0.075,0,10.712,-0.023374,1.8558e-05,0
0,0.08,0,10,0,0,7.3539
0.074827,0.079996,0,10.032,-0.021459,-1.2328e-07,7.0351
0.099769,0.079995,0,10.047,-0.022157,-1.6927e-07,6.896
0.34144,0.080226,0,10.397,0.088587,-1.1398e-06,3.4822
0.36655,0.080207,0,10.571,0.16703,7.5449e-07,1.6495
0.38327,0.080189,0,10.744,0.2217,1.6774e-06,-0.208
0.40829,0.080203,0,11.077,0.26305,1.4386e-06,-3.8928
0.41663,0.080207,0,11.197,0.25678,6.4034e-07,-5.2429
0.44999,0.080217,0,11.588,0.1418,-3.5478e-06,-9.7327
0.45833,0.080218,0,11.649,0.10117,-4.0632e-06,-10.436
0.46667,0.080218,0,11.693,0.0599,-4.2343e-06,-10.947
0.475,0.080218,0,11.721,0.019412,-4.0921e-06,-11.269
0.49168,0.080216,0,11.733,-0.055639,-3.0092e-06,-11.396
0.52502,0.080211,0,11.618,-0.17071,1.0126e-06,-10.033
0.56669,0.080202,0,11.328,-0.23671,6.3225e-06,-6.6485
0.57502,0.0802,0,11.263,-0.23824,7.2762e-06,-5.8985
0.58336,0.080197,0,11.199,-0.23551,8.1838e-06,-5.1587
0.63333,0.08,0,10.891,-0.15246,1.0361e-05,-1.6338
0.65,0.08,0,10.828,-0.11951,9.7475e-06,-0.91514
0.65833,0.08,0,10.803,-0.10523,9.3612e-06,-0.64124
0.675,0.08,0,10.765,-0.080873,8.6613e-06,-0.21718
0.68333,0.08,0,10.75,-0.071021,8.3975e-06,-0.052707
0.69167,0.08,0,10.737,-0.062619,8.205e-06,0.084493
0.7,0.08,0,10.727,-0.055521,8.0888e-06,0.19792
0.70833,0.08,0,10.718,-0.04957,8.0413e-06,0.29114
0.71667,0.08,0,10.71,-0.044611,8.0576e-06,0.36721
0.725,0.08,0,10.704,-0.040492,8.1351e-06,0.42862
0.73333,0.08,0,10.698,-0.03708,8.275e-06,0.47755
0.74167,0.08,0,10.694,-0.034259,8.4725e-06,0.51581
0.75,0.08,0,10.69,-0.031931,8.71e-06,0.54494
0.75833,0.08,0,10.686,-0.030013,8.97e-06,0.56624
0.76667,0.08,0,10.683,-0.028437,9.2662e-06,0.5808
0.775,0.08,0,10.681,-0.027142,9.6038e-06,0.58955
0.78333,0.08,0,10.679,-0.026081,9.9563e-06,0.59327
0.8,0.08,0,10.675,-0.024502,1.0714e-05,0.58816
0.80833,0.08,0,10.674,-0.023922,1.1107e-05,0.58038
0.825,0.08,0,10.671,-0.023063,1.1899e-05,0.55647
0.83333,0.08,0,10.669,-0.022749,1.2287e-05,0.54099
0.85,0.08,0,10.667,-0.022284,1.3032e-05,0.50428
0.86667,0.08,0,10.664,-0.021972,1.3694e-05,0.4613
0.875,0.08,0,10.662,-0.021856,1.3988e-05,0.43788
0.89167,0.08,0,10.659,-0.021679,1.4494e-05,0.38783
0.9,0.08,0,10.657,-0.02161,1.4706e-05,0.36143
0.91667,0.08,0,10.653,-0.021499,1.5056e-05,0.30632
0.925,0.08,0,10.651,-0.021454,1.5199e-05,0.27777
0.94167,0.08,0,10.647,-0.021379,1.5425e-05,0.219
0.95,0.08,0,10.644,-0.021352,1.5509e-05,0.18891
0.96667,0.08,0,10.639,-0.02133,1.5646e-05,0.12767
0.975,0.08,0,10.636,-0.0213,1.5693e-05,0.09653
0.98333,0.08,0,10.634,-0.021486,1.5734e-05,0.065844
0.99167,0.08,0,10.63,-0.021433,1.5877e-05,0.032199
1,0.08,0,10.628,-0.021146,1.5992e-05,0
0,0.085,0,10,0,0,7.3801
0.074827,0.084996,0,10.044,-0.019116,-1.1898e-07,7.042
0.09977,0.084995,0,10.064,-0.021754,-1.8894e-07,6.8987
0.34145,0.085215,0,10.438,0.063239,-2.0086e-06,3.358
0.36658,0.085193,0,10.61,0.12284,2.1991e-07,1.499
0.38328,0.085146,0,10.778,0.1647,7.1485e-07,-0.33729
0.39162,0.085143,0,10.876,0.18153,7.507e-07,-1.4287
0.39997,0.085149,0,10.983,0.19203,5.9768e-07,-2.6136
0.4083,0.085152,0,11.094,0.19494,1.9051e-07,-3.8705
0.41664,0.085156,0,11.207,0.18991,-4.7759e-07,-5.1575
0.44999,0.085163,0,11.578,0.10298,-3.8613e-06,-9.485
0.45833,0.085163,0,11.637,0.071917,-4.2317e-06,-10.18
0.46667,0.085163,0,11.679,0.040119,-4.3486e-06,-10.692
0.475,0.085163,0,11.706,0.0087362,-4.1965e-06,-11.023
0.48334,0.085163,0,11.718,-0.021372,-3.7282e-06,-11.181
0.49167,0.085162,0,11.717,-0.049661,-3.0105e-06,-11.178
0.52501,0.085158,0,11.606,-0.14048,1.3176e-06,-9.8893
0.56668,0.085152,0,11.335,-0.19619,7.1311e-06,-6.6192
0.57502,0.08515,0,11.275,-0.19813,8.1237e-06,-5.8953
0.58335,0.085148,0,11.216,-0.19658,9.0387e-06,-5.1823
0.63333,0.085,0,10.913,-0.12891,1.013e-05,-1.7468
0.65,0.085,0,10.84,-0.10176,9.0413e-06,-1.004
0.65833,0.085,0,10.81,-0.089567,8.4362e-06,-0.72313
0.675,0.085,0,10.759,-0.068564,7.3649e-06,-0.28112
0.68333,0.085,0,10.736,-0.060071,6.9551e-06,-0.10727
0.69167,0.085,0,10.715,-0.052802,6.6375e-06,0.038374
0.7,0.085,0,10.696,-0.046624,6.4138e-06,0.15936
0.70833,0.085,0,10.679,-0.04141,6.2762e-06,0.25927
0.71667,0.085,0,10.662,-0.037041,6.2163e-06,0.34107
0.725,0.085,0,10.647,-0.0334,6.2301e-06,0.40731
0.73333,0.085,0,10.632,-0.030378,6.3314e-06,0.46025
0.74167,0.085,0,10.618,-0.027875,6.5025e-06,0.50183
0.75,0.085,0,10.605,-0.025805,6.7125e-06,0.53372
0.75833,0.085,0,10.592,-0.024096,6.9512e-06,0.55729
0.76667,0.085,0,10.58,-0.022686,7.2462e-06,0.57372
0.775,0.085,0,10.567,-0.021522,7.6112e-06,0.584
0.78333,0.085,0,10.556,-0.020561,7.9826e-06,0.58896
0.8,0.085,0,10.532,-0.019107,8.7663e-06,0.58571
0.80833,0.085,0,10.521,-0.018558,9.1763e-06,0.5786
0.825,0.085,0,10.498,-0.017712,1.0006e-05,0.55566
0.83333,0.085,0,10.487,-0.017384,1.04e-05,0.54052
0.85,0.085,0,10.465,-0.016862,1.1198e-05,0.50428
0.86667,0.085,0,10.443,-0.016465,1.1903e-05,0.46159
0.875,0.085,0,10.433,-0.016297,1.2218e-05,0.43825
0.89167,0.085,0,10.411,-0.016006,1.275e-05,0.38831
0.9,0.085,0,10.401,-0.015876,1.2975e-05,0.36193
0.91667,0.085,0,10.38,-0.01564,1.3333e-05,0.30683
0.925,0.085,0,10.37,-0.015532,1.3471e-05,0.27828
0.94167,0.085,0,10.35,-0.015332,1.3691e-05,0.21951
0.95,0.085,0,10.34,-0.015242,1.377e-05,0.18942
0.96667,0.085,0,10.32,-0.015085,1.396e-05,0.12827
0.975,0.085,0,10.31,-0.015,1.4265e-05,0.097156
0.98333,0.085,0,10.301,-0.015006,1.3753e-05,0.067492
0.99167,0.085,0,10.29,-0.014906,1.2818e-05,0.03219
1,0.085,0,10.283,-0.014742,1.2625e-05,0
0,0.09,0,10,0,0,7.422
0.074828,0.089997,0,10.113,-0.027549,-7.3342e-08,7.0454
0.099771,0.089995,0,10.141,-0.027495,-1.6182e-07,6.9023
0.34146,0.090206,0,10.418,0.040654,-2.8261e-06,3.2714
0.3833,0.090104,0,10.721,0.11261,1.2643e-07,-0.43256
0.39164,0.090096,0,10.812,0.12412,6.397e-08,-1.4949
0.39998,0.0901,0,10.909,0.13034,-1.5908e-07,-2.6369
0.40831,0.090101,0,11.011,0.13113,-5.6252e-07,-3.8499
0.45,0.090108,0,11.455,0.066107,-3.8545e-06,-9.3027
0.45833,0.090109,0,11.507,0.044462,-4.0787e-06,-9.9897
0.46667,0.090109,0,11.542,0.022028,-4.1527e-06,-10.501
0.475,0.090109,0,11.562,-0.00080612,-3.9925e-06,-10.837
0.52501,0.090105,0,11.475,-0.11637,2.0424e-06,-9.7829
0.56668,0.090101,0,11.208,-0.15952,8.5663e-06,-6.5906
0.57501,0.0901,0,11.141,-0.1607,9.6324e-06,-5.8859
0.58335,0.090099,0,11.071,-0.159,1.0554e-05,-5.1934
0.63333,0.09,0,10.652,-0.096029,1.0646e-05,-1.8276
0.65,0.09,0,10.528,-0.074764,9.045e-06,-1.0726
0.65833,0.09,0,10.473,-0.064352,8.2063e-06,-0.7887
0.68333,0.09,0,10.324,-0.03892,6.2038e-06,-0.14994
0.69167,0.09,0,10.28,-0.032905,5.7626e-06,0.0021961
0.70833,0.09,0,10.203,-0.023739,5.1926e-06,0.2335
0.71667,0.09,0,10.168,-0.020251,5.0513e-06,0.31957
0.73333,0.09,0,10.104,-0.014916,5.065e-06,0.44564
0.74167,0.09,0,10.075,-0.012905,5.2063e-06,0.48988
0.75,0.09,0,10.047,-0.011239,5.3411e-06,0.52397
0.75833,0.09,0,10.021,-0.009863,5.56e-06,0.54938
0.76667,0.09,0,9.9965,-0.0087279,5.8676e-06,0.56733
0.775,0.09,0,9.9728,-0.0077955,6.2075e-06,0.57886
0.78333,0.09,0,9.9501,-0.0070328,6.5649e-06,0.58484
0.8,0.09,0,9.9077,-0.0059079,7.3649e-06,0.58307
0.80833,0.09,0,9.8878,-0.0055016,7.7912e-06,0.57649
0.825,0.09,0,9.8503,-0.0049233,8.6499e-06,0.5543
0.83333,0.09,0,9.8325,-0.0047257,9.0499e-06,0.53943
0.85,0.09,0,9.799,-0.0044673,9.855e-06,0.50358
0.875,0.09,0,9.7532,-0.0043296,1.0891e-05,0.43784
0.9,0.09,0,9.712,-0.0043841,1.1664e-05,0.36164
0.91667,0.09,0,9.6869,-0.0044892,1.2038e-05,0.30658
0.925,0.09,0,9.675,-0.0045569,1.2186e-05,0.27804
0.94167,0.09,0,9.6523,-0.0047167,1.2434e-05,0.21929
0.95,0.09,0,9.6416,-0.0048066,1.2535e-05,0.18922
0.96667,0.09,0,9.6211,-0.0049952,1.2751e-05,0.12808
0.975,0.09,0,9.6112,-0.0051145,1.3064e-05,0.096928
0.99167,0.09,0,9.5914,-0.0051968,1.1911e-05,0.032048
1,0.09,0,9.5844,-0.0054458,1.169e-05,0
0,0.095,0,10,0,0,7.6601
0.074828,0.094996,0,9.8745,-0.031126,-2.0966e-07,7.041
0.099772,0.094995,0,9.8151,-0.030687,-2.5297e-07,6.8981
0.34147,0.0952,0,9.4329,0.017951,5.7777e-07,3.1758
0.38331,0.095066,0,9.7878,0.066347,-1.3271e-07,-0.49878
0.39165,0.095049,0,9.8939,0.072854,-2.7928e-07,-1.5348
0.39999,0.09505,0,10.002,0.075408,-5.7975e-07,-2.6422
0.40832,0.095051,0,10.113,0.074633,-1.0222e-06,-3.8281
0.45833,0.095054,0,10.624,0.023887,-3.717e-06,-9.8703
0.46667,0.095054,0,10.654,0.011128,-3.4519e-06,-10.376
0.475,0.095054,0,10.665,-0.0027666,-2.8817e-06,-10.706
0.525,0.095053,0,10.372,-0.087394,3.6301e-06,-9.6948
0.56667,0.09505,0,9.7921,-0.1141,9.4387e-06,-6.5765
0.57501,0.09505,0,9.6602,-0.11291,1.028e-05,-5.8887
0.58334,0.095049,0,9.5281,-0.1094,1.0951e-05,-5.2125
0.63333,0.095,0,8.8944,-0.045677,9.8951e-06,-1.8881
0.65833,0.095,0,8.7014,-0.021706,7.1588e-06,-0.84678
0.66667,0.095,0,8.6558,-0.014107,6.3337e-06,-0.59707
0.68333,0.095,0,8.5856,-0.0022157,5.1325e-06,-0.18661
0.69167,0.095,0,8.5594,0.0018292,4.7511e-06,-0.027102
0.70833,0.095,0,8.5207,0.0069783,4.2899e-06,0.21409
0.71667,0.095,0,8.5065,0.0085647,4.1963e-06,0.30343
0.73333,0.095,0,8.4859,0.010468,4.2187e-06,0.43442
0.74167,0.095,0,8.4785,0.010959,4.3062e-06,0.48053
0.75,0.095,0,8.4727,0.011221,4.4538e-06,0.51618
0.75833,0.095,0,8.4681,0.011301,4.7076e-06,0.54288
0.76667,0.095,0,8.4645,0.011237,4.9912e-06,0.56193
0.775,0.095,0,8.4618,0.011058,5.1986e-06,0.57439
0.78333,0.095,0,8.4597,0.010788,5.4699e-06,0.58116
0.8,0.095,0,8.4571,0.010056,6.2592e-06,0.58058
0.80833,0.095,0,8.4563,0.009625,6.6934e-06,0.57447
0.825,0.095,0,8.4556,0.0086885,7.5812e-06,0.55298
0.83333,0.095,0,8.4555,0.008202,8.0315e-06,0.53837
0.85,0.095,0,8.4556,0.0072205,8.8122e-06,0.50297
0.875,0.095,0,8.4561,0.0057807,9.8355e-06,0.43769
0.9,0.095,0,8.4564,0.0044407,1.0613e-05,0.36177
0.91667,0.095,0,8.4563,0.0036188,1.1006e-05,0.30684
0.925,0.095,0,8.4561,0.0032305,1.1171e-05,0.27835
0.94167,0.095,0,8.4555,0.002499,1.1458e-05,0.21969
0.95,0.095,0,8.4551,0.0021564,1.1584e-05,0.18966
0.96667,0.095,0,8.454,0.0015268,1.1726e-05,0.12849
0.975,0.095,0,8.4532,0.0011997,1.1608e-05,0.097277
0.99167,0.095,0,8.4516,0.0008131,1.3e-05,0.032804
1,0.095,0,8.4508,0.00037318,1.3207e-05,0
0,0.1,0,5.7842,0,0,7.8689
0.074829,0.1,0,0,0,0,7.0449
0.099772,0.1,0,0,0,0,6.8966
0.34148,0.1,0,0,0,0,3.1149
0.38332,0.1,0,0,0,0,-0.52791
0.39167,0.1,0,0,0,0,-1.5497
0.40833,0.1,0,0,0,0,-3.8164
0.45,0.1,0,0,0,0,-9.1491
0.45833,0.1,0,0,0,0,-9.8294
0.46667,0.1,0,0,0,0,-10.332
0.475,0.1,0,0,0,0,-10.652
0.48333,0.1,0,0,0,0,-10.806
0.5,0.1,0,0,0,0,-10.691
0.50833,0.1,0,0,0,0,-10.446
0.54167,0.1,0,0,0,0,-8.5395
0.55,0.1,0,0,0,0,-7.9103
0.55833,0.1,0,0,0,0,-7.2509
0.63333,0.1,0,0,0,0,-1.921
0.65833,0.1,0,0,0,0,-0.87833
0.66667,0.1,0,0,0,0,-0.62605
0.68333,0.1,0,0,0,0,-0.20644
0.69167,0.1,0,0,0,0,-0.042045
0.70833,0.1,0,0,0,0,0.20567
0.71667,0.1,0,0,0,0,0.29694
0.73333,0.1,0,0,0,0,0.43059
0.74167,0.1,0,0,0,0,0.47766
0.75,0.1,0,0,0,0,0.51407
0.75833,0.1,0,0,0,0,0.5414
0.76667,0.1,0,0,0,0,0.56098
0.775,0.1,0,0,0,0,0.5739
0.78333,0.1,0,0,0,0,0.58103
0.8,0.1,0,0,0,0,0.581
0.80833,0.1,0,0,0,0,0.57511
0.825,0.1,0,0,0,0,0.55391
0.83333,0.1,0,0,0,0,0.53939
0.85,0.1,0,0,0,0,0.50414
0.875,0.1,0,0,0,0,0.43893
0.9,0.1,0,0,0,0,0.36296
0.91667,0.1,0,0,0,0,0.30796
0.925,0.1,0,0,0,0,0.27943
0.94167,0.1,0,0,0,0,0.22067
0.95,0.1,0,0,0,0,0.19058
0.96667,0.1,0,0,0,0,0.12926
0.975,0.1,0,0,0,0,0.09796
0.99167,0.1,0,0,0,0,0.033548
1,0.1,0,4.4848,0.00094652,8.1201e-06,0.0072111
0,-0.1,0,5.7842,0,0,7.8861
0.0083142,-0.1,0,0,0,0,7.7597
0.016628,-0.1,0,0,0,0,7.5349
0.024943,-0.1,0,0,0,0,7.3941
0.033257,-0.1,0,0,0,0,7.3266
0.041571,-0.1,0,0,0,0,7.274
0.049886,-0.1,0,0,0,0,7.2184
0.0582,-0.1,0,0,0,0,7.1648
0.069857,-0.1,0,0,0,0,7.0968
0.066514,-0.1,0,0,0,0,7.1157
0.07935,-0.1,0,0,0,0,7.0436
0.074829,-0.097133,0,5.6639,0.018338,-8.2832e-08,7.0665
0.083143,-0.1,0,0,0,0,7.0224
0.09604,-0.1,0,0,0,0,6.9502
0.091458,-0.1,0,0,0,0,6.9758
0.10317,-0.1,0,0,0,0,6.9105
0.10809,-0.1,0,0,0,0,6.8831
0.1164,-0.1,0,0,0,0,6.8369
0.12472,-0.1,0,0,0,0,6.7907
0.13303,-0.1,0,0,0,0,6.7442
0.14135,-0.1,0,0,0,0,6.6979
0.14966,-0.1,0,0,0,0,6.6518
0.15798,-0.1,0,0,0,0,6.6057
0.16629,-0.1,0,0,0,0,6.5597
0.17461,-0.1,0,0,0,0,6.5136
0.18292,-0.1,0,0,0,0,6.4674
0.19124,-0.1,0,0,0,0,6.4215
0.19956,-0.1,0,0,0,0,6.3754
0.2079,-0.1,0,0,0,0,6.3291
0.21623,-0.1,0,0,0,0,6.283
0.22457,-0.1,0,0,0,0,6.2366
0.23291,-0.1,0,0,0,0,6.1891
0.24125,-0.1,0,0,0,0,6.1404
0.24958,-0.1,0,0,0,0,6.0911
0.25792,-0.1,0,0,0,0,6.0415
0.26626,-0.1,0,0,0,0,5.9946
0.2746,-0.1,0,0,0,0,5.9533
0.28294,-0.1,0,0,0,0,5.8764
0.29132,-0.1,0,0,0,0,5.7306
0.29968,-0.1,0,0,0,0,5.5409
0.30803,-0.1,0,0,0,0,5.3449
0.31638,-0.1,0,0,0,0,5.1704
0.32474,-0.1,0,0,0,0,4.9731
0.338,-0.1,0,0,0,0,4.5471
0.33312,-0.1,0,0,0,0,4.7223
0.34764,-0.1,0,0,0,0,4.1525
0.34986,-0.1,0,0,0,0,4.055
0.36594,-0.1,0,0,0,0,3.1492
0.35825,-0.1,0,0,0,0,3.6237
0.39166,-0.095054,0,9.5814,-0.056001,-2.0614e-05,1.0662
0.4,-0.1,0,1.0179e-13,-6.1173e-16,-2.2841e-19,0.27282
0.40833,-0.1,0,0,0,0,-0.55631
0.40833,-0.1,0,5.0416e-13,-2.9208e-15,-1.1529e-18,-0.55631
0.41666,-0.097516,0,4.9344,-0.026346,-1.1272e-05,-1.4297
0.41667,-0.1,0,0,0,0,-1.4203
0.43333,-0.1,0,0,0,0,-2.9979
0.425,-0.1,0,0,0,0,-2.2509
0.48333,-0.1,0,0,0,0,-4.7843
0.5,-0.1,0,0,0,0,-4.429
0.49167,-0.095061,0,9.9778,0.044492,-1.7814e-05,-4.704
0.49167,-0.1,0,0,0,0,-4.6528
0.5,-0.1,0,7.8087e-13,4.3777e-15,-1.4493e-18,-4.429
0.5146,-0.1,0,0,0,0,-3.8542
0.50833,-0.1,0,6.9849e-16,4.6015e-18,-1.3783e-21,-4.1274
0.51667,-0.1,0,0,0,0,-3.7641
0.525,-0.1,0,0,0,0,-3.3551
0.54148,-0.1,0,0,0,0,-2.4714
0.53333,-0.1,0,0,0,0,-2.916
0.54167,-0.1,0,1.2565e-17,1.0689e-19,-3.5417e-23,-2.4614
0.55435,-0.1,0,0,0,0,-1.7711
0.55,-0.1,0,1.4046e-16,1.1844e-18,-4.326e-22,-2.0044
0.55833,-0.1,0,5.2164e-17,4.239e-19,-1.7425e-22,-1.5576
0.55833,-0.1,0,0,0,0,-1.5576
0.56667,-0.1,0,0,0,0,-1.1315
0.575,-0.1,0,0,0,0,-0.73676
0.58333,-0.1,0,0,0,0,-0.37024
0.59167,-0.1,0,7.5086e-15,3.4187e-17,-3.0922e-20,-0.022513
0.59167,-0.1,0,0,0,0,-0.022513
0.6,-0.1,0,0,0,0,0.29751
0.60833,-0.1,0,0,0,0,0.57257
0.61667,-0.1,0,0,0,0,0.78532
0.625,-0.1,0,0,0,0,0.93993
0.625,-0.1,0,0,0,0,0.93993
0.64167,-0.1,0,0,0,0,1.1542
0.64167,-0.1,0,0,0,0,1.1542
0.65417,-0.1,0,0,0,0,1.2488
0.65,-0.1,0,0,0,0,1.2256
0.66667,-0.1,0,0,0,0,1.2956
0.67917,-0.1,0,0,0,0,1.2985
0.675,-0.1,0,0,0,0,1.3018
0.69167,-0.1,0,0,0,0,1.2788
0.70556,-0.1,0,0,0,0,1.2354
0.7,-0.1,0,0,0,0,1.2549
0.71667,-0.1,0,0,0,0,1.1925
0.73333,-0.1,0,0,0,0,1.1194
0.725,-0.095,0,8.7062,-0.0081038,-2.1524e-05,1.1569
0.725,-0.1,0,0,0,0,1.1567
0.78333,-0.1,0,0,0,0,0.88876
0.79444,-0.1,0,0,0,0,0.83923
0.79167,-0.1,0,0,0,0,0.85148
0.80833,-0.1,0,0,0,0,0.7785
0.82083,-0.1,0,0,0,0,0.72512
0.81667,-0.1,0,0,0,0,0.74276
0.83333,-0.1,0,0,0,0,0.67261
0.84583,-0.1,0,0,0,0,0.62099
0.84167,-0.1,0,0,0,0,0.6381
0.85556,-0.1,0,0,0,0,0.58126
0.85833,-0.1,0,0,0,0,0.56994
0.87167,-0.1,0,0,0,0,0.5161
0.86667,-0.1,0,0,0,0,0.53623
0.88056,-0.1,0,0,0,0,0.48042
0.88333,-0.1,0,0,0,0,0.46929
0.89667,-0.1,0,0,0,0,0.41606
0.89167,-0.1,0,0,0,0,0.43599
0.90556,-0.1,0,0,0,0,0.38066
0.91042,-0.1,0,0,0,0,0.36132
0.90833,-0.1,0,0,0,0,0.3696
0.92976,-0.1,0,0,0,0,0.28457
0.93583,-0.1,0,0,0,0,0.26054
0.93333,-0.1,0,0,0,0,0.27044
0.95,-0.1,0,0,0,0,0.20428
0.96096,-0.1,0,0,0,0,0.16043
0.95833,-0.1,0,0,0,0,0.17095
0.975,-0.1,0,0,0,0,0.10402
0.98742,-0.1,0,0,0,0,0.05335
0.98333,-0.1,0,0,0,0,0.070947
0,-0.095,0,10,0,0,7.6747
0.0083141,-0.095,0,9.9937,-0.0034763,-2.4238e-08,7.5832
0.016628,-0.095001,0,9.9886,0.0089381,-4.825e-08,7.4244
0.024943,-0.095001,0,9.9781,0.01793,-6.3625e-08,7.3296
0.033257,-0.095002,0,9.9632,0.023619,-7.75e-08,7.2844
0.041571,-0.095002,0,9.9464,0.027366,-9.125e-08,7.2449
0.049885,-0.095002,0,9.9289,0.029686,-1.0375e-07,7.1993
0.058199,-0.095003,0,9.9107,0.030986,-1.155e-07,7.1528
0.066514,-0.095003,0,9.8917,0.031661,-1.295e-07,7.1083
0.074828,-0.092897,0,9.9751,0.03036,-1.4453e-07,7.0665
0.074828,-0.095004,0,9.8721,0.031963,-1.4438e-07,7.0647
0.083143,-0.095004,0,9.852,0.032013,-1.5925e-07,7.0206
0.095959,-0.095005,0,9.8202,0.031738,-1.8615e-07,6.9514
0.091457,-0.095004,0,9.8315,0.031879,-1.76e-07,6.9758
0.10325,-0.095005,0,9.8018,0.03147,-2.0358e-07,6.9118
0.10809,-0.095005,0,9.7895,0.031263,-2.1587e-07,6.8854
0.1164,-0.095005,0,9.7682,0.030843,-2.4e-07,6.8398
0.12472,-0.095006,0,9.7466,0.03038,-2.6725e-07,6.7941
0.13303,-0.095006,0,9.725,0.029871,-2.9812e-07,6.748
0.14134,-0.095007,0,9.7032,0.029335,-3.3388e-07,6.7019
0.14966,-0.095007,0,9.6813,0.02878,-3.7513e-07,6.6559
0.15798,-0.095007,0,9.6594,0.028201,-4.225e-07,6.6099
0.16629,-0.095008,0,9.6375,0.027607,-4.7738e-07,6.564
0.1746,-0.095008,0,9.6156,0.026987,-5.41e-07,6.518
0.18292,-0.095009,0,9.5938,0.026326,-6.1537e-07,6.4721
0.19124,-0.095009,0,9.5721,0.025631,-7.0236e-07,6.4263
0.19956,-0.095009,0,9.5504,0.024895,-8.0448e-07,6.3803
0.2079,-0.095009,0,9.529,0.024119,-9.2425e-07,6.3342
0.21623,-0.095009,0,9.5079,0.023333,-1.0659e-06,6.288
0.22457,-0.095009,0,9.487,0.02256,-1.231e-06,6.2413
0.23291,-0.095009,0,9.4664,0.021778,-1.412e-06,6.1937
0.24124,-0.095009,0,9.4462,0.020997,-1.5816e-06,6.1449
0.24958,-0.095009,0,9.4264,0.020307,-1.7691e-06,6.0946
0.25792,-0.095009,0,9.4069,0.019977,-2.2034e-06,6.042
0.26626,-0.095008,0,9.3879,0.020583,-1.897e-06,5.9857
0.2746,-0.09501,0,9.3693,0.024385,-2.2665e-06,5.92
0.28294,-0.095027,0,9.3478,0.031175,-4.3234e-06,5.8271
0.29131,-0.095109,0,9.3159,0.034659,-4.4583e-06,5.7114
0.29968,-0.095139,0,9.2885,0.031243,-4.6882e-06,5.5632
0.30802,-0.095147,0,9.2727,0.023718,-6.4181e-06,5.3788
0.31638,-0.095187,0,9.2584,0.015713,-7.7337e-06,5.2012
0.32473,-0.095196,0,9.2514,0.0079008,-9.2908e-06,5.0035
0.33813,-0.095235,0,9.2568,-0.0062043,-9.9585e-06,4.5792
0.33311,-0.095232,0,9.2503,-0.00069384,-9.7565e-06,4.7573
0.3471,-0.09523,0,9.278,-0.016014,-1.1075e-05,4.212
0.34986,-0.095226,0,9.2862,-0.019018,-1.1556e-05,4.0902
0.36083,-0.095205,0,9.3378,-0.029777,-1.4057e-05,3.4935
0.35824,-0.095215,0,9.3226,-0.027371,-1.3398e-05,3.6537
0.39165,-0.095049,0,9.5921,-0.056058,-2.0636e-05,1.0671
0.39166,-0.095043,0,9.5933,-0.056102,-2.0637e-05,1.0663
0.39166,-0.095049,0,9.5922,-0.056064,-2.0637e-05,1.0662
0.39999,-0.09505,0,9.6726,-0.058129,-2.1705e-05,0.27077
0.40838,-0.095051,0,9.7529,-0.056476,-2.2303e-05,-0.57523
0.40832,-0.09502,0,9.7583,-0.05673,-2.2301e-05,-0.57006
0.40832,-0.095051,0,9.7524,-0.0565,-2.2302e-05,-0.5699
0.42084,-0.095052,0,9.8684,-0.049502,-2.2355e-05,-1.8577
0.43319,-0.095053,0,9.9678,-0.038792,-2.1731e-05,-3.014
0.425,-0.095052,0,9.9052,-0.046527,-2.2251e-05,-2.2743
0.45,-0.095046,0,10.057,-0.018823,-2.0256e-05,-4.1775
0.45834,-0.090131,0,11.018,-0.011609,-1.9555e-05,-4.6506
0.49403,-0.095052,0,9.9797,0.047729,-1.8016e-05,-4.639
0.49167,-0.095043,0,9.9972,0.044604,-1.7846e-05,-4.7043
0.5,-0.095052,0,9.9398,0.055724,-1.8448e-05,-4.4741
0.50834,-0.095051,0,9.8729,0.065041,-1.9482e-05,-4.1647
0.51667,-0.095051,0,9.7966,0.07232,-2.083e-05,-3.7925
0.525,-0.09505,0,9.7127,0.077459,-2.2543e-05,-3.3741
0.53334,-0.094866,0,9.6686,0.081562,-2.4664e-05,-2.926
0.53334,-0.09505,0,9.6235,0.080388,-2.4643e-05,-2.9253
0.54167,-0.09505,0,9.531,0.081077,-2.6864e-05,-2.4612
0.55243,-0.095049,0,9.4106,0.078521,-2.9692e-05,-1.8626
0.55001,-0.094877,0,9.4829,0.080758,-2.9086e-05,-1.9945
0.55001,-0.09505,0,9.4374,0.079578,-2.9067e-05,-1.995
0.55888,-0.095049,0,9.3393,0.075571,-3.1349e-05,-1.5111
0.56667,-0.095049,0,9.2561,0.070264,-3.3239e-05,-1.1049
0.57501,-0.095048,0,9.172,0.062271,-3.498e-05,-0.69934
0.59167,-0.095024,0,9.0351,0.041139,-3.7208e-05,0.024022
0.58334,-0.095047,0,9.0961,0.051874,-3.6272e-05,-0.32178
0.6,-0.095,0,8.9828,0.032632,-3.7783e-05,0.32855
0.6,-0.095,0,8.9828,0.032632,-3.7783e-05,0.32855
0.60833,-0.095,0,8.9319,0.0264,-3.7842e-05,0.59311
0.61667,-0.095,0,8.887,0.020785,-3.7482e-05,0.80633
0.625,-0.095,0,8.8498,0.01492,-3.684e-05,0.96319
0.625,-0.095,0,8.8498,0.01492,-3.684e-05,0.96319
0.64167,-0.095,0,8.7948,0.0040878,-3.4887e-05,1.1735
0.64167,-0.095,0,8.7948,0.0040878,-3.4887e-05,1.1735
0.65417,-0.095,0,8.767,-0.0013319,-3.3e-05,1.2612
0.65,-0.0925,0,9.5008,0.011058,-3.4845e-05,1.2532
0.65,-0.095,0,8.7749,0.00011408,-3.3669e-05,1.2402
0.66667,-0.095,0,8.7467,-0.0048328,-3.0904e-05,1.303
0.66667,-0.095,0,8.7467,-0.0048328,-3.0904e-05,1.303
0.67917,-0.095,0,8.733,-0.0067643,-2.8706e-05,1.303
0.675,-0.095,0,8.7369,-0.0062756,-2.9438e-05,1.3071
0.69167,-0.095,0,8.7228,-0.0078674,-2.6544e-05,1.2814
0.70833,-0.095,0,8.7133,-0.0083181,-2.3868e-05,1.2267
0.7,-0.095,0,8.7176,-0.0082004,-2.517e-05,1.2566
0.775,-0.0925,0,9.3325,-0.00070595,-1.8907e-05,0.92573
0.78333,-0.095,0,8.6855,-0.0055273,-1.6386e-05,0.88795
0.79444,-0.095,0,8.6812,-0.0049819,-1.5865e-05,0.83841
0.79167,-0.095,0,8.6823,-0.0051161,-1.5974e-05,0.85066
0.80833,-0.095,0,8.6758,-0.0043223,-1.5401e-05,0.77768
0.825,-0.095,0,8.6689,-0.0035806,-1.5087e-05,0.70668
0.81667,-0.095,0,8.6724,-0.0039443,-1.5218e-05,0.74195
0.83333,-0.095,0,8.6654,-0.0032318,-1.5001e-05,0.67183
0.84583,-0.095,0,8.66,-0.0027392,-1.495e-05,0.62025
0.84167,-0.095,0,8.6618,-0.0028984,-1.4956e-05,0.63734
0.85556,-0.095,0,8.6557,-0.0023783,-1.495e-05,0.58055
0.85833,-0.095,0,8.6544,-0.0022774,-1.4954e-05,0.56924
0.87167,-0.095,0,8.6484,-0.0018262,-1.5009e-05,0.51545
0.86667,-0.095,0,8.6507,-0.0019901,-1.4984e-05,0.53555
0.88056,-0.095,0,8.6443,-0.001544,-1.506e-05,0.4798
0.88333,-0.095,0,8.643,-0.0014575,-1.5077e-05,0.46867
0.89667,-0.095,0,8.6368,-0.001071,-1.5162e-05,0.41549
0.89167,-0.095,0,8.6392,-0.0012112,-1.5131e-05,0.4354
0.90556,-0.095,0,8.6326,-0.00082919,-1.5211e-05,0.38012
0.91042,-0.095,0,8.6303,-0.00070192,-1.5234e-05,0.3608
0.90833,-0.095,0,8.6313,-0.00075505,-1.5226e-05,0.36908
0.93021,-0.095,0,8.6209,-0.00020058,-1.5274e-05,0.28223
0.93583,-0.095,0,8.6182,-5.0375e-05,-1.5282e-05,0.25989
0.93333,-0.095,0,8.6194,-0.00011995,-1.5275e-05,0.26983
0.95,-0.095,0,8.6113,0.00035539,-1.5353e-05,0.20346
0.96151,-0.095,0,8.6056,0.00068731,-1.5487e-05,0.15743
0.95833,-0.095,0,8.6072,0.00060011,-1.5442e-05,0.17011
0.975,-0.095,0,8.5988,0.0010589,-1.5646e-05,0.10333
0.98733,-0.095,0,8.5925,0.0012738,-1.5439e-05,0.053229
0.98333,-0.095,0,8.5949,0.0011616,-1.549e-05,0.070649
0,-0.09,0,10,0,0,7.4343
0.0083141,-0.089765,0,10.01,0.018634,-2.4098e-08,7.4057
0.0083141,-0.09,0,10.011,0.019307,-2.41e-08,7.4064
0.016628,-0.090001,0,10.025,0.027161,-4.7875e-08,7.3522
0.024942,-0.090001,0,10.039,0.028467,-6.325e-08,7.3089
0.033256,-0.089068,0,10.045,0.025092,-7.7e-08,7.2777
0.033257,-0.090002,0,10.053,0.028375,-7.7e-08,7.2761
0.041571,-0.090002,0,10.066,0.028378,-8.975e-08,7.2409
0.049885,-0.088603,0,10.064,0.024657,-1.0388e-07,7.1994
0.049885,-0.090002,0,10.08,0.028357,-1.0412e-07,7.1996
0.058199,-0.088371,0,10.073,0.024542,-1.1801e-07,7.1553
0.058199,-0.090003,0,10.093,0.028249,-1.185e-07,7.1559
0.069761,-0.090003,0,10.11,0.028162,-1.3614e-07,7.0953
0.066513,-0.088139,0,10.08,0.024519,-1.3035e-07,7.1112
0.066513,-0.090003,0,10.105,0.028165,-1.3062e-07,7.1123
0.079446,-0.090004,0,10.122,0.028182,-1.5357e-07,7.0443
0.074827,-0.0871,0,10.074,0.023239,-1.4424e-07,7.0666
0.083142,-0.087677,0,10.091,0.024767,-1.601e-07,7.0227
0.083142,-0.090004,0,10.127,0.028201,-1.6062e-07,7.0247
0.095911,-0.090005,0,10.142,0.028303,-1.869e-07,6.9555
0.091456,-0.090004,0,10.137,0.028265,-1.7712e-07,6.9798
0.10329,-0.090005,0,10.149,0.028366,-2.0406e-07,6.9152
0.10808,-0.090005,0,10.154,0.028407,-2.1587e-07,6.8889
0.1164,-0.090006,0,10.161,0.028475,-2.3938e-07,6.8432
0.12471,-0.086528,0,10.109,0.025742,-2.6552e-07,6.7946
0.12471,-0.090006,0,10.168,0.028537,-2.6612e-07,6.7972
0.13303,-0.0863,0,10.112,0.025909,-2.9563e-07,6.7485
0.13303,-0.090006,0,10.174,0.028575,-2.9638e-07,6.7509
0.14134,-0.090007,0,10.179,0.028591,-3.3113e-07,6.7047
0.14966,-0.085845,0,10.117,0.026181,-3.6986e-07,6.6562
0.14966,-0.090007,0,10.183,0.028589,-3.71e-07,6.6586
0.15797,-0.085619,0,10.12,0.026287,-4.1535e-07,6.6103
0.15797,-0.090007,0,10.187,0.028562,-4.17e-07,6.6125
0.16629,-0.090008,0,10.191,0.028511,-4.7013e-07,6.5665
0.1746,-0.090008,0,10.193,0.028423,-5.315e-07,6.5206
0.18292,-0.090009,0,10.195,0.028291,-6.0287e-07,6.4747
0.19123,-0.090009,0,10.197,0.028117,-6.8611e-07,6.4291
0.19956,-0.090009,0,10.197,0.027895,-7.8361e-07,6.3833
0.20789,-0.08733,0,10.17,0.027003,-8.952e-07,6.337
0.20789,-0.090009,0,10.198,0.027618,-8.9875e-07,6.3373
0.21623,-0.090009,0,10.197,0.027293,-1.0344e-06,6.2911
0.22456,-0.090009,0,10.197,0.026926,-1.1981e-06,6.2445
0.2329,-0.090009,0,10.195,0.026501,-1.4102e-06,6.197
0.24124,-0.090009,0,10.194,0.02603,-1.7221e-06,6.148
0.24958,-0.090009,0,10.192,0.025578,-2.1701e-06,6.0966
0.25791,-0.090009,0,10.191,0.02529,-1.902e-06,6.0405
0.26625,-0.090009,0,10.191,0.025429,-2.797e-06,5.9749
0.27459,-0.090009,0,10.193,0.026426,-4.1719e-06,5.8908
0.28293,-0.085052,0,10.203,0.018115,-3.0743e-06,5.8214
0.28293,-0.090013,0,10.207,0.0272,-3.085e-06,5.794
0.29127,-0.085316,0,10.215,0.015149,-3.7822e-06,5.7366
0.29128,-0.090054,0,10.228,0.026158,-3.6882e-06,5.7113
0.29965,-0.087289,0,10.234,0.01604,-4.9816e-06,5.6178
0.29966,-0.09013,0,10.241,0.022372,-5.1033e-06,5.6036
0.30801,-0.087045,0,10.248,0.0093599,-5.2769e-06,5.4606
0.30802,-0.090149,0,10.253,0.015477,-5.3086e-06,5.4359
0.31637,-0.090191,0,10.265,0.0075613,-6.1342e-06,5.255
0.32472,-0.0902,0,10.276,-0.00078331,-7.0066e-06,5.0569
0.339,-0.090235,0,10.301,-0.017459,-1.0363e-05,4.6106
0.3331,-0.090235,0,10.29,-0.010229,-8.9017e-06,4.8177
0.34579,-0.090233,0,10.318,-0.026299,-1.1867e-05,4.3335
0.34984,-0.08931,0,10.335,-0.034953,-1.2766e-05,4.169
0.34984,-0.09023,0,10.329,-0.031757,-1.2703e-05,4.1546
0.36633,-0.090197,0,10.397,-0.055362,-1.6225e-05,3.2121
0.3582,-0.087136,0,10.388,-0.057106,-1.4882e-05,3.768
0.35821,-0.090216,0,10.359,-0.043609,-1.4591e-05,3.7154
0.39989,-0.0901,0,10.638,-0.094512,-2.1713e-05,0.28191
0.40007,-0.0901,0,10.64,-0.094556,-2.1728e-05,0.26385
0.39998,-0.090073,0,10.64,-0.0948,-2.1733e-05,0.27325
0.39998,-0.0901,0,10.639,-0.094563,-2.1723e-05,0.27316
0.42084,-0.090104,0,10.818,-0.083859,-2.2271e-05,-1.9124
0.41665,-0.087676,0,10.836,-0.11052,-2.3379e-05,-1.514
0.43305,-0.090105,0,10.911,-0.066251,-2.1763e-05,-3.0799
0.42499,-0.088903,0,10.881,-0.089088,-2.2658e-05,-2.3596
0.42499,-0.090104,0,10.852,-0.079148,-2.2167e-05,-2.3364
0.4419,-0.090106,0,10.964,-0.048907,-2.1093e-05,-3.7726
0.45,-0.087642,0,11.071,-0.041167,-2.1211e-05,-4.3532
0.45,-0.090106,0,10.999,-0.031092,-2.0309e-05,-4.2757
0.45838,-0.090106,0,11.023,-0.011529,-1.9552e-05,-4.6524
0.45834,-0.090081,0,11.023,-0.011692,-1.9565e-05,-4.652
0.45834,-0.090106,0,11.023,-0.01163,-1.9556e-05,-4.6512
0.48343,-0.090105,0,11.026,0.046928,-1.8307e-05,-4.9444
0.49167,-0.088872,0,11.052,0.066349,-1.8841e-05,-4.8277
0.49167,-0.090104,0,11.01,0.063501,-1.8494e-05,-4.7994
0.50001,-0.090081,0,10.987,0.078139,-1.9093e-05,-4.5558
0.50001,-0.090104,0,10.986,0.078067,-1.9086e-05,-4.5554
0.50834,-0.090003,0,10.96,0.09067,-2.0108e-05,-4.2325
0.50834,-0.090103,0,10.957,0.090281,-2.0083e-05,-4.2309
0.51668,-0.089899,0,10.928,0.10096,-2.1598e-05,-3.8457
0.51667,-0.090102,0,10.922,0.10005,-2.155e-05,-3.8431
0.5252,-0.090101,0,10.88,0.1074,-2.3358e-05,-3.3983
0.52501,-0.089994,0,10.885,0.10782,-2.3339e-05,-3.4098
0.52501,-0.090101,0,10.881,0.10729,-2.3315e-05,-3.4088
0.54073,-0.0901,0,10.795,0.11376,-2.71e-05,-2.5183
0.54262,-0.0901,0,10.784,0.11393,-2.76e-05,-2.4094
0.54168,-0.089798,0,10.8,0.11567,-2.7403e-05,-2.4645
0.54168,-0.0901,0,10.79,0.114,-2.7344e-05,-2.4638
0.55889,-0.090098,0,10.686,0.1099,-3.1929e-05,-1.4816
0.56668,-0.090097,0,10.638,0.10464,-3.3846e-05,-1.0616
0.57501,-0.090096,0,10.586,0.096497,-3.5653e-05,-0.63971
0.59167,-0.090046,0,10.483,0.076214,-3.8211e-05,0.092575
0.58335,-0.090094,0,10.534,0.086481,-3.713e-05,-0.24943
0.6,-0.09,0,10.436,0.06655,-3.8867e-05,0.38045
0.6,-0.09,0,10.436,0.06655,-3.8867e-05,0.38045
0.6,-0.09,0,10.436,0.06655,-3.8867e-05,0.38045
0.60833,-0.09,0,10.393,0.057754,-3.9129e-05,0.63371
0.60833,-0.09,0,10.393,0.057754,-3.9129e-05,0.63371
0.61667,-0.09,0,10.353,0.049566,-3.9036e-05,0.84703
0.61667,-0.09,0,10.353,0.049566,-3.9036e-05,0.84703
0.62917,-0.09,0,10.301,0.037774,-3.83e-05,1.0641
0.625,-0.088333,0,10.416,0.046644,-3.8844e-05,1.0236
0.625,-0.09,0,10.317,0.041548,-3.8634e-05,1.0061
0.64167,-0.09,0,10.254,0.027412,-3.7078e-05,1.2072
0.64167,-0.09,0,10.254,0.027412,-3.7078e-05,1.2072
0.64167,-0.09,0,10.254,0.027412,-3.7078e-05,1.2072
0.64167,-0.09,0,10.254,0.027412,-3.7078e-05,1.2072
0.66667,-0.09,0,10.179,0.014259,-3.3591e-05,1.318
0.66667,-0.09,0,10.179,0.014259,-3.3591e-05,1.318
0.66667,-0.09,0,10.179,0.014259,-3.3591e-05,1.318
0.68333,-0.09,0,10.14,0.0094614,-3.101e-05,1.3078
0.675,-0.0875,0,10.357,0.015305,-3.2876e-05,1.3271
0.675,-0.09,0,10.159,0.011558,-3.2301e-05,1.3188
0.69444,-0.09,0,10.116,0.0074761,-2.9336e-05,1.2792
0.70556,-0.09,0,10.094,0.00612,-2.7743e-05,1.2407
0.7,-0.088333,0,10.251,0.0087228,-2.9017e-05,1.2638
0.7,-0.09,0,10.105,0.0066889,-2.8521e-05,1.2615
0.76667,-0.09,0,9.9898,0.0044598,-2.1455e-05,0.96408
0.78333,-0.09,0,9.9635,0.0046176,-2.0483e-05,0.8878
0.775,-0.0875,0,10.241,0.0076914,-2.2103e-05,0.9251
0.775,-0.09,0,9.9766,0.0045311,-2.093e-05,0.92568
0.78333,-0.09,0,9.9635,0.0046176,-2.0483e-05,0.8878
0.79444,-0.09,0,9.9464,0.0047442,-1.9988e-05,0.83823
0.79167,-0.08875,0,10.087,0.0063468,-2.0725e-05,0.85018
0.79167,-0.09,0,9.9506,0.004712,-2.0097e-05,0.85048
0.80833,-0.09,0,9.9254,0.0049036,-1.9507e-05,0.77751
0.82222,-0.09,0,9.9049,0.0050507,-1.9198e-05,0.71831
0.81667,-0.088,0,10.139,0.0077146,-2.0381e-05,0.74141
0.81667,-0.09,0,9.913,0.0049942,-1.9302e-05,0.7418
0.83611,-0.09,0,9.8848,0.0051803,-1.9e-05,0.66025
0.84722,-0.09,0,9.8692,0.0052697,-1.8905e-05,0.61451
0.84167,-0.088,0,10.11,0.008011,-2.0072e-05,0.637
0.84167,-0.09,0,9.877,0.0052273,-1.8943e-05,0.63727
0.85556,-0.09,0,9.8577,0.0053286,-1.8864e-05,0.58054
0.85833,-0.089375,0,9.928,0.0062231,-1.9212e-05,0.56919
0.85833,-0.09,0,9.8538,0.0053474,-1.8853e-05,0.56925
0.87083,-0.09,0,9.837,0.0054188,-1.8833e-05,0.51883
0.86667,-0.087778,0,10.108,0.0085134,-2.0122e-05,0.53541
0.86667,-0.09,0,9.8426,0.0053969,-1.8836e-05,0.53558
0.88056,-0.09,0,9.8242,0.0054665,-1.8834e-05,0.47985
0.88333,-0.08875,0,9.9722,0.0072281,-1.9567e-05,0.46868
0.88333,-0.09,0,9.8206,0.0054794,-1.8836e-05,0.46873
0.89667,-0.09,0,9.8037,0.005532,-1.8854e-05,0.41557
0.89167,-0.088125,0,10.039,0.0081283,-1.9949e-05,0.43543
0.89167,-0.09,0,9.8099,0.0055136,-1.8847e-05,0.43548
0.90556,-0.09,0,9.7926,0.0055633,-1.8866e-05,0.3802
0.91042,-0.09,0,9.7867,0.0055798,-1.8871e-05,0.36088
0.90833,-0.089375,0,9.8664,0.0064358,-1.924e-05,0.36916
0.90833,-0.09,0,9.7892,0.0055728,-1.8869e-05,0.36916
0.92976,-0.09,0,9.7637,0.005655,-1.8912e-05,0.28395
0.93611,-0.09,0,9.7564,0.0056885,-1.894e-05,0.25864
0.93333,-0.089063,0,9.877,0.0069355,-1.9491e-05,0.26974
0.93333,-0.09,0,9.7596,0.005672,-1.8925e-05,0.26973
0.95,-0.09,0,9.741,0.0057766,-1.9012e-05,0.20316
0.96111,-0.09,0,9.7292,0.0058515,-1.907e-05,0.15874
0.95833,-0.089063,0,9.8507,0.0070468,-1.9616e-05,0.16986
0.95833,-0.09,0,9.732,0.0058331,-1.9056e-05,0.16981
0.97615,-0.09,0,9.7137,0.0059519,-1.91e-05,0.098729
0.98738,-0.09,0,9.7022,0.0060049,-1.9044e-05,0.053098
0.98333,-0.088047,0,9.9561,0.0084589,-2.0259e-05,0.071052
0.98333,-0.09,0,9.7069,0.0059717,-1.9049e-05,0.071068
0.015884,-0.085001,0,10.003,0.0071679,-4.5631e-08,7.3745
0.016628,-0.085001,0,10.003,0.0073806,-4.775e-08,7.3728
0.026166,-0.085001,0,10.009,0.0091521,-6.5167e-08,7.3237
0.024942,-0.084299,0,10.008,0.0094644,-6.3107e-08,7.3263
0.024942,-0.085001,0,10.008,0.0088673,-6.3125e-08,7.3304
0.039714,-0.085002,0,10.018,0.012554,-8.7001e-08,7.2518
0.043608,-0.085002,0,10.02,0.013568,-9.3153e-08,7.2316
0.04157,-0.083833,0,10.018,0.014268,-8.9875e-08,7.2371
0.04157,-0.085002,0,10.019,0.013058,-8.9875e-08,7.2423
0.071494,-0.085003,0,10.041,0.019165,-1.3826e-07,7.0828
0.066513,-0.081872,0,10.031,0.020406,-1.2972e-07,7.1033
0.078485,-0.085004,0,10.046,0.020187,-1.5075e-07,7.0454
0.074827,-0.082903,0,10.039,0.020733,-1.4393e-07,7.0618
0.074827,-0.085004,0,10.044,0.019688,-1.4387e-07,7.065
0.087386,-0.085004,0,10.054,0.021319,-1.6799e-07,6.9976
0.095919,-0.085005,0,10.06,0.022245,-1.8599e-07,6.9513
0.091455,-0.08244,0,10.049,0.02239,-1.7612e-07,6.9733
0.091456,-0.085004,0,10.057,0.021796,-1.7612e-07,6.9756
0.10328,-0.085005,0,10.066,0.022936,-2.0321e-07,6.9112
0.10808,-0.081978,0,10.058,0.023422,-2.152e-07,6.8833
0.10808,-0.085005,0,10.07,0.023353,-2.1513e-07,6.8849
0.12206,-0.085006,0,10.082,0.024346,-2.5677e-07,6.8081
0.1164,-0.081748,0,10.063,0.023777,-2.3862e-07,6.838
0.1164,-0.085006,0,10.077,0.023977,-2.3863e-07,6.8393
0.13508,-0.085006,0,10.092,0.025075,-3.0393e-07,6.7362
0.1482,-0.085007,0,10.103,0.025639,-3.6268e-07,6.6638
0.14134,-0.085007,0,10.097,0.025367,-3.3e-07,6.7016
0.15894,-0.085008,0,10.111,0.025997,-4.2128e-07,6.6046
0.16629,-0.080375,0,10.088,0.024541,-4.6764e-07,6.5643
0.16629,-0.085008,0,10.117,0.026193,-4.6787e-07,6.5642
0.1746,-0.080148,0,10.092,0.02451,-5.2851e-07,6.519
0.1746,-0.085008,0,10.123,0.026361,-5.2887e-07,6.5186
0.18292,-0.084944,0,10.129,0.02645,-5.9937e-07,6.4731
0.18292,-0.085009,0,10.129,0.026476,-5.9937e-07,6.4731
0.19123,-0.085009,0,10.135,0.026537,-6.8174e-07,6.4277
0.20404,-0.085009,0,10.144,0.026503,-8.3958e-07,6.3578
0.19956,-0.085009,0,10.141,0.02654,-7.7836e-07,6.3823
0.21565,-0.085009,0,10.152,0.026332,-1.0166e-06,6.2942
0.20789,-0.080411,0,10.114,0.02442,-8.9074e-07,6.3384
0.21623,-0.085009,0,10.153,0.026321,-1.0259e-06,6.291
0.22456,-0.085009,0,10.158,0.026084,-1.1851e-06,6.2449
0.2329,-0.082357,0,10.144,0.024444,-1.378e-06,6.1998
0.2329,-0.085009,0,10.164,0.02575,-1.3835e-06,6.1979
0.24124,-0.085009,0,10.169,0.025317,-1.6503e-06,6.1494
0.24957,-0.085009,0,10.175,0.024787,-2.014e-06,6.0982
0.25791,-0.085009,0,10.181,0.024143,-2.1888e-06,6.0422
0.26625,-0.085009,0,10.188,0.023264,-2.9345e-06,5.9785
0.27802,-0.085009,0,10.198,0.020069,-3.3852e-06,5.87
0.27459,-0.085009,0,10.195,0.021488,-3.6027e-06,5.9038
0.28292,-0.082244,0,10.183,0.015773,-3.2415e-06,5.8336
0.29963,-0.084266,0,10.222,0.010301,-4.872e-06,5.6328
0.31089,-0.085166,0,10.252,0.0029667,-5.5546e-06,5.4158
0.308,-0.083445,0,10.231,0.0034029,-5.3613e-06,5.4904
0.31636,-0.085196,0,10.263,-0.0020737,-6.1179e-06,5.3022
0.32471,-0.085205,0,10.283,-0.011302,-7.0873e-06,5.1096
0.33973,-0.085238,0,10.327,-0.031985,-1.0682e-05,4.6499
0.33309,-0.085234,0,10.306,-0.022155,-8.9342e-06,4.8781
0.35818,-0.08177,0,10.374,-0.083991,-1.5666e-05,3.8841
0.39996,-0.080218,0,10.699,-0.18819,-2.6499e-05,0.31794
0.41381,-0.085154,0,10.863,-0.13544,-2.4363e-05,-1.2308
0.41875,-0.085155,0,10.911,-0.12994,-2.4363e-05,-1.7686
0.41665,-0.083887,0,10.887,-0.14579,-2.5213e-05,-1.5667
0.41665,-0.085155,0,10.891,-0.13326,-2.4422e-05,-1.5455
0.56208,-0.085146,0,10.848,0.13549,-3.3498e-05,-1.2795
0.56668,-0.085145,0,10.824,0.13212,-3.4581e-05,-1.0225
0.57502,-0.085144,0,10.784,0.12346,-3.6293e-05,-0.58759
0.59166,-0.085063,0,10.712,0.10247,-3.883e-05,0.1521
0.58336,-0.085141,0,10.746,0.1133,-3.7767e-05,-0.19154
0.6,-0.08,0,10.685,0.10651,-4.1433e-05,0.53572
0.015882,-0.080001,0,10.003,0.0088309,-4.5621e-08,7.3435
0.0083139,-0.075237,0,10.001,0.0041577,-2.4012e-08,7.3373
0.017447,-0.080001,0,10.003,0.009631,-4.9252e-08,7.3376
0.016628,-0.080001,0,10.003,0.0092498,-4.775e-08,7.3416
0.024942,-0.075706,0,10.006,0.011164,-6.2893e-08,7.2887
0.033256,-0.075941,0,10.009,0.013355,-7.675e-08,7.253
0.04157,-0.076176,0,10.013,0.015109,-8.9971e-08,7.2175
0.049884,-0.07641,0,10.017,0.016597,-1.0275e-07,7.1805
0.063539,-0.080003,0,10.025,0.021345,-1.2475e-07,7.1147
0.058198,-0.076644,0,10.021,0.017838,-1.1583e-07,7.1408
0.069776,-0.080003,0,10.029,0.021834,-1.3527e-07,7.0832
0.066512,-0.080003,0,10.027,0.021614,-1.2962e-07,7.0998
0.08314,-0.077344,0,10.034,0.020524,-1.5937e-07,7.0142
0.091455,-0.077576,0,10.039,0.021185,-1.76e-07,6.9707
0.10808,-0.07804,0,10.049,0.022248,-2.151e-07,6.8818
0.1164,-0.078271,0,10.054,0.022678,-2.3845e-07,6.8369
0.12471,-0.078502,0,10.059,0.023053,-2.6497e-07,6.7917
0.13506,-0.080006,0,10.066,0.024032,-3.0387e-07,6.7354
0.13303,-0.078732,0,10.064,0.023379,-2.9528e-07,6.7462
0.14823,-0.080007,0,10.075,0.024224,-3.6294e-07,6.6632
0.14134,-0.080007,0,10.07,0.024131,-3.3012e-07,6.7009
0.14966,-0.079189,0,10.074,0.023901,-3.6963e-07,6.6552
0.15797,-0.079417,0,10.08,0.024107,-4.1491e-07,6.6097
0.16628,-0.079644,0,10.085,0.024278,-4.6756e-07,6.5643
0.1746,-0.07987,0,10.091,0.02441,-5.2847e-07,6.5189
0.19074,-0.080009,0,10.101,0.024451,-6.7623e-07,6.4313
0.18291,-0.077557,0,10.092,0.02368,-5.9832e-07,6.4735
0.19123,-0.080009,0,10.101,0.024449,-6.8111e-07,6.4287
0.19955,-0.080009,0,10.106,0.024378,-7.7735e-07,6.3836
0.20789,-0.080009,0,10.112,0.024241,-8.9062e-07,6.3385
0.21622,-0.080009,0,10.117,0.024024,-1.024e-06,6.2933
0.22514,-0.080009,0,10.122,0.023683,-1.1952e-06,6.2445
0.22456,-0.080009,0,10.122,0.023713,-1.1817e-06,6.2478
0.24074,-0.080009,0,10.132,0.022752,-1.5965e-06,6.1564
0.23289,-0.077682,0,10.122,0.022628,-1.3701e-06,6.2028
0.24123,-0.080009,0,10.133,0.022719,-1.6104e-06,6.1537
0.24957,-0.080009,0,10.138,0.021967,-1.8939e-06,6.1034
0.2579,-0.080009,0,10.144,0.020949,-2.186e-06,6.0492
0.26624,-0.080009,0,10.151,0.019482,-2.6913e-06,5.9888
0.27458,-0.080009,0,10.158,0.017222,-3.1829e-06,5.9203
0.28664,-0.080011,0,10.171,0.012302,-3.6414e-06,5.805
0.28292,-0.080009,0,10.167,0.013942,-3.3767e-06,5.8432
0.2913,-0.080014,0,10.176,0.010245,-3.9737e-06,5.7571
0.29126,-0.079973,0,10.176,0.010231,-3.9712e-06,5.7578
0.29961,-0.080056,0,10.187,0.0058936,-4.7905e-06,5.6531
0.30799,-0.080141,0,10.202,-0.00090349,-5.5624e-06,5.5189
0.31635,-0.0802,0,10.218,-0.010376,-6.6058e-06,5.3609
0.3247,-0.080205,0,10.236,-0.022037,-7.8334e-06,5.1796
0.34077,-0.08024,0,10.283,-0.050721,-1.1342e-05,4.7077
0.33306,-0.080216,0,10.258,-0.035833,-9.4981e-06,4.9604
0.35426,-0.080241,0,10.341,-0.08224,-1.4854e-05,4.1185
0.34979,-0.078544,0,10.309,-0.077994,-1.3929e-05,4.3891
0.36029,-0.08024,0,10.373,-0.097929,-1.6543e-05,3.7913
0.35818,-0.080241,0,10.36,-0.09219,-1.5933e-05,3.9211
0.36653,-0.076169,0,10.384,-0.14031,-1.9761e-05,3.5348
0.3999,-0.080198,0,10.698,-0.18831,-2.6501e-05,0.3244
0.39999,-0.080198,0,10.699,-0.18839,-2.6514e-05,0.31425
0.39996,-0.080198,0,10.699,-0.18839,-2.6511e-05,0.31805
0.40829,-0.075325,0,10.775,-0.24281,-3.1272e-05,-0.67917
0.41664,-0.076539,0,10.873,-0.22057,-3.0482e-05,-1.7047
0.42498,-0.076421,0,10.961,-0.20098,-3.018e-05,-2.6921
0.49168,-0.076897,0,11.191,0.098077,-2.3387e-05,-5.1953
0.50002,-0.075316,0,11.165,0.13132,-2.4531e-05,-4.9454
0.50835,-0.075742,0,11.13,0.15317,-2.521e-05,-4.5404
0.51669,-0.075502,0,11.089,0.17299,-2.6632e-05,-4.0895
0.52502,-0.075383,0,11.044,0.18739,-2.8346e-05,-3.5867
0.53336,-0.076088,0,10.998,0.19206,-2.9948e-05,-3.0451
0.54169,-0.075921,0,10.949,0.19692,-3.2135e-05,-2.4993
0.55003,-0.075622,0,10.899,0.19792,-3.4485e-05,-1.9517
0.5611,-0.080195,0,10.853,0.16394,-3.512e-05,-1.2956
0.56669,-0.080194,0,10.823,0.15873,-3.6448e-05,-0.97002
0.57502,-0.080192,0,10.783,0.14802,-3.818e-05,-0.51981
0.59167,-0.080082,0,10.713,0.12165,-4.0795e-05,0.23739
0.58336,-0.080188,0,10.746,0.13542,-3.9672e-05,-0.1143
0.6,-0.08,0,10.685,0.10651,-4.1433e-05,0.53572
0.6,-0.08,0,10.685,0.10651,-4.1433e-05,0.53572
0.6,-0.08,0,10.685,0.10651,-4.1433e-05,0.53572
0.60833,-0.075,0,10.639,0.10469,-4.4835e-05,0.88635
0.61667,-0.075,0,10.622,0.087895,-4.4856e-05,1.0741
0.625,-0.075,0,10.609,0.072795,-4.4548e-05,1.2104
0.64167,-0.075,0,10.595,0.048007,-4.3157e-05,1.3614
0.65,-0.0775,0,10.6,0.037035,-4.0538e-05,1.3679
0.66667,-0.075,0,10.592,0.024552,-3.9974e-05,1.3983
0.675,-0.07625,0,10.596,0.019759,-3.799e-05,1.3745
0.69167,-0.08,0,10.608,0.014318,-3.3253e-05,1.3084
0.7,-0.08,0,10.61,0.012718,-3.2166e-05,1.2756
0.725,-0.07625,0,10.614,0.0094527,-3.1688e-05,1.1623
0.79167,-0.07625,0,10.64,0.011113,-2.7421e-05,0.84506
0.81667,-0.07625,0,10.648,0.012147,-2.6905e-05,0.73714
0.84167,-0.07625,0,10.655,0.012991,-2.6752e-05,0.63367
0.85833,-0.075625,0,10.662,0.013308,-2.7151e-05,0.56618
0.86667,-0.076875,0,10.658,0.013748,-2.6403e-05,0.53313
0.88333,-0.075625,0,10.669,0.013836,-2.7255e-05,0.4666
0.89167,-0.076,0,10.669,0.014037,-2.7068e-05,0.43366
0.90833,-0.075625,0,10.676,0.01421,-2.7401e-05,0.36769
0.93333,-0.075938,0,10.679,0.014518,-2.7366e-05,0.26867
0.95833,-0.075882,0,10.684,0.014728,-2.7572e-05,0.1689
0.98333,-0.076953,0,10.674,0.015169,-2.7142e-05,0.068234
0,-0.075,0,10,0,0,7.3407
0.0083139,-0.075,0,10.001,0.0041367,-2.4012e-08,7.336
0.016628,-0.075001,0,10.003,0.0080079,-4.7625e-08,7.3178
0.024942,-0.075001,0,10.006,0.010843,-6.2875e-08,7.2867
0.033256,-0.075002,0,10.009,0.012731,-7.675e-08,7.2517
0.04157,-0.075002,0,10.012,0.01415,-9e-08,7.2167
0.049884,-0.075002,0,10.016,0.015345,-1.0275e-07,7.1799
0.058198,-0.075003,0,10.02,0.01636,-1.1575e-07,7.1404
0.069785,-0.075003,0,10.026,0.017532,-1.3503e-07,7.0823
0.066512,-0.075003,0,10.024,0.017229,-1.2937e-07,7.099
0.079418,-0.075004,0,10.031,0.01838,-1.5231e-07,7.033
0.08314,-0.075004,0,10.033,0.018689,-1.5925e-07,7.0138
0.095947,-0.075005,0,10.04,0.01961,-1.858e-07,6.9463
0.091454,-0.075004,0,10.037,0.01931,-1.7588e-07,6.9702
0.10325,-0.075005,0,10.044,0.020074,-2.0289e-07,6.9072
0.10808,-0.075005,0,10.046,0.020363,-2.1488e-07,6.8812
0.1164,-0.075006,0,10.051,0.02081,-2.3812e-07,6.8362
0.12471,-0.075006,0,10.055,0.02121,-2.6463e-07,6.7909
0.13303,-0.075006,0,10.06,0.021566,-2.95e-07,6.7454
0.14134,-0.075007,0,10.065,0.021879,-3.2963e-07,6.6999
0.14965,-0.075007,0,10.069,0.022154,-3.69e-07,6.6543
0.15797,-0.075008,0,10.074,0.022391,-4.1425e-07,6.6089
0.16628,-0.075008,0,10.078,0.02259,-4.6675e-07,6.5635
0.1746,-0.075008,0,10.083,0.022747,-5.275e-07,6.5183
0.18291,-0.075009,0,10.088,0.022858,-5.9775e-07,6.4733
0.19123,-0.075009,0,10.092,0.022915,-6.7961e-07,6.4285
0.19955,-0.075009,0,10.097,0.022907,-7.756e-07,6.3839
0.20788,-0.075009,0,10.101,0.02282,-8.885e-07,6.3392
0.21622,-0.075009,0,10.106,0.022635,-1.0214e-06,6.2946
0.22456,-0.075009,0,10.111,0.022329,-1.1784e-06,6.2497
0.23289,-0.075009,0,10.115,0.021871,-1.3666e-06,6.2043
0.24123,-0.075009,0,10.12,0.021215,-1.5929e-06,6.1577
0.24956,-0.075009,0,10.125,0.020293,-1.8579e-06,6.1091
0.2579,-0.075009,0,10.131,0.019,-2.1718e-06,6.0573
0.26624,-0.075009,0,10.137,0.017166,-2.5861e-06,6.0006
0.27457,-0.075009,0,10.143,0.01455,-3.0266e-06,5.9374
0.28291,-0.075009,0,10.15,0.010901,-3.4661e-06,5.8663
0.29125,-0.07501,0,10.159,0.0061897,-4.1009e-06,5.7865
0.29959,-0.075031,0,10.168,0.00012467,-4.888e-06,5.6924
0.30797,-0.075124,0,10.18,-0.0081849,-5.8047e-06,5.5751
0.31634,-0.075201,0,10.195,-0.019202,-6.9481e-06,5.4328
0.32469,-0.07521,0,10.211,-0.032859,-8.3341e-06,5.2651
0.34126,-0.07525,0,10.257,-0.068424,-1.2109e-05,4.8086
0.33304,-0.075215,0,10.232,-0.049254,-1.0073e-05,5.0611
0.34179,-0.075251,0,10.259,-0.069808,-1.2253e-05,4.7893
0.34141,-0.074495,0,10.254,-0.071078,-1.226e-05,4.825
0.34978,-0.075251,0,10.289,-0.091726,-1.4518e-05,4.4785
0.35816,-0.075256,0,10.329,-0.11777,-1.7185e-05,4.0703
0.37342,-0.075249,0,10.427,-0.17002,-2.2567e-05,3.0515
0.36652,-0.075251,0,10.378,-0.14604,-2.0081e-05,3.5636
0.3999,-0.075247,0,10.679,-0.24025,-3.0329e-05,0.36434
0.39995,-0.075247,0,10.68,-0.24033,-3.034e-05,0.35868
0.40829,-0.075253,0,10.775,-0.24359,-3.133e-05,-0.67961
0.41663,-0.075258,0,10.871,-0.234,-3.152e-05,-1.7315
0.43264,-0.075263,0,11.035,-0.18259,-3.0319e-05,-3.5464
0.42497,-0.072961,0,10.967,-0.23594,-3.3512e-05,-2.8296
0.42498,-0.07526,0,10.962,-0.21208,-3.1092e-05,-2.7316
0.44166,-0.074891,0,11.109,-0.1434,-2.9534e-05,-4.3726
0.45834,-0.070394,0,11.215,-0.067609,-3.0882e-05,-5.6101
0.48358,-0.075262,0,11.21,0.070262,-2.4266e-05,-5.4609
0.49168,-0.075261,0,11.192,0.10277,-2.4169e-05,-5.2581
0.50002,-0.075259,0,11.165,0.13154,-2.4558e-05,-4.9473
0.50835,-0.075257,0,11.13,0.15541,-2.543e-05,-4.5533
0.51669,-0.075255,0,11.089,0.17428,-2.6742e-05,-4.0946
0.52502,-0.075253,0,11.044,0.18812,-2.8404e-05,-3.5886
0.53336,-0.075251,0,10.996,0.19699,-3.0326e-05,-3.0522
0.54169,-0.075248,0,10.947,0.20095,-3.2446e-05,-2.5011
0.55227,-0.075246,0,10.884,0.19872,-3.5249e-05,-1.8066
0.55003,-0.075247,0,10.897,0.20015,-3.4661e-05,-1.9505
0.55891,-0.075244,0,10.846,0.19423,-3.6984e-05,-1.3813
0.55836,-0.072987,0,10.843,0.2089,-3.8252e-05,-1.3936
0.56669,-0.075242,0,10.803,0.18547,-3.8903e-05,-0.90699
0.57503,-0.07524,0,10.761,0.17262,-4.075e-05,-0.43876
0.59167,-0.075086,0,10.689,0.14069,-4.3628e-05,0.34035
0.58337,-0.075235,0,10.723,0.15738,-4.2354e-05,-0.020551
0.6,-0.075,0,10.661,0.12272,-4.4447e-05,0.64274
0.6,-0.074851,0,10.661,0.12321,-4.4564e-05,0.64647
0.6,-0.075,0,10.661,0.12272,-4.4447e-05,0.64274
0.60833,-0.075,0,10.639,0.10469,-4.4835e-05,0.88635
0.60833,-0.075,0,10.639,0.10469,-4.4835e-05,0.88635
0.61667,-0.075,0,10.622,0.087895,-4.4856e-05,1.0741
0.625,-0.075,0,10.609,0.072795,-4.4548e-05,1.2104
0.625,-0.075,0,10.609,0.072795,-4.4548e-05,1.2104
0.64167,-0.075,0,10.595,0.048007,-4.3157e-05,1.3614
0.64167,-0.075,0,10.595,0.048007,-4.3157e-05,1.3614
0.65417,-0.075,0,10.592,0.034568,-4.165e-05,1.3985
0.65,-0.075,0,10.592,0.038444,-4.2188e-05,1.3931
0.66667,-0.075,0,10.592,0.024552,-3.9974e-05,1.3983
0.66667,-0.075,0,10.592,0.024552,-3.9974e-05,1.3983
0.67917,-0.075,0,10.594,0.017987,-3.8228e-05,1.3673
0.675,-0.075,0,10.593,0.019791,-3.8809e-05,1.3806
0.69167,-0.075,0,10.599,0.013523,-3.6509e-05,1.3214
0.69167,-0.075,0,10.599,0.013523,-3.6509e-05,1.3214
0.70556,-0.075,0,10.605,0.010769,-3.4718e-05,1.2585
0.7,-0.075,0,10.602,0.011628,-3.5413e-05,1.2847
0.70833,-0.0725,0,10.601,0.0093391,-3.6587e-05,1.2487
0.71667,-0.075,0,10.61,0.0095229,-3.3394e-05,1.2044
0.73333,-0.075,0,10.617,0.0088852,-3.1669e-05,1.121
0.725,-0.075,0,10.613,0.0090683,-3.249e-05,1.1628
0.775,-0.0725,0,10.632,0.0091263,-3.096e-05,0.91842
0.78333,-0.075,0,10.639,0.010374,-2.848e-05,0.88178
0.79444,-0.075,0,10.643,0.010877,-2.8121e-05,0.83233
0.79167,-0.075,0,10.642,0.010753,-2.8198e-05,0.84452
0.80833,-0.075,0,10.648,0.011485,-2.7798e-05,0.77203
0.82083,-0.075,0,10.653,0.011984,-2.7637e-05,0.71924
0.81667,-0.075,0,10.651,0.011825,-2.7678e-05,0.73667
0.83333,-0.075,0,10.657,0.012438,-2.7547e-05,0.66737
0.84583,-0.075,0,10.661,0.012832,-2.7524e-05,0.61642
0.84167,-0.075,0,10.66,0.012709,-2.7525e-05,0.6333
0.85556,-0.075,0,10.665,0.013105,-2.7533e-05,0.5772
0.85833,-0.07,0,10.661,0.011833,-3.1635e-05,0.56446
0.85833,-0.075,0,10.666,0.01318,-2.7538e-05,0.56603
0.87167,-0.075,0,10.67,0.013491,-2.7586e-05,0.51281
0.86667,-0.075,0,10.668,0.013382,-2.7564e-05,0.53271
0.88056,-0.075,0,10.673,0.013672,-2.7629e-05,0.4775
0.88333,-0.07,0,10.671,0.012423,-3.1695e-05,0.46534
0.88333,-0.075,0,10.673,0.013727,-2.7643e-05,0.46648
0.89667,-0.075,0,10.677,0.01395,-2.7718e-05,0.41372
0.89167,-0.075,0,10.676,0.013872,-2.7689e-05,0.43349
0.90556,-0.075,0,10.68,0.01408,-2.7772e-05,0.37858
0.91042,-0.075,0,10.681,0.014146,-2.7802e-05,0.35936
0.90833,-0.075,0,10.681,0.014119,-2.7789e-05,0.3676
0.92976,-0.075,0,10.687,0.014372,-2.7924e-05,0.28273
0.93583,-0.075,0,10.689,0.014435,-2.7966e-05,0.25861
0.93333,-0.075,0,10.688,0.01441,-2.7948e-05,0.26856
0.95,-0.075,0,10.692,0.014574,-2.8065e-05,0.20214
0.96096,-0.075,0,10.695,0.014683,-2.8135e-05,0.15821
0.95833,-0.075,0,10.695,0.014652,-2.8121e-05,0.16879
0.975,-0.075,0,10.699,0.01483,-2.8217e-05,0.10168
0.98742,-0.075,0,10.702,0.015062,-2.8444e-05,0.051198
0.98333,-0.075,0,10.701,0.015036,-2.8367e-05,0.06757
0,-0.07,0,10,0,0,7.3179
0.0083139,-0.07,0,10.001,0.0035216,-2.3875e-08,7.3136
0.016628,-0.070001,0,10.002,0.006763,-4.7375e-08,7.2987
0.024942,-0.070001,0,10.005,0.009387,-6.2625e-08,7.2728
0.033256,-0.070002,0,10.008,0.011451,-7.65e-08,7.2407
0.04157,-0.070002,0,10.011,0.013196,-8.975e-08,7.2064
0.049884,-0.070002,0,10.015,0.014714,-1.0263e-07,7.1703
0.058198,-0.070003,0,10.019,0.015986,-1.1575e-07,7.1318
0.069794,-0.070003,0,10.024,0.017356,-1.3488e-07,7.0753
0.066512,-0.070003,0,10.023,0.017021,-1.2925e-07,7.0916
0.079407,-0.070004,0,10.029,0.018257,-1.5197e-07,7.0271
0.074825,-0.067122,0,10.026,0.016812,-1.4343e-07,7.0484
0.08314,-0.070004,0,10.031,0.018573,-1.5887e-07,7.0083
0.09596,-0.070005,0,10.038,0.019429,-1.8565e-07,6.9418
0.091454,-0.070004,0,10.035,0.019162,-1.7563e-07,6.9654
0.10324,-0.070005,0,10.042,0.019828,-2.0268e-07,6.9034
0.10808,-0.070005,0,10.044,0.020071,-2.1463e-07,6.8777
0.1164,-0.070006,0,10.049,0.020426,-2.38e-07,6.8331
0.12471,-0.070006,0,10.053,0.020733,-2.645e-07,6.7883
0.13303,-0.070006,0,10.058,0.020998,-2.9463e-07,6.7432
0.14134,-0.070007,0,10.062,0.021226,-3.2913e-07,6.698
0.14965,-0.070007,0,10.067,0.021422,-3.6837e-07,6.6528
0.15797,-0.070008,0,10.071,0.021588,-4.135e-07,6.6076
0.16628,-0.070008,0,10.076,0.021724,-4.6588e-07,6.5626
0.1746,-0.070008,0,10.08,0.021826,-5.2637e-07,6.5177
0.18291,-0.070009,0,10.085,0.021887,-5.9625e-07,6.473
0.19123,-0.070009,0,10.089,0.0219,-6.7762e-07,6.4286
0.19955,-0.070009,0,10.093,0.021852,-7.7336e-07,6.3844
0.20788,-0.070009,0,10.098,0.021724,-8.8575e-07,6.3403
0.21622,-0.070009,0,10.102,0.021492,-1.0179e-06,6.2964
0.22455,-0.070009,0,10.107,0.021126,-1.1745e-06,6.2524
0.23289,-0.070009,0,10.111,0.020583,-1.361e-06,6.2082
0.24122,-0.070009,0,10.116,0.019805,-1.583e-06,6.1631
0.24956,-0.070009,0,10.12,0.018707,-1.8455e-06,6.1166
0.25789,-0.070009,0,10.125,0.017167,-2.1622e-06,6.0677
0.26623,-0.070009,0,10.13,0.01501,-2.5501e-06,6.0152
0.27457,-0.070009,0,10.136,0.011999,-2.9921e-06,5.9577
0.28291,-0.070009,0,10.143,0.0078571,-3.5091e-06,5.894
0.29124,-0.070009,0,10.15,0.0023721,-4.1707e-06,5.8225
0.29958,-0.070015,0,10.158,-0.0047441,-4.9798e-06,5.7394
0.30793,-0.070065,0,10.168,-0.014105,-5.9622e-06,5.6379
0.31632,-0.070185,0,10.181,-0.026389,-7.187e-06,5.5131
0.32468,-0.070214,0,10.196,-0.041916,-8.7054e-06,5.3632
0.33303,-0.070221,0,10.214,-0.060915,-1.0591e-05,5.1793
0.34139,-0.070255,0,10.237,-0.08388,-1.2885e-05,4.9446
0.34976,-0.070265,0,10.267,-0.11114,-1.5609e-05,4.6422
0.35813,-0.070272,0,10.305,-0.14254,-1.8775e-05,4.2538
0.37409,-0.070282,0,10.407,-0.20996,-2.5759e-05,3.1948
0.3665,-0.070272,0,10.353,-0.17718,-2.2323e-05,3.7591
0.37487,-0.068182,0,10.401,-0.22978,-2.7775e-05,3.2375
0.39963,-0.070295,0,10.664,-0.29625,-3.543e-05,0.45587
0.39994,-0.070296,0,10.667,-0.29697,-3.552e-05,0.41667
0.40828,-0.070304,0,10.771,-0.30207,-3.6749e-05,-0.71145
0.42074,-0.070311,0,10.924,-0.27726,-3.6609e-05,-2.3922
0.41663,-0.070309,0,10.875,-0.29067,-3.6908e-05,-1.8583
0.43413,-0.070316,0,11.066,-0.21875,-3.5095e-05,-3.9668
0.44561,-0.070318,0,11.154,-0.14984,-3.32e-05,-4.9334
0.44166,-0.070317,0,11.129,-0.17497,-3.3892e-05,-4.6612
0.45821,-0.070318,0,11.215,-0.068647,-3.0968e-05,-5.6094
0.46174,-0.070318,0,11.223,-0.046319,-3.0371e-05,-5.6957
0.45834,-0.070242,0,11.216,-0.06805,-3.1032e-05,-5.6212
0.45834,-0.070318,0,11.216,-0.067833,-3.0946e-05,-5.6151
0.48363,-0.070315,0,11.226,0.080504,-2.7564e-05,-5.719
0.49169,-0.065425,0,11.226,0.1367,-3.1384e-05,-5.7485
0.49169,-0.070313,0,11.206,0.11875,-2.7289e-05,-5.4855
0.50002,-0.070311,0,11.175,0.15262,-2.7552e-05,-5.1399
0.50836,-0.070308,0,11.137,0.18059,-2.8346e-05,-4.7105
0.51669,-0.070306,0,11.093,0.20261,-2.9613e-05,-4.2162
0.52503,-0.070303,0,11.044,0.21869,-3.1264e-05,-3.6748
0.53336,-0.070301,0,10.992,0.22889,-3.321e-05,-3.1033
0.5417,-0.068767,0,10.939,0.24392,-3.6549e-05,-2.5236
0.5417,-0.070298,0,10.94,0.23332,-3.5374e-05,-2.518
0.55003,-0.069188,0,10.885,0.2397,-3.8519e-05,-1.9301
0.55003,-0.070296,0,10.887,0.23214,-3.7651e-05,-1.9347
0.55836,-0.070293,0,10.836,0.22566,-3.9927e-05,-1.3682
0.5667,-0.07029,0,10.787,0.21436,-4.2095e-05,-0.83332
0.57503,-0.070288,0,10.742,0.19895,-4.409e-05,-0.34308
0.59167,-0.070091,0,10.668,0.16048,-4.7338e-05,0.46235
0.58337,-0.070265,0,10.703,0.18055,-4.586e-05,0.091674
0.59167,-0.070091,0,10.668,0.16048,-4.7339e-05,0.4624
0.61667,-0.07,0,10.602,0.097876,-4.9106e-05,1.1854
0.60833,-0.065,0,10.6,0.13032,-5.4381e-05,1.1514
0.61667,-0.07,0,10.602,0.097876,-4.9106e-05,1.1854
0.625,-0.07,0,10.59,0.079957,-4.89e-05,1.3089
0.625,-0.07,0,10.59,0.079957,-4.89e-05,1.3089
0.64167,-0.07,0,10.578,0.051041,-4.761e-05,1.4336
0.63333,-0.065,0,10.568,0.068376,-5.4266e-05,1.4864
0.64167,-0.07,0,10.578,0.051041,-4.761e-05,1.4336
0.65417,-0.07,0,10.577,0.035605,-4.6128e-05,1.4517
0.65,-0.0675,0,10.571,0.040504,-4.9654e-05,1.4855
0.65,-0.07,0,10.577,0.040039,-4.6661e-05,1.4523
0.66667,-0.07,0,10.578,0.024191,-4.4457e-05,1.4353
0.66667,-0.07,0,10.578,0.024191,-4.4457e-05,1.4353
0.67917,-0.07,0,10.582,0.016791,-4.2703e-05,1.3919
0.675,-0.07,0,10.581,0.018813,-4.3288e-05,1.4088
0.69167,-0.07,0,10.588,0.011813,-4.097e-05,1.3366
0.69167,-0.07,0,10.588,0.011813,-4.097e-05,1.3366
0.7,-0.07,0,10.592,0.0097321,-3.9861e-05,1.2952
0.71667,-0.07,0,10.6,0.007477,-3.7808e-05,1.2084
0.70833,-0.07,0,10.596,0.008339,-3.8803e-05,1.2522
0.71667,-0.07,0,10.6,0.007477,-3.7808e-05,1.2084
0.73333,-0.07,0,10.608,0.0068601,-3.6041e-05,1.1212
0.725,-0.065,0,10.598,0.0049066,-4.2816e-05,1.1664
0.725,-0.07,0,10.604,0.0070185,-3.6884e-05,1.1646
0.76667,-0.07,0,10.624,0.007835,-3.353e-05,0.95601
0.78333,-0.07,0,10.632,0.0086905,-3.2718e-05,0.87901
0.775,-0.0675,0,10.625,0.0073063,-3.5981e-05,0.91564
0.775,-0.07,0,10.628,0.0082551,-3.309e-05,0.91706
0.78333,-0.07,0,10.632,0.0086905,-3.2718e-05,0.87901
0.79444,-0.07,0,10.636,0.0092671,-3.2331e-05,0.82962
0.79167,-0.07,0,10.635,0.0091257,-3.2413e-05,0.84177
0.80833,-0.07,0,10.642,0.0099549,-3.198e-05,0.76949
0.825,-0.07,0,10.649,0.010691,-3.1747e-05,0.69957
0.81667,-0.07,0,10.645,0.010336,-3.1844e-05,0.73428
0.83333,-0.07,0,10.652,0.011018,-3.1684e-05,0.66531
0.83333,-0.07,0,10.652,0.011018,-3.1684e-05,0.66531
0.84583,-0.07,0,10.657,0.011453,-3.1641e-05,0.61461
0.84167,-0.07,0,10.655,0.011317,-3.1649e-05,0.63141
0.85,-0.068333,0,10.656,0.011039,-3.3503e-05,0.59727
0.85833,-0.07,0,10.661,0.011833,-3.1635e-05,0.56446
0.87167,-0.07,0,10.666,0.01217,-3.166e-05,0.51148
0.86667,-0.07,0,10.664,0.012052,-3.1647e-05,0.5313
0.88333,-0.07,0,10.671,0.012423,-3.1695e-05,0.46534
0.88333,-0.07,0,10.671,0.012423,-3.1695e-05,0.46534
0.89667,-0.07,0,10.676,0.012662,-3.1744e-05,0.41276
0.89167,-0.07,0,10.674,0.012579,-3.1725e-05,0.43247
0.90556,-0.07,0,10.679,0.0128,-3.178e-05,0.37772
0.91042,-0.07,0,10.681,0.012869,-3.1799e-05,0.35855
0.90833,-0.07,0,10.68,0.012841,-3.1791e-05,0.36677
0.92976,-0.07,0,10.687,0.013105,-3.1881e-05,0.28207
0.93583,-0.07,0,10.69,0.01317,-3.1909e-05,0.25798
0.93333,-0.07,0,10.689,0.013145,-3.1897e-05,0.26791
0.95,-0.07,0,10.695,0.013313,-3.1976e-05,0.20155
0.96096,-0.07,0,10.699,0.013422,-3.2028e-05,0.15758
0.95833,-0.07,0,10.698,0.013394,-3.2017e-05,0.16818
0.975,-0.07,0,10.704,0.013571,-3.2104e-05,0.10093
0.98742,-0.07,0,10.708,0.013743,-3.226e-05,0.050558
0.98333,-0.07,0,10.707,0.013712,-3.2209e-05,0.066475
0,-0.065,0,10,0,0,7.2983
0.0083139,-0.065,0,10.001,0.0030332,-2.3737e-08,7.2945
0.016628,-0.065001,0,10.002,0.0058756,-4.7125e-08,7.2816
0.024942,-0.065001,0,10.004,0.0083188,-6.225e-08,7.2588
0.033255,-0.065002,0,10.007,0.010309,-7.6e-08,7.2295
0.041569,-0.065002,0,10.01,0.011938,-8.9375e-08,7.1972
0.049883,-0.065002,0,10.014,0.013288,-1.025e-07,7.1628
0.058197,-0.065003,0,10.017,0.014393,-1.1563e-07,7.1261
0.066511,-0.065003,0,10.021,0.015291,-1.2912e-07,7.0872
0.074825,-0.065004,0,10.025,0.016035,-1.4338e-07,7.0469
0.083139,-0.065004,0,10.029,0.01667,-1.5862e-07,7.0055
0.095972,-0.065005,0,10.036,0.017481,-1.8543e-07,6.9396
0.091453,-0.065004,0,10.034,0.017219,-1.7537e-07,6.9631
0.10322,-0.065005,0,10.04,0.017879,-2.0245e-07,6.9017
0.099767,-0.062832,0,10.037,0.017217,-1.9382e-07,6.9185
0.10808,-0.065005,0,10.042,0.018129,-2.145e-07,6.876
0.11639,-0.065006,0,10.047,0.018511,-2.3787e-07,6.8317
0.12471,-0.065006,0,10.051,0.018857,-2.6425e-07,6.787
0.13302,-0.065006,0,10.056,0.019171,-2.9437e-07,6.7421
0.14134,-0.065007,0,10.06,0.019454,-3.2888e-07,6.697
0.14965,-0.065007,0,10.065,0.019709,-3.68e-07,6.6519
0.15797,-0.065008,0,10.069,0.019936,-4.1288e-07,6.6068
0.16628,-0.065008,0,10.074,0.020133,-4.6488e-07,6.5619
0.17459,-0.065008,0,10.078,0.020295,-5.25e-07,6.5172
0.18291,-0.065009,0,10.082,0.020416,-5.9462e-07,6.4727
0.19122,-0.065009,0,10.087,0.020485,-6.7562e-07,6.4286
0.19954,-0.065009,0,10.091,0.020488,-7.7072e-07,6.3848
0.20788,-0.065009,0,10.096,0.020404,-8.825e-07,6.3413
0.21621,-0.065009,0,10.1,0.020207,-1.014e-06,6.2981
0.22455,-0.065009,0,10.104,0.019859,-1.17e-06,6.2552
0.23288,-0.065009,0,10.108,0.019311,-1.3553e-06,6.2122
0.24122,-0.065009,0,10.113,0.018495,-1.5756e-06,6.1689
0.24955,-0.065009,0,10.117,0.017313,-1.8384e-06,6.1249
0.25789,-0.065009,0,10.122,0.015631,-2.1554e-06,6.0793
0.26623,-0.065009,0,10.126,0.013264,-2.538e-06,6.0314
0.27456,-0.065009,0,10.132,0.0099729,-2.991e-06,5.9802
0.2829,-0.065009,0,10.137,0.0054681,-3.5404e-06,5.9244
0.29123,-0.065009,0,10.143,-0.00054959,-4.2248e-06,5.8626
0.29957,-0.065011,0,10.15,-0.0084626,-5.0692e-06,5.7918
0.30791,-0.065034,0,10.159,-0.018842,-6.1152e-06,5.7073
0.31629,-0.065141,0,10.169,-0.032408,-7.4289e-06,5.6033
0.32466,-0.065211,0,10.182,-0.049771,-9.0877e-06,5.4754
0.33301,-0.065222,0,10.198,-0.071335,-1.1173e-05,5.3161
0.34136,-0.065239,0,10.218,-0.097676,-1.3767e-05,5.1098
0.34973,-0.065274,0,10.245,-0.12936,-1.6951e-05,4.8362
0.3581,-0.065282,0,10.28,-0.16637,-2.0763e-05,4.4744
0.36646,-0.062953,0,10.312,-0.22198,-2.6845e-05,4.1323
0.36647,-0.065296,0,10.326,-0.20794,-2.5178e-05,3.9975
0.37544,-0.065315,0,10.391,-0.25515,-3.0378e-05,3.3219
0.37486,-0.065315,0,10.386,-0.25214,-3.0036e-05,3.3765
0.39989,-0.065345,0,10.655,-0.35819,-4.2485e-05,0.50036
0.39993,-0.064359,0,10.653,-0.37176,-4.4369e-05,0.51598
0.39993,-0.065345,0,10.656,-0.35831,-4.25e-05,0.49484
0.40828,-0.065154,0,10.77,-0.36872,-4.4424e-05,-0.74873
0.40828,-0.065354,0,10.77,-0.36585,-4.403e-05,-0.74718
0.42072,-0.065362,0,10.938,-0.33588,-4.3678e-05,-2.6003
0.41662,-0.06536,0,10.885,-0.35235,-4.4104e-05,-2.0154
0.43426,-0.065368,0,11.094,-0.26294,-4.1682e-05,-4.3237
0.4499,-0.065371,0,11.212,-0.14735,-3.8422e-05,-5.627
0.44165,-0.061004,0,11.193,-0.24367,-4.7733e-05,-5.4533
0.44165,-0.06537,0,11.159,-0.21054,-4.022e-05,-5.0442
0.49396,-0.065364,0,11.217,0.14754,-3.1455e-05,-5.6463
0.49169,-0.065305,0,11.226,0.13716,-3.1501e-05,-5.7554
0.50002,-0.065363,0,11.192,0.17597,-3.151e-05,-5.3644
0.50836,-0.06536,0,11.149,0.20806,-3.2183e-05,-4.8928
0.5167,-0.064645,0,11.103,0.23794,-3.4094e-05,-4.3794
0.5167,-0.065357,0,11.101,0.23318,-3.3379e-05,-4.3565
0.52503,-0.065354,0,11.049,0.25141,-3.5002e-05,-3.7737
0.53546,-0.06535,0,10.979,0.26404,-3.7516e-05,-3.0044
0.53337,-0.065351,0,10.993,0.26284,-3.6962e-05,-3.1613
0.55314,-0.065344,0,10.86,0.26295,-4.2424e-05,-1.6897
0.55837,-0.062125,0,10.819,0.28042,-4.7278e-05,-1.2684
0.55837,-0.065342,0,10.825,0.25801,-4.3927e-05,-1.3118
0.5667,-0.065339,0,10.774,0.24448,-4.6255e-05,-0.74493
0.57504,-0.06533,0,10.727,0.22619,-4.8453e-05,-0.22842
0.58337,-0.065297,0,10.685,0.20413,-5.0427e-05,0.22535
0.6,-0.065,0,10.621,0.15531,-5.3568e-05,0.91601
0.59171,-0.06526,0,10.65,0.18005,-5.2174e-05,0.60718
0.60788,-0.065,0,10.601,0.13167,-5.4337e-05,1.1387
0.60833,-0.065,0,10.6,0.13032,-5.4381e-05,1.1514
0.60833,-0.065,0,10.6,0.13032,-5.4381e-05,1.1514
0.61667,-0.065,0,10.584,0.107,-5.4744e-05,1.316
0.625,-0.065,0,10.574,0.086264,-5.4687e-05,1.4234
0.63333,-0.065,0,10.568,0.068376,-5.4266e-05,1.4864
0.63333,-0.065,0,10.568,0.068376,-5.4266e-05,1.4864
0.64167,-0.065,0,10.565,0.05332,-5.3558e-05,1.5153
0.64167,-0.065,0,10.565,0.05332,-5.3558e-05,1.5153
0.65,-0.0625,0,10.56,0.040962,-5.6636e-05,1.5556
0.66667,-0.065,0,10.569,0.023389,-5.0473e-05,1.476
0.66667,-0.065,0,10.569,0.023389,-5.0473e-05,1.476
0.67917,-0.065,0,10.574,0.01531,-4.8718e-05,1.4187
0.675,-0.065,0,10.572,0.017504,-4.9306e-05,1.4396
0.69167,-0.065,0,10.581,0.009938,-4.6975e-05,1.3528
0.69167,-0.065,0,10.581,0.009938,-4.6975e-05,1.3528
0.7,-0.065,0,10.585,0.0077222,-4.5853e-05,1.3063
0.7125,-0.065,0,10.592,0.0058109,-4.4271e-05,1.2358
0.70833,-0.0625,0,10.588,0.0050004,-4.8762e-05,1.2629
0.70833,-0.065,0,10.589,0.0062566,-4.4779e-05,1.2592
0.71667,-0.06,0,10.59,0.0028744,-5.17e-05,1.2165
0.725,-0.065,0,10.598,0.0049066,-4.2816e-05,1.1664
0.78333,-0.065,0,10.626,0.0068324,-3.8473e-05,0.87613
0.79444,-0.065,0,10.631,0.0074572,-3.8053e-05,0.82683
0.79167,-0.06,0,10.627,0.0053677,-4.5775e-05,0.83581
0.79167,-0.065,0,10.63,0.0073046,-3.8143e-05,0.83895
0.80833,-0.065,0,10.637,0.0081984,-3.7669e-05,0.76694
0.82222,-0.065,0,10.642,0.0088605,-3.744e-05,0.70888
0.81667,-0.065,0,10.64,0.0086075,-3.7515e-05,0.73189
0.82917,-0.065,0,10.645,0.0091614,-3.7363e-05,0.68034
0.83333,-0.06,0,10.643,0.0075857,-4.4842e-05,0.66107
0.83333,-0.065,0,10.646,0.0093357,-3.7323e-05,0.6633
0.84167,-0.065,0,10.65,0.0096536,-3.7272e-05,0.62959
0.85833,-0.065,0,10.656,0.0102,-3.7224e-05,0.56299
0.85,-0.061667,0,10.651,0.0088036,-4.2228e-05,0.59496
0.85,-0.065,0,10.653,0.0099414,-3.724e-05,0.59618
0.85833,-0.065,0,10.656,0.0102,-3.7224e-05,0.56299
0.85833,-0.065,0,10.656,0.0102,-3.7224e-05,0.56299
0.87024,-0.065,0,10.661,0.010521,-3.7217e-05,0.51589
0.86667,-0.065,0,10.659,0.010433,-3.7217e-05,0.52998
0.88167,-0.065,0,10.665,0.010787,-3.7222e-05,0.47086
0.88333,-0.06,0,10.662,0.0091653,-4.4613e-05,0.46315
0.88333,-0.065,0,10.665,0.010824,-3.7223e-05,0.4643
0.89667,-0.065,0,10.67,0.011075,-3.7233e-05,0.4119
0.89167,-0.065,0,10.669,0.010988,-3.7229e-05,0.43154
0.90556,-0.065,0,10.674,0.011219,-3.7241e-05,0.37695
0.91042,-0.065,0,10.676,0.011291,-3.7245e-05,0.35783
0.90833,-0.065,0,10.675,0.011262,-3.7243e-05,0.36603
0.93021,-0.065,0,10.683,0.011541,-3.7262e-05,0.27972
0.93611,-0.065,0,10.685,0.011606,-3.7268e-05,0.25632
0.93333,-0.065,0,10.684,0.011577,-3.7265e-05,0.26735
0.95,-0.065,0,10.69,0.011748,-3.7287e-05,0.20103
0.96096,-0.065,0,10.695,0.011856,-3.7307e-05,0.15704
0.95833,-0.065,0,10.694,0.011829,-3.7301e-05,0.16765
0.975,-0.065,0,10.7,0.011997,-3.7348e-05,0.10034
0.98733,-0.065,0,10.705,0.012124,-3.7438e-05,0.050405
0.98333,-0.065,0,10.703,0.012094,-3.741e-05,0.065776
0,-0.06,0,10,0,0,7.2812
0.0083138,-0.06,0,10,0.0026399,-2.3587e-08,7.2778
0.016628,-0.060001,0,10.002,0.0051391,-4.6875e-08,7.2663
0.024942,-0.060001,0,10.004,0.0073428,-6.2e-08,7.246
0.033255,-0.060002,0,10.006,0.0091811,-7.575e-08,7.2192
0.041569,-0.060002,0,10.009,0.010706,-8.9125e-08,7.1887
0.049883,-0.060002,0,10.013,0.011994,-1.0225e-07,7.1557
0.058197,-0.060003,0,10.016,0.013089,-1.1537e-07,7.12
0.066511,-0.060003,0,10.02,0.014014,-1.2887e-07,7.082
0.074825,-0.057876,0,10.024,0.014252,-1.4307e-07,7.0406
0.074825,-0.060004,0,10.024,0.014803,-1.4313e-07,7.0424
0.083139,-0.060004,0,10.028,0.015482,-1.585e-07,7.0015
0.091453,-0.060004,0,10.032,0.016072,-1.7525e-07,6.9595
0.099766,-0.05717,0,10.036,0.015801,-1.9361e-07,6.9152
0.099767,-0.060005,0,10.037,0.016588,-1.9375e-07,6.9167
0.10808,-0.060005,0,10.041,0.017041,-2.1438e-07,6.8732
0.11639,-0.060006,0,10.045,0.017442,-2.3763e-07,6.8291
0.12471,-0.060006,0,10.05,0.0178,-2.64e-07,6.7847
0.13302,-0.060006,0,10.054,0.01812,-2.94e-07,6.74
0.14134,-0.060007,0,10.059,0.018408,-3.2825e-07,6.6951
0.14965,-0.060007,0,10.063,0.018667,-3.6725e-07,6.6502
0.15797,-0.060008,0,10.068,0.018897,-4.12e-07,6.6053
0.16628,-0.060008,0,10.072,0.019098,-4.6362e-07,6.5606
0.17459,-0.060008,0,10.076,0.019265,-5.2338e-07,6.5162
0.18291,-0.060009,0,10.081,0.019393,-5.9275e-07,6.472
0.19122,-0.060009,0,10.085,0.01947,-6.7337e-07,6.4283
0.19954,-0.060009,0,10.089,0.019481,-7.6773e-07,6.385
0.20787,-0.060009,0,10.094,0.019406,-8.7887e-07,6.3421
0.21621,-0.060009,0,10.098,0.019213,-1.0099e-06,6.2997
0.22454,-0.060009,0,10.102,0.018863,-1.1649e-06,6.2579
0.23288,-0.060009,0,10.106,0.0183,-1.349e-06,6.2164
0.24121,-0.060009,0,10.11,0.017449,-1.5686e-06,6.1751
0.24955,-0.060009,0,10.114,0.016203,-1.8317e-06,6.1337
0.25788,-0.060009,0,10.119,0.01442,-2.149e-06,6.0919
0.26622,-0.060009,0,10.123,0.011907,-2.5325e-06,6.049
0.27455,-0.060009,0,10.127,0.0084163,-2.9958e-06,6.0044
0.28289,-0.060009,0,10.132,0.0036422,-3.564e-06,5.9572
0.29123,-0.060009,0,10.137,-0.0027767,-4.2704e-06,5.9063
0.29956,-0.060009,0,10.143,-0.011297,-5.1516e-06,5.8494
0.3079,-0.060015,0,10.149,-0.022519,-6.2617e-06,5.783
0.31624,-0.060068,0,10.158,-0.037158,-7.6706e-06,5.7023
0.32462,-0.060186,0,10.168,-0.056067,-9.4813e-06,5.6006
0.33299,-0.060227,0,10.181,-0.079964,-1.1807e-05,5.4701
0.34134,-0.06024,0,10.198,-0.10954,-1.4774e-05,5.2974
0.34971,-0.060288,0,10.221,-0.14568,-1.8526e-05,5.0602
0.3648,-0.060311,0,10.288,-0.22816,-2.7632e-05,4.3722
0.35807,-0.060297,0,10.253,-0.18862,-2.3164e-05,4.7336
0.37155,-0.060326,0,10.332,-0.27041,-3.2571e-05,3.9114
0.37764,-0.060342,0,10.381,-0.30939,-3.7259e-05,3.4005
0.37481,-0.060334,0,10.355,-0.29125,-3.5031e-05,3.6733
0.38319,-0.058963,0,10.422,-0.35971,-4.4093e-05,2.9612
0.41612,-0.060411,0,10.891,-0.42168,-5.3664e-05,-2.1251
0.40825,-0.055617,0,10.769,-0.51386,-6.6384e-05,-0.82536
0.41968,-0.060413,0,10.942,-0.40561,-5.3209e-05,-2.6948
0.41661,-0.060412,0,10.898,-0.42074,-5.3658e-05,-2.2089
0.42496,-0.059901,0,11.021,-0.38654,-5.3713e-05,-3.574
0.45,-0.060404,0,11.253,-0.17186,-4.6505e-05,-6.1138
0.45834,-0.059214,0,11.298,-0.098404,-4.6546e-05,-6.6099
0.48373,-0.06042,0,11.279,0.1074,-3.7859e-05,-6.3732
0.4917,-0.055514,0,11.28,0.18054,-4.4461e-05,-6.4019
0.49169,-0.060417,0,11.251,0.15743,-3.6985e-05,-6.0577
0.50003,-0.060414,0,11.212,0.20176,-3.6792e-05,-5.6211
0.5097,-0.060411,0,11.157,0.24255,-3.7451e-05,-5.0065
0.50837,-0.059596,0,11.168,0.2434,-3.8414e-05,-5.1389
0.50837,-0.060411,0,11.165,0.23801,-3.7279e-05,-5.1004
0.52427,-0.060405,0,11.061,0.28478,-3.9771e-05,-3.9428
0.51671,-0.056339,0,11.124,0.29568,-4.3874e-05,-4.6626
0.52504,-0.060405,0,11.056,0.28664,-3.9914e-05,-3.8851
0.53555,-0.0604,0,10.98,0.30061,-4.2446e-05,-3.0506
0.53337,-0.060401,0,10.996,0.29929,-4.186e-05,-3.2261
0.54171,-0.056745,0,10.935,0.33333,-4.8925e-05,-2.5697
0.56272,-0.060388,0,10.787,0.28416,-5.0406e-05,-0.92975
0.55838,-0.057535,0,10.81,0.31372,-5.2979e-05,-1.1994
0.56671,-0.060387,0,10.761,0.2765,-5.1618e-05,-0.64047
0.57504,-0.060363,0,10.711,0.25491,-5.4088e-05,-0.092814
0.58337,-0.060329,0,10.667,0.22881,-5.6365e-05,0.38342
0.6,-0.06,0,10.602,0.17132,-6.0374e-05,1.0888
0.5917,-0.060292,0,10.631,0.20034,-5.8503e-05,0.77667
0.61667,-0.06,0,10.567,0.11538,-6.2213e-05,1.4664
0.61667,-0.06,0,10.567,0.11538,-6.2213e-05,1.4664
0.625,-0.06,0,10.559,0.091676,-6.2374e-05,1.554
0.625,-0.06,0,10.559,0.091676,-6.2374e-05,1.554
0.64167,-0.06,0,10.554,0.054613,-6.148e-05,1.6068
0.64167,-0.06,0,10.554,0.054613,-6.148e-05,1.6068
0.65417,-0.06,0,10.556,0.035553,-6.0119e-05,1.5771
0.65,-0.06,0,10.555,0.040955,-6.0625e-05,1.5925
0.66667,-0.06,0,10.562,0.021803,-5.85e-05,1.5204
0.66667,-0.06,0,10.562,0.021803,-5.85e-05,1.5204
0.67917,-0.06,0,10.568,0.013168,-5.6745e-05,1.4476
0.675,-0.06,0,10.566,0.015495,-5.7335e-05,1.473
0.69167,-0.06,0,10.576,0.0075125,-5.4985e-05,1.3701
0.69167,-0.06,0,10.576,0.0075125,-5.4985e-05,1.3701
0.70556,-0.06,0,10.584,0.004238,-5.3111e-05,1.2837
0.7,-0.06,0,10.581,0.0052256,-5.3844e-05,1.3179
0.71667,-0.06,0,10.59,0.0028744,-5.17e-05,1.2165
0.71667,-0.06,0,10.59,0.0028744,-5.17e-05,1.2165
0.73333,-0.06,0,10.599,0.0023816,-4.982e-05,1.1212
0.725,-0.06,0,10.595,0.002461,-5.0722e-05,1.168
0.79167,-0.06,0,10.627,0.0053677,-4.5775e-05,0.83581
0.80833,-0.06,0,10.633,0.0063513,-4.5248e-05,0.76409
0.82083,-0.06,0,10.638,0.0070034,-4.5006e-05,0.71209
0.81667,-0.06,0,10.637,0.0067975,-4.5072e-05,0.72924
0.83333,-0.06,0,10.643,0.0075857,-4.4842e-05,0.66107
0.84583,-0.06,0,10.648,0.0080809,-4.4747e-05,0.61096
0.84167,-0.06,0,10.646,0.0079271,-4.4772e-05,0.62756
0.85556,-0.06,0,10.652,0.0084183,-4.4697e-05,0.57235
0.85833,-0.06,0,10.653,0.0085101,-4.4685e-05,0.56135
0.87167,-0.06,0,10.658,0.008886,-4.4643e-05,0.50889
0.86667,-0.06,0,10.656,0.0087555,-4.4657e-05,0.52852
0.88333,-0.06,0,10.662,0.0091653,-4.4613e-05,0.46315
0.88333,-0.06,0,10.662,0.0091653,-4.4613e-05,0.46315
0.89667,-0.06,0,10.667,0.0094244,-4.4577e-05,0.41094
0.89167,-0.06,0,10.665,0.0093349,-4.4591e-05,0.43052
0.90556,-0.06,0,10.67,0.0095717,-4.4551e-05,0.37612
0.91042,-0.06,0,10.672,0.0096446,-4.4536e-05,0.35705
0.90833,-0.06,0,10.671,0.0096156,-4.4543e-05,0.36523
0.92976,-0.06,0,10.679,0.0098879,-4.447e-05,0.28088
0.93611,-0.06,0,10.682,0.0099557,-4.4449e-05,0.25575
0.93333,-0.06,0,10.681,0.0099276,-4.4458e-05,0.26677
0.95,-0.06,0,10.687,0.01009,-4.4407e-05,0.20051
0.96096,-0.06,0,10.691,0.010188,-4.4384e-05,0.15653
0.95833,-0.06,0,10.69,0.010165,-4.4388e-05,0.16715
0.975,-0.06,0,10.696,0.010307,-4.4378e-05,0.099843
0.98742,-0.06,0,10.701,0.0104,-4.441e-05,0.049715
0.98333,-0.06,0,10.7,0.010375,-4.4401e-05,0.065297
0,-0.055,0,10,0,0,7.2663
0.0083138,-0.055,0,10,0.0023047,-2.3437e-08,7.2633
0.016628,-0.055001,0,10.002,0.0045007,-4.6625e-08,7.2528
0.024941,-0.055001,0,10.003,0.0064746,-6.175e-08,7.2343
0.033255,-0.055002,0,10.006,0.0081663,-7.55e-08,7.2095
0.041569,-0.055002,0,10.009,0.0095987,-8.8875e-08,7.1806
0.049883,-0.055002,0,10.012,0.010822,-1.0188e-07,7.1487
0.058197,-0.055003,0,10.015,0.011868,-1.15e-07,7.114
0.069816,-0.055003,0,10.021,0.013055,-1.3434e-07,7.0616
0.066511,-0.055003,0,10.019,0.012756,-1.2863e-07,7.077
0.079381,-0.055004,0,10.025,0.013862,-1.5143e-07,7.0161
0.083138,-0.055004,0,10.027,0.014153,-1.5837e-07,6.9979
0.095993,-0.055005,0,10.033,0.014978,-1.851e-07,6.9333
0.091452,-0.055004,0,10.031,0.014711,-1.75e-07,6.9564
0.1032,-0.055005,0,10.037,0.015379,-2.0202e-07,6.8962
0.10808,-0.055005,0,10.04,0.015633,-2.1412e-07,6.8709
0.11639,-0.055006,0,10.044,0.016021,-2.375e-07,6.8271
0.12471,-0.055006,0,10.048,0.016372,-2.6387e-07,6.7828
0.13302,-0.055006,0,10.053,0.016693,-2.935e-07,6.7383
0.14134,-0.055007,0,10.057,0.01699,-3.275e-07,6.6936
0.14965,-0.055007,0,10.062,0.017262,-3.6638e-07,6.6488
0.15796,-0.055008,0,10.066,0.017513,-4.11e-07,6.6041
0.16628,-0.055008,0,10.071,0.017739,-4.625e-07,6.5596
0.17459,-0.055009,0,10.075,0.017938,-5.2187e-07,6.5153
0.18291,-0.055009,0,10.079,0.018101,-5.9063e-07,6.4714
0.19122,-0.055009,0,10.084,0.018217,-6.7062e-07,6.428
0.19954,-0.055009,0,10.088,0.018271,-7.6447e-07,6.3851
0.20787,-0.055009,0,10.092,0.01824,-8.7488e-07,6.3429
0.21621,-0.055009,0,10.096,0.018091,-1.0049e-06,6.3013
0.22454,-0.055009,0,10.1,0.017783,-1.1587e-06,6.2605
0.23288,-0.055009,0,10.104,0.017255,-1.3419e-06,6.2206
0.24121,-0.055009,0,10.108,0.016428,-1.5606e-06,6.1814
0.24954,-0.055009,0,10.112,0.01519,-1.8235e-06,6.1429
0.25788,-0.055009,0,10.116,0.013394,-2.1413e-06,6.1049
0.26621,-0.055009,0,10.12,0.010841,-2.5267e-06,6.0672
0.27455,-0.055009,0,10.123,0.0072759,-2.9976e-06,6.0295
0.28288,-0.055009,0,10.127,0.002375,-3.5795e-06,5.9914
0.29122,-0.055009,0,10.131,-0.0042624,-4.3065e-06,5.9522
0.29955,-0.055009,0,10.135,-0.013146,-5.2235e-06,5.9103
0.30789,-0.05501,0,10.14,-0.024933,-6.3949e-06,5.8634
0.31622,-0.055028,0,10.145,-0.040401,-7.9066e-06,5.8077
0.32458,-0.055115,0,10.153,-0.060534,-9.8796e-06,5.7364
0.33296,-0.055221,0,10.162,-0.08646,-1.2479e-05,5.6402
0.34132,-0.055248,0,10.175,-0.11908,-1.5885e-05,5.5074
0.34969,-0.055294,0,10.194,-0.15959,-2.0325e-05,5.3157
0.36577,-0.055326,0,10.258,-0.26201,-3.2531e-05,4.6557
0.35804,-0.055313,0,10.222,-0.20874,-2.6008e-05,5.0348
0.36859,-0.055334,0,10.276,-0.28316,-3.5234e-05,4.4702
0.36639,-0.054627,0,10.255,-0.27003,-3.3795e-05,4.6813
0.37477,-0.055357,0,10.318,-0.33062,-4.1362e-05,4.034
0.38893,-0.05541,0,10.467,-0.43888,-5.6135e-05,2.4532
0.38314,-0.051586,0,10.363,-0.43883,-5.9102e-05,3.5385
0.38317,-0.055399,0,10.396,-0.39716,-5.036e-05,3.2078
0.40671,-0.05545,0,10.743,-0.51369,-6.6399e-05,-0.53759
0.40825,-0.055453,0,10.769,-0.51649,-6.6814e-05,-0.82672
0.41661,-0.055463,0,10.915,-0.49735,-6.6342e-05,-2.4485
0.43211,-0.055473,0,11.144,-0.38378,-6.2961e-05,-4.9813
0.42496,-0.055468,0,11.049,-0.44659,-6.4675e-05,-3.9353
0.44201,-0.055476,0,11.246,-0.28365,-6.0199e-05,-6.0912
0.44999,-0.051786,0,11.342,-0.2161,-6.8943e-05,-7.1759
0.44999,-0.055477,0,11.3,-0.1971,-5.7496e-05,-6.6776
0.46659,-0.055477,0,11.344,-0.024302,-5.1134e-05,-7.1331
0.45834,-0.051736,0,11.373,-0.11604,-6.5144e-05,-7.5043
0.45834,-0.055477,0,11.333,-0.10774,-5.4317e-05,-7.0231
0.49247,-0.055469,0,11.276,0.18536,-4.4476e-05,-6.359
0.4917,-0.055427,0,11.28,0.18098,-4.462e-05,-6.4084
0.50084,-0.055466,0,11.231,0.23424,-4.3979e-05,-5.8555
0.50003,-0.055466,0,11.236,0.23035,-4.3958e-05,-5.9111
0.51519,-0.05546,0,11.137,0.29633,-4.4904e-05,-4.811
0.50837,-0.051621,0,11.2,0.29889,-5.1568e-05,-5.5352
0.51671,-0.055459,0,11.126,0.30204,-4.5067e-05,-4.6943
0.52504,-0.055455,0,11.065,0.32452,-4.6511e-05,-4.01
0.53338,-0.055451,0,11,0.33834,-4.8399e-05,-3.298
0.5439,-0.055446,0,10.917,0.34282,-5.1299e-05,-2.3871
0.54171,-0.055447,0,10.934,0.34363,-5.0641e-05,-2.575
0.55676,-0.055439,0,10.819,0.33149,-5.5313e-05,-1.301
0.55838,-0.055438,0,10.806,0.3293,-5.5838e-05,-1.1659
0.56672,-0.054503,0,10.744,0.31725,-6.0331e-05,-0.49084
0.56672,-0.055426,0,10.747,0.3105,-5.8606e-05,-0.51755
0.57504,-0.055397,0,10.694,0.28511,-6.1409e-05,0.067037
0.58337,-0.055362,0,10.648,0.25443,-6.4095e-05,0.56973
0.6,-0.055,0,10.582,0.18705,-6.9293e-05,1.2906
0.5917,-0.055323,0,10.611,0.221,-6.6782e-05,0.97649
0.61636,-0.055,0,10.55,0.12378,-7.2013e-05,1.6336
0.61667,-0.054953,0,10.549,0.1227,-7.2177e-05,1.6402
0.61667,-0.055,0,10.549,0.12265,-7.2053e-05,1.6384
0.625,-0.055,0,10.543,0.095821,-7.2513e-05,1.7018
0.625,-0.055,0,10.543,0.095821,-7.2513e-05,1.7018
0.64167,-0.055,0,10.542,0.054663,-7.1929e-05,1.7076
0.64167,-0.055,0,10.542,0.054663,-7.1929e-05,1.7076
0.65417,-0.055,0,10.548,0.034015,-7.0666e-05,1.6483
0.65,-0.055,0,10.545,0.039811,-7.115e-05,1.6727
0.66667,-0.055,0,10.555,0.019381,-6.9089e-05,1.5676
0.66667,-0.055,0,10.555,0.019381,-6.9089e-05,1.5676
0.67917,-0.055,0,10.564,0.010396,-6.7331e-05,1.4777
0.675,-0.055,0,10.561,0.012792,-6.7926e-05,1.5079
0.69167,-0.055,0,10.572,0.00463,-6.5544e-05,1.3876
0.69167,-0.055,0,10.572,0.00463,-6.5544e-05,1.3876
0.70556,-0.055,0,10.581,0.0014169,-6.3613e-05,1.2922
0.7,-0.055,0,10.578,0.0023647,-6.4371e-05,1.3295
0.71667,-0.055,0,10.588,0.00015415,-6.2148e-05,1.2201
0.71667,-0.055,0,10.588,0.00015415,-6.2148e-05,1.2201
0.73333,-0.055,0,10.597,-0.00015293,-6.0179e-05,1.1205
0.725,-0.055,0,10.593,-0.00016788,-6.1125e-05,1.1691
0.73333,-0.055,0,10.597,-0.00015293,-6.0179e-05,1.1205
0.78333,-0.055,0,10.621,0.0027671,-5.6234e-05,0.86935
0.79444,-0.055,0,10.626,0.0035266,-5.5705e-05,0.82034
0.79167,-0.055,0,10.625,0.0033433,-5.5817e-05,0.83236
0.80833,-0.055,0,10.632,0.0044091,-5.5216e-05,0.76104
0.81944,-0.055,0,10.636,0.0050339,-5.4954e-05,0.71507
0.81667,-0.055,0,10.635,0.0048876,-5.5008e-05,0.72643
0.83333,-0.055,0,10.641,0.0057253,-5.4718e-05,0.65874
0.84583,-0.055,0,10.646,0.0062465,-5.4579e-05,0.60897
0.84167,-0.055,0,10.644,0.0060852,-5.4619e-05,0.62546
0.85556,-0.055,0,10.65,0.0065992,-5.4495e-05,0.57061
0.85833,-0.055,0,10.651,0.006695,-5.4473e-05,0.55968
0.87167,-0.055,0,10.656,0.0070841,-5.4379e-05,0.50752
0.86667,-0.055,0,10.654,0.0069495,-5.4413e-05,0.52704
0.88056,-0.055,0,10.659,0.0073052,-5.4317e-05,0.47284
0.88333,-0.055,0,10.66,0.0073709,-5.4298e-05,0.46201
0.89722,-0.055,0,10.665,0.0076439,-5.4194e-05,0.40786
0.89167,-0.055,0,10.663,0.0075434,-5.4237e-05,0.42952
0.90556,-0.055,0,10.668,0.0077818,-5.4125e-05,0.37532
0.91042,-0.055,0,10.67,0.0078545,-5.4083e-05,0.35631
0.90833,-0.055,0,10.669,0.0078257,-5.4102e-05,0.36447
0.92976,-0.055,0,10.677,0.0080931,-5.3907e-05,0.28032
0.93583,-0.055,0,10.679,0.0081555,-5.3851e-05,0.25634
0.93333,-0.055,0,10.678,0.0081314,-5.3874e-05,0.26624
0.95,-0.055,0,10.685,0.0082844,-5.3728e-05,0.20007
0.96096,-0.055,0,10.689,0.0083714,-5.3649e-05,0.15612
0.95833,-0.055,0,10.688,0.0083517,-5.3665e-05,0.16673
0.975,-0.055,0,10.694,0.0084718,-5.3578e-05,0.099472
0.98742,-0.055,0,10.699,0.0085394,-5.3552e-05,0.049466
0.98333,-0.055,0,10.697,0.0085207,-5.3563e-05,0.06498
0,-0.05,0,10,0,0,7.2533
0,-0.05,0,10,0,0,7.2533
0.0083138,-0.05,0,10,0.0020127,-2.3275e-08,7.2505
0.016627,-0.050001,0,10.001,0.0039416,-4.6375e-08,7.2409
0.024941,-0.050001,0,10.003,0.0057019,-6.15e-08,7.2237
0.033255,-0.050002,0,10.005,0.0072424,-7.525e-08,7.2005
0.041569,-0.050002,0,10.008,0.0085669,-8.8625e-08,7.1729
0.049883,-0.050003,0,10.011,0.0097063,-1.0163e-07,7.1421
0.058196,-0.050003,0,10.015,0.010687,-1.1475e-07,7.1084
0.069823,-0.050003,0,10.02,0.011814,-1.3423e-07,7.0571
0.06651,-0.050003,0,10.018,0.011527,-1.285e-07,7.0723
0.079373,-0.050004,0,10.024,0.01259,-1.5122e-07,7.0123
0.074824,-0.048572,0,10.022,0.0119,-1.4277e-07,7.033
0.083138,-0.050004,0,10.026,0.012873,-1.5813e-07,6.9943
0.096003,-0.050005,0,10.032,0.013689,-1.85e-07,6.9303
0.091452,-0.050005,0,10.03,0.013422,-1.7487e-07,6.9533
0.10319,-0.050005,0,10.036,0.014089,-2.0187e-07,6.8936
0.099766,-0.048927,0,10.034,0.013633,-1.9338e-07,6.9107
0.10808,-0.050005,0,10.039,0.014346,-2.14e-07,6.8683
0.11639,-0.050006,0,10.043,0.014742,-2.3737e-07,6.8248
0.12471,-0.050006,0,10.047,0.015106,-2.635e-07,6.7807
0.13302,-0.050006,0,10.052,0.015442,-2.93e-07,6.7363
0.14133,-0.050007,0,10.056,0.015755,-3.2687e-07,6.6918
0.14965,-0.050007,0,10.061,0.016048,-3.655e-07,6.6471
0.15796,-0.050008,0,10.065,0.01632,-4.0987e-07,6.6026
0.16628,-0.050008,0,10.069,0.016572,-4.6112e-07,6.5582
0.17459,-0.050009,0,10.074,0.016799,-5.2012e-07,6.5141
0.18291,-0.050009,0,10.078,0.016995,-5.8837e-07,6.4704
0.19122,-0.050009,0,10.082,0.017148,-6.6775e-07,6.4273
0.19954,-0.05001,0,10.087,0.017243,-7.6085e-07,6.3849
0.20787,-0.05001,0,10.091,0.017256,-8.7037e-07,6.3432
0.2162,-0.05001,0,10.095,0.017157,-9.9925e-07,6.3025
0.22454,-0.05001,0,10.099,0.0169,-1.1517e-06,6.2629
0.23287,-0.05001,0,10.103,0.016426,-1.3335e-06,6.2245
0.24121,-0.05001,0,10.106,0.015652,-1.5511e-06,6.1874
0.24954,-0.05001,0,10.11,0.014467,-1.8131e-06,6.1518
0.25787,-0.05001,0,10.113,0.012719,-2.1306e-06,6.1178
0.26621,-0.05001,0,10.116,0.010209,-2.5176e-06,6.0854
0.27454,-0.05001,0,10.119,0.0066771,-2.9935e-06,6.0549
0.28287,-0.05001,0,10.122,0.0017871,-3.5855e-06,6.0262
0.29121,-0.05001,0,10.125,-0.004888,-4.3306e-06,5.9991
0.29954,-0.05001,0,10.128,-0.013898,-5.2804e-06,5.9731
0.30788,-0.05001,0,10.13,-0.025956,-6.5086e-06,5.9468
0.31621,-0.050014,0,10.133,-0.041941,-8.122e-06,5.9176
0.32455,-0.050058,0,10.137,-0.062952,-1.0266e-05,5.8802
0.33293,-0.050198,0,10.142,-0.090432,-1.3158e-05,5.8246
0.34129,-0.050246,0,10.151,-0.12577,-1.7066e-05,5.7392
0.34964,-0.050278,0,10.164,-0.17045,-2.2318e-05,5.603
0.35801,-0.050326,0,10.186,-0.22597,-2.93e-05,5.3808
0.36636,-0.050345,0,10.22,-0.29272,-3.8301e-05,5.0258
0.37955,-0.05041,0,10.319,-0.41645,-5.6446e-05,3.9939
0.37473,-0.050382,0,10.274,-0.36945,-4.9322e-05,4.4713
0.3831,-0.047873,0,10.325,-0.48036,-6.9355e-05,3.917
0.40777,-0.0505,0,10.759,-0.6064,-8.4216e-05,-0.77042
0.39985,-0.049665,0,10.599,-0.60223,-8.5715e-05,0.98289
0.40824,-0.050502,0,10.768,-0.60759,-8.4358e-05,-0.87168
0.41659,-0.047834,0,10.951,-0.63796,-9.5413e-05,-2.9553
0.4166,-0.050514,0,10.937,-0.58418,-8.3231e-05,-2.7488
0.43205,-0.050525,0,11.192,-0.44528,-7.9267e-05,-5.5731
0.42495,-0.05052,0,11.088,-0.52121,-8.1073e-05,-4.4359
0.4333,-0.050133,0,11.215,-0.43694,-8.076e-05,-5.8333
0.44165,-0.050159,0,11.304,-0.33239,-7.8036e-05,-6.7913
0.44999,-0.049275,0,11.373,-0.22888,-7.8412e-05,-7.5441
0.46668,-0.050437,0,11.395,-0.021869,-6.4624e-05,-7.7313
0.47502,-0.050304,0,11.383,0.065985,-6.1082e-05,-7.5947
0.4838,-0.050525,0,11.351,0.14542,-5.7027e-05,-7.224
0.4917,-0.050522,0,11.313,0.20768,-5.5001e-05,-6.7933
0.50004,-0.050518,0,11.263,0.26258,-5.3881e-05,-6.2337
0.50837,-0.050514,0,11.205,0.307,-5.3699e-05,-5.5932
0.51671,-0.05051,0,11.142,0.34131,-5.4308e-05,-4.8919
0.52505,-0.050506,0,11.075,0.36581,-5.5556e-05,-4.1475
0.53338,-0.050501,0,11.005,0.3807,-5.7317e-05,-3.3766
0.5439,-0.050495,0,10.915,0.38504,-6.016e-05,-2.3928
0.54172,-0.050496,0,10.934,0.3861,-5.9496e-05,-2.5954
0.55666,-0.050488,0,10.809,0.37158,-6.4272e-05,-1.2288
0.55006,-0.048325,0,10.861,0.40171,-6.74e-05,-1.8021
0.5609,-0.050479,0,10.776,0.36219,-6.5773e-05,-0.86222
0.55839,-0.050487,0,10.795,0.36883,-6.4859e-05,-1.0735
0.5671,-0.050459,0,10.729,0.34549,-6.8032e-05,-0.34526
0.56672,-0.048968,0,10.726,0.35862,-7.1662e-05,-0.32333
0.57505,-0.050431,0,10.674,0.31705,-7.1094e-05,0.25433
0.58337,-0.050395,0,10.626,0.28102,-7.4307e-05,0.78808
0.6,-0.05,0,10.558,0.2022,-8.1108e-05,1.5248
0.59171,-0.050354,0,10.587,0.24179,-7.7724e-05,1.2102
0.6,-0.049999,0,10.558,0.20221,-8.1112e-05,1.5249
0.60833,-0.049999,0,10.54,0.16346,-8.3486e-05,1.7291
0.62253,-0.05,0,10.527,0.10735,-8.5737e-05,1.8569
0.61667,-0.05,0,10.53,0.12848,-8.5136e-05,1.8331
0.625,-0.05,0,10.526,0.098429,-8.5991e-05,1.867
0.625,-0.05,0,10.526,0.09843,-8.5991e-05,1.867
0.64167,-0.05,0,10.531,0.053298,-8.5792e-05,1.8171
0.63333,-0.04875,0,10.523,0.0731,-9.0705e-05,1.8936
0.64167,-0.05,0,10.531,0.053298,-8.5792e-05,1.8171
0.65417,-0.05,0,10.539,0.03129,-8.4647e-05,1.724
0.65,-0.05,0,10.536,0.037397,-8.5106e-05,1.7585
0.66667,-0.05,0,10.549,0.016016,-8.3111e-05,1.6166
0.65833,-0.04875,0,10.541,0.024126,-8.8828e-05,1.7065
0.66667,-0.05,0,10.549,0.016016,-8.3111e-05,1.6166
0.67917,-0.05,0,10.559,0.0068887,-8.1332e-05,1.5082
0.675,-0.05,0,10.556,0.0092899,-8.1941e-05,1.5437
0.69167,-0.05,0,10.569,0.0011837,-7.949e-05,1.4048
0.68333,-0.04875,0,10.562,0.0034414,-8.5348e-05,1.4789
0.69167,-0.05,0,10.569,0.0011837,-7.949e-05,1.4048
0.70556,-0.05,0,10.579,-0.0018316,-7.7457e-05,1.3001
0.7,-0.05,0,10.575,-0.00097105,-7.826e-05,1.3405
0.71667,-0.05,0,10.586,-0.0029137,-7.5894e-05,1.223
0.70833,-0.04875,0,10.581,-0.0031563,-8.1617e-05,1.2812
0.71667,-0.05,0,10.586,-0.0029137,-7.5894e-05,1.223
0.725,-0.05,0,10.592,-0.0031011,-7.4794e-05,1.1695
0.74167,-0.05,0,10.601,-0.0025896,-7.2834e-05,1.0717
0.73333,-0.05,0,10.596,-0.0029586,-7.377e-05,1.1192
0.74167,-0.05,0,10.601,-0.0025896,-7.2834e-05,1.0717
0.75,-0.04875,0,10.605,-0.0027567,-7.6405e-05,1.0256
0.775,-0.04875,0,10.617,-0.00075805,-7.4288e-05,0.90226
0.78333,-0.05,0,10.62,0.00050869,-6.9406e-05,0.8654
0.78333,-0.05,0,10.62,0.00050869,-6.9406e-05,0.8654
0.79444,-0.05,0,10.625,0.0013423,-6.8785e-05,0.81663
0.79167,-0.05,0,10.624,0.0011424,-6.8915e-05,0.82858
0.80833,-0.05,0,10.631,0.002301,-6.8214e-05,0.75773
0.80833,-0.05,0,10.631,0.002301,-6.8214e-05,0.75773
0.82083,-0.05,0,10.635,0.0030513,-6.786e-05,0.70648
0.81667,-0.05,0,10.634,0.0028163,-6.7962e-05,0.72338
0.83333,-0.05,0,10.64,0.0037118,-6.7589e-05,0.65623
0.83333,-0.05,0,10.64,0.0037118,-6.7589e-05,0.65623
0.84583,-0.05,0,10.645,0.0042642,-6.7388e-05,0.60684
0.84167,-0.05,0,10.643,0.0040938,-6.7449e-05,0.62321
0.85556,-0.05,0,10.648,0.0046361,-6.7251e-05,0.56876
0.85,-0.04875,0,10.646,0.0039113,-7.1444e-05,0.58994
0.85833,-0.05,0,10.649,0.0047368,-6.7214e-05,0.55791
0.87167,-0.05,0,10.654,0.0051435,-6.7041e-05,0.50606
0.86667,-0.05,0,10.653,0.0050033,-6.7106e-05,0.52548
0.88056,-0.05,0,10.658,0.005373,-6.6922e-05,0.47158
0.875,-0.04875,0,10.655,0.0047196,-7.1058e-05,0.49277
0.88333,-0.05,0,10.659,0.0054411,-6.6884e-05,0.4608
0.89667,-0.05,0,10.664,0.0057108,-6.6685e-05,0.40906
0.89167,-0.05,0,10.662,0.0056185,-6.6763e-05,0.42848
0.90556,-0.05,0,10.667,0.0058611,-6.6542e-05,0.37449
0.9,-0.04875,0,10.665,0.0052562,-7.0624e-05,0.39588
0.91042,-0.05,0,10.669,0.0059343,-6.6461e-05,0.35554
0.90833,-0.05,0,10.668,0.0059055,-6.6497e-05,0.36367
0.91667,-0.048125,0,10.671,0.005245,-7.2261e-05,0.33089
0.92976,-0.05,0,10.676,0.0061702,-6.612e-05,0.27976
0.925,-0.04875,0,10.674,0.0056025,-7.0117e-05,0.29835
0.93583,-0.05,0,10.678,0.0062304,-6.6013e-05,0.25582
0.93333,-0.05,0,10.677,0.0062075,-6.6057e-05,0.26571
0.94167,-0.047813,0,10.68,0.0053732,-7.2663e-05,0.23257
0.95,-0.05,0,10.683,0.0063516,-6.5773e-05,0.19964
0.95,-0.05,0,10.683,0.0063516,-6.5773e-05,0.19964
0.96096,-0.05,0,10.687,0.006429,-6.5612e-05,0.15574
0.95833,-0.05,0,10.686,0.0064122,-6.5646e-05,0.16634
0.96667,-0.047969,0,10.689,0.0056105,-7.1689e-05,0.13265
0.975,-0.05,0,10.693,0.0065118,-6.5446e-05,0.099171
0.975,-0.05,0,10.693,0.0065118,-6.5446e-05,0.099171
0.98742,-0.05,0,10.698,0.0065582,-6.5351e-05,0.049284
0.98333,-0.05,0,10.696,0.0065454,-6.5386e-05,0.064754
0.99167,-0.047969,0,10.699,0.0057025,-7.1378e-05,0.03316
1,-0.05,0,10.702,0.0065857,-6.5262e-05,0
0,-0.04,0,10,0,0,7.2322
0,-0.045,0,10,0,0,7.242
0.0083137,-0.045,0,10,0.0017541,-2.3e-08,7.2394
0.016627,-0.045001,0,10.001,0.0034436,-4.6e-08,7.2304
0.024941,-0.045001,0,10.003,0.0050032,-6.125e-08,7.2143
0.033255,-0.045002,0,10.005,0.0063896,-7.5e-08,7.1923
0.041569,-0.045002,0,10.008,0.007598,-8.825e-08,7.1659
0.049883,-0.045003,0,10.011,0.0086472,-1.0125e-07,7.136
0.058196,-0.045003,0,10.014,0.009558,-1.145e-07,7.1032
0.06651,-0.045003,0,10.018,0.010347,-1.2825e-07,7.0677
0.074824,-0.045004,0,10.021,0.011031,-1.425e-07,7.0302
0.083138,-0.045004,0,10.025,0.011629,-1.5788e-07,6.9909
0.091451,-0.045004,0,10.029,0.012157,-1.7487e-07,6.9503
0.099765,-0.045005,0,10.033,0.012628,-1.9338e-07,6.9085
0.10808,-0.045005,0,10.038,0.013054,-2.1388e-07,6.8659
0.11639,-0.045006,0,10.042,0.013443,-2.37e-07,6.8225
0.12471,-0.045006,0,10.046,0.013803,-2.6312e-07,6.7787
0.13302,-0.045006,0,10.051,0.014141,-2.9263e-07,6.7344
0.14133,-0.045007,0,10.055,0.014461,-3.2625e-07,6.69
0.14965,-0.045007,0,10.06,0.014765,-3.6475e-07,6.6454
0.15796,-0.045008,0,10.064,0.015055,-4.0888e-07,6.601
0.16628,-0.045008,0,10.068,0.01533,-4.5975e-07,6.5567
0.17459,-0.045008,0,10.073,0.015586,-5.1825e-07,6.5128
0.18291,-0.045009,0,10.077,0.015817,-5.86e-07,6.4693
0.19122,-0.045009,0,10.081,0.016014,-6.6487e-07,6.4265
0.19953,-0.04501,0,10.086,0.01616,-7.5696e-07,6.3845
0.20787,-0.04501,0,10.09,0.016233,-8.6537e-07,6.3433
0.2162,-0.04501,0,10.094,0.016202,-9.9312e-07,6.3034
0.22453,-0.04501,0,10.097,0.016024,-1.1441e-06,6.2648
0.23287,-0.04501,0,10.101,0.015639,-1.324e-06,6.2279
0.2412,-0.04501,0,10.105,0.014965,-1.54e-06,6.193
0.24953,-0.04501,0,10.108,0.013893,-1.8005e-06,6.1602
0.25787,-0.04501,0,10.111,0.012272,-2.1165e-06,6.1301
0.2662,-0.04501,0,10.113,0.0099053,-2.5036e-06,6.1031
0.27453,-0.04501,0,10.116,0.0065324,-2.9821e-06,6.0797
0.28287,-0.04501,0,10.118,0.0018141,-3.5807e-06,6.0604
0.2912,-0.04501,0,10.119,-0.0046924,-4.3399e-06,6.0458
0.29953,-0.04501,0,10.12,-0.013564,-5.3168e-06,6.0362
0.30786,-0.04501,0,10.121,-0.02556,-6.5953e-06,6.0313
0.3162,-0.045011,0,10.121,-0.041656,-8.3006e-06,6.03
0.32453,-0.045027,0,10.121,-0.063082,-1.0613e-05,6.029
0.33288,-0.04512,0,10.122,-0.091495,-1.3805e-05,6.0201
0.34125,-0.04522,0,10.125,-0.12895,-1.8257e-05,5.9908
0.34961,-0.045274,0,10.131,-0.17745,-2.4453e-05,5.9206
0.35798,-0.045333,0,10.146,-0.2392,-3.3012e-05,5.7736
0.36633,-0.045363,0,10.173,-0.3158,-4.4525e-05,5.4941
0.37468,-0.04539,0,10.22,-0.40678,-5.9195e-05,5.0004
0.38621,-0.045464,0,10.342,-0.54503,-8.3189e-05,3.7132
0.38307,-0.045445,0,10.298,-0.5078,-7.6571e-05,4.1811
0.39534,-0.045506,0,10.489,-0.64268,-9.9517e-05,2.1301
0.39145,-0.043486,0,10.391,-0.64266,-0.0001057,3.1756
0.39982,-0.045519,0,10.575,-0.68378,-0.00010563,1.2011
0.41399,-0.04556,0,10.903,-0.69268,-0.00010643,-2.4451
0.40821,-0.042222,0,10.766,-0.79623,-0.00012926,-0.97022
0.40822,-0.045551,0,10.767,-0.71304,-0.00010797,-0.92458
0.42064,-0.045568,0,11.047,-0.64522,-0.00010457,-4.0653
0.41658,-0.043287,0,10.98,-0.73613,-0.00011961,-3.3569
0.42494,-0.045572,0,11.137,-0.60452,-0.00010335,-5.059
0.43329,-0.041037,0,11.34,-0.55777,-0.00013274,-7.3656
0.43329,-0.045578,0,11.271,-0.49524,-0.00010174,-6.5251
0.44164,-0.041025,0,11.439,-0.41237,-0.0001312,-8.3946
0.44164,-0.045582,0,11.365,-0.37241,-9.9154e-05,-7.5265
0.45629,-0.045584,0,11.443,-0.15727,-9.0519e-05,-8.3294
0.44999,-0.045584,0,11.423,-0.24748,-9.4803e-05,-8.1282
0.46111,-0.045583,0,11.45,-0.091449,-8.7129e-05,-8.3921
0.45834,-0.040784,0,11.521,-0.1318,-0.00011989,-9.2075
0.46668,-0.040765,0,11.516,-0.0083055,-0.0001116,-9.1161
0.46668,-0.045582,0,11.451,-0.018048,-8.3113e-05,-8.3864
0.48308,-0.045577,0,11.398,0.16214,-7.3382e-05,-7.772
0.47503,-0.04095,0,11.487,0.099401,-0.00010296,-8.7717
0.47502,-0.04558,0,11.432,0.079839,-7.7641e-05,-8.1583
0.48363,-0.045577,0,11.396,0.16731,-7.3134e-05,-7.7416
0.4917,-0.045574,0,11.35,0.23749,-7.0093e-05,-7.2257
0.50004,-0.04557,0,11.293,0.29772,-6.816e-05,-6.5911
0.50838,-0.045566,0,11.229,0.34623,-6.7375e-05,-5.879
0.51671,-0.045561,0,11.159,0.38357,-6.7536e-05,-5.1093
0.52505,-0.045556,0,11.086,0.41015,-6.8402e-05,-4.2984
0.53339,-0.045551,0,11.01,0.42622,-6.9864e-05,-3.4623
0.54172,-0.045546,0,10.933,0.43184,-7.1835e-05,-2.6162
0.55006,-0.042957,0,10.854,0.45217,-8.3752e-05,-1.7517
0.55006,-0.045541,0,10.857,0.42695,-7.4297e-05,-1.7775
0.55839,-0.045524,0,10.783,0.41159,-7.7196e-05,-0.96596
0.56673,-0.042716,0,10.703,0.40964,-9.054e-05,-0.097558
0.56673,-0.045498,0,10.714,0.38601,-8.0437e-05,-0.2061
0.57505,-0.045467,0,10.652,0.35117,-8.4106e-05,0.4734
0.58337,-0.04543,0,10.601,0.30887,-8.7972e-05,1.044
0.59171,-0.045387,0,10.561,0.26283,-9.2338e-05,1.4831
0.6,-0.045,0,10.532,0.21669,-9.6896e-05,1.7959
0.60833,-0.045,0,10.515,0.17215,-0.0001002,1.9802
0.61667,-0.04005,0,10.486,0.13458,-0.00012624,2.2937
0.61667,-0.045,0,10.508,0.1326,-0.00010261,2.0518
0.625,-0.045,0,10.508,0.099212,-0.00010396,2.0495
0.63333,-0.04,0,10.497,0.068292,-0.00012901,2.1636
0.63333,-0.045,0,10.512,0.071965,-0.00010439,2.0046
0.64167,-0.045,0,10.519,0.050315,-0.0001042,1.9342
0.65,-0.042499,0,10.522,0.030803,-0.00011599,1.8953
0.65,-0.045,0,10.527,0.033571,-0.00010362,1.8488
0.65833,-0.04125,0,10.53,0.016709,-0.00012127,1.8085
0.65833,-0.045,0,10.535,0.020954,-0.00010275,1.7573
0.66667,-0.045,0,10.544,0.011661,-0.00010168,1.6664
0.675,-0.045,0,10.552,0.0049717,-0.00010048,1.5794
0.68333,-0.04125,0,10.558,-0.0034143,-0.00011744,1.5148
0.68333,-0.045,0,10.56,0.00030316,-9.922e-05,1.4975
0.69167,-0.045,0,10.567,-0.0028137,-9.792e-05,1.4211
0.7,-0.045,0,10.574,-0.0047596,-9.6606e-05,1.3504
0.70833,-0.04125,0,10.58,-0.0088547,-0.00011309,1.2878
0.70833,-0.045,0,10.58,-0.0058395,-9.5302e-05,1.2851
0.71667,-0.041,0,10.586,-0.009298,-0.00011284,1.2251
0.71667,-0.045,0,10.586,-0.0062894,-9.403e-05,1.2248
0.725,-0.045,0,10.591,-0.0062895,-9.2812e-05,1.1689
0.73333,-0.045,0,10.596,-0.0059774,-9.1666e-05,1.1169
0.74167,-0.045,0,10.6,-0.0054576,-9.0607e-05,1.0683
0.75833,-0.045,0,10.609,-0.0040873,-8.8771e-05,0.97935
0.75,-0.045,0,10.605,-0.0048083,-8.9643e-05,1.0226
0.76667,-0.045,0,10.613,-0.0033363,-8.7979e-05,0.93823
0.775,-0.045,0,10.617,-0.0025855,-8.7254e-05,0.8989
0.78333,-0.04,0,10.621,-0.004448,-0.00010854,0.85621
0.78333,-0.045,0,10.62,-0.0018559,-8.6556e-05,0.86106
0.79444,-0.045,0,10.625,-0.00094481,-8.5771e-05,0.81261
0.79167,-0.045,0,10.624,-0.0011616,-8.5934e-05,0.82446
0.80278,-0.045,0,10.628,-0.00031093,-8.5316e-05,0.77732
0.8,-0.041667,0,10.627,-0.0021551,-9.9872e-05,0.78609
0.80833,-0.04,0,10.631,-0.002327,-0.00010656,0.75032
0.80833,-0.045,0,10.63,8.9832e-05,-8.5053e-05,0.75418
0.82361,-0.045,0,10.636,0.0010551,-8.4489e-05,0.69223
0.81667,-0.045,0,10.634,0.00063975,-8.4723e-05,0.72014
0.82708,-0.045,0,10.637,0.0012502,-8.4382e-05,0.67838
0.83333,-0.04,0,10.64,-0.00072684,-0.00010533,0.65078
0.83333,-0.045,0,10.64,0.0015863,-8.4202e-05,0.65359
0.84167,-0.045,0,10.643,0.0019864,-8.3991e-05,0.62086
0.85,-0.04125,0,10.646,0.00063836,-9.9465e-05,0.58673
0.85,-0.045,0,10.646,0.0023414,-8.3798e-05,0.58838
0.85833,-0.04,0,10.649,0.00039894,-0.00010438,0.55414
0.85833,-0.045,0,10.649,0.0026543,-8.3612e-05,0.55607
0.86667,-0.045,0,10.652,0.0029286,-8.3428e-05,0.52386
0.875,-0.04125,0,10.655,0.0014922,-9.8623e-05,0.49063
0.875,-0.045,0,10.655,0.0031676,-8.3238e-05,0.49172
0.88333,-0.045,0,10.658,0.003375,-8.3038e-05,0.45958
0.89167,-0.045,0,10.661,0.003554,-8.2824e-05,0.42742
0.9,-0.04125,0,10.664,0.0020434,-9.7654e-05,0.39451
0.9,-0.045,0,10.664,0.0037078,-8.2597e-05,0.3952
0.90833,-0.045,0,10.667,0.0038395,-8.2357e-05,0.36289
0.91667,-0.041875,0,10.67,0.0025661,-9.4454e-05,0.33005
0.91667,-0.045,0,10.67,0.0039522,-8.2108e-05,0.33047
0.925,-0.04125,0,10.673,0.0023843,-9.6543e-05,0.29749
0.925,-0.045,0,10.673,0.0040485,-8.1852e-05,0.29791
0.93333,-0.045,0,10.676,0.0041311,-8.1596e-05,0.2652
0.94167,-0.042353,0,10.679,0.0030245,-9.1538e-05,0.2321
0.94167,-0.045,0,10.679,0.0042023,-8.1345e-05,0.23232
0.95,-0.04,0,10.682,0.0020347,-0.0001002,0.1989
0.95,-0.045,0,10.682,0.0042637,-8.1104e-05,0.19925
0.95833,-0.045,0,10.686,0.004317,-8.0879e-05,0.166
0.96667,-0.042206,0,10.688,0.0031087,-9.118e-05,0.13236
0.96667,-0.045,0,10.689,0.004361,-8.068e-05,0.13248
0.975,-0.04,0,10.691,0.0021499,-9.9152e-05,0.098785
0.975,-0.045,0,10.692,0.0043973,-8.0505e-05,0.098945
0.98333,-0.045,0,10.695,0.0044157,-8.0384e-05,0.064619
0.99167,-0.042054,0,10.698,0.0030961,-9.1089e-05,0.03307
0.99167,-0.045,0,10.699,0.0044324,-8.0239e-05,0.033108
1,-0.04,0,10.7,0.0021907,-9.8437e-05,0
1,-0.045,0,10.701,0.0044478,-8.013e-05,0
0,-0.04,0,10,0,0,7.2322
0.0083137,-0.04,0,10,0.0015213,-2.285e-08,7.2297
0.016627,-0.040001,0,10.001,0.0029925,-4.5625e-08,7.2212
0.024941,-0.040001,0,10.003,0.0043628,-6.075e-08,7.2059
0.033255,-0.040002,0,10.005,0.0055965,-7.45e-08,7.1849
0.041569,-0.040002,0,10.007,0.0066852,-8.775e-08,7.1594
0.049882,-0.040002,0,10.01,0.0076395,-1.0088e-07,7.1304
0.058196,-0.040003,0,10.013,0.0084748,-1.1412e-07,7.0983
0.06651,-0.040003,0,10.017,0.0092051,-1.2775e-07,7.0635
0.074823,-0.040004,0,10.021,0.0098441,-1.4212e-07,7.0265
0.083137,-0.040004,0,10.025,0.010407,-1.5775e-07,6.9876
0.091451,-0.040004,0,10.029,0.010909,-1.7462e-07,6.9474
0.099765,-0.040005,0,10.033,0.011361,-1.93e-07,6.9059
0.10808,-0.040005,0,10.037,0.011775,-2.1363e-07,6.8635
0.11639,-0.040006,0,10.041,0.012158,-2.3662e-07,6.8203
0.12471,-0.040006,0,10.046,0.012518,-2.6275e-07,6.7766
0.13302,-0.040006,0,10.05,0.012861,-2.9225e-07,6.7324
0.14133,-0.040007,0,10.054,0.013192,-3.2563e-07,6.6881
0.14965,-0.040007,0,10.059,0.013512,-3.6413e-07,6.6436
0.15796,-0.040008,0,10.063,0.013825,-4.0812e-07,6.5992
0.16627,-0.040008,0,10.068,0.014128,-4.585e-07,6.555
0.17459,-0.040009,0,10.072,0.014419,-5.165e-07,6.5112
0.1829,-0.040009,0,10.076,0.014692,-5.8362e-07,6.4679
0.19122,-0.040009,0,10.08,0.014939,-6.6175e-07,6.4253
0.19953,-0.04001,0,10.085,0.015145,-7.5284e-07,6.3836
0.20786,-0.04001,0,10.089,0.01529,-8.5987e-07,6.343
0.2162,-0.04001,0,10.093,0.015343,-9.8612e-07,6.3037
0.22453,-0.04001,0,10.096,0.015265,-1.1356e-06,6.2662
0.23286,-0.04001,0,10.1,0.014998,-1.3136e-06,6.2307
0.24119,-0.04001,0,10.103,0.014463,-1.5272e-06,6.1977
0.24953,-0.04001,0,10.106,0.013556,-1.7852e-06,6.1677
0.25786,-0.04001,0,10.109,0.012132,-2.0987e-06,6.1414
0.26619,-0.04001,0,10.111,0.010002,-2.4839e-06,6.1195
0.27453,-0.04001,0,10.112,0.0069107,-2.9621e-06,6.103
0.28286,-0.04001,0,10.113,0.0025224,-3.5634e-06,6.093
0.29119,-0.04001,0,10.114,-0.0036065,-4.3307e-06,6.0908
0.29952,-0.04001,0,10.113,-0.012065,-5.3264e-06,6.0976
0.30785,-0.04001,0,10.111,-0.023643,-6.6441e-06,6.1146
0.31618,-0.04001,0,10.108,-0.039389,-8.426e-06,6.1422
0.32451,-0.040014,0,10.105,-0.060668,-1.089e-05,6.1795
0.33284,-0.040047,0,10.1,-0.089344,-1.4371e-05,6.2216
0.34119,-0.040144,0,10.097,-0.12799,-1.9373e-05,6.2573
0.34957,-0.040261,0,10.096,-0.17955,-2.6609e-05,6.2659
0.35793,-0.040314,0,10.101,-0.24707,-3.7038e-05,6.2135
0.36629,-0.040378,0,10.118,-0.33393,-5.1725e-05,6.0364
0.37464,-0.040409,0,10.156,-0.44132,-7.1266e-05,5.6346
0.38303,-0.040467,0,10.23,-0.56604,-9.5805e-05,4.8575
0.39141,-0.037396,0,10.304,-0.75715,-0.00014704,4.0355
0.39143,-0.040532,0,10.355,-0.69475,-0.00012254,3.5346
0.4025,-0.040575,0,10.611,-0.81012,-0.00013901,0.73456
0.3998,-0.0384,0,10.516,-0.85678,-0.00015837,1.7546
0.3998,-0.040564,0,10.537,-0.79752,-0.00013871,1.55
0.41222,-0.040606,0,10.877,-0.81814,-0.00013785,-2.2541
0.4082,-0.035851,0,10.765,-0.97832,-0.00018056,-1.0903
0.41657,-0.040613,0,10.998,-0.79792,-0.0001359,-3.6232
0.4321,-0.04063,0,11.325,-0.58256,-0.00013539,-7.2124
0.42493,-0.040623,0,11.198,-0.69793,-0.00013472,-5.8424
0.44206,-0.040635,0,11.448,-0.40846,-0.00013368,-8.4974
0.44999,-0.040637,0,11.502,-0.26923,-0.00012865,-9.036
0.46136,-0.040636,0,11.521,-0.087153,-0.00011777,-9.1975
0.45834,-0.04049,0,11.526,-0.13207,-0.00012241,-9.2611
0.45834,-0.040637,0,11.523,-0.13192,-0.00012083,-9.2325
0.49167,-0.040626,0,11.393,0.27275,-9.3857e-05,-7.7022
0.49171,-0.040396,0,11.395,0.27492,-9.5732e-05,-7.7234
0.49171,-0.040626,0,11.393,0.27311,-9.3836e-05,-7.6994
0.50005,-0.040622,0,11.328,0.33814,-9.0603e-05,-6.9811
0.50838,-0.040617,0,11.257,0.39029,-8.8845e-05,-6.1905
0.51672,-0.040612,0,11.18,0.43025,-8.8278e-05,-5.346
0.52506,-0.040607,0,11.1,0.45851,-8.8393e-05,-4.4633
0.5334,-0.037601,0,11.024,0.50842,-0.00010741,-3.6169
0.53339,-0.040601,0,11.018,0.47542,-8.91e-05,-3.5566
0.54408,-0.040592,0,10.911,0.47948,-9.098e-05,-2.3819
0.54173,-0.038568,0,10.935,0.5034,-0.00010201,-2.6489
0.54173,-0.040596,0,10.934,0.48111,-9.0404e-05,-2.6394
0.55686,-0.040564,0,10.785,0.46095,-9.4668e-05,-1.006
0.56002,-0.040556,0,10.756,0.45196,-9.581e-05,-0.6815
0.5584,-0.03943,0,10.768,0.46929,-0.00010108,-0.81124
0.5584,-0.04056,0,10.771,0.45771,-9.517e-05,-0.84301
0.56725,-0.040534,0,10.691,0.42563,-9.8711e-05,0.033783
0.57506,-0.040505,0,10.628,0.38756,-0.00010251,0.72881
0.58338,-0.040467,0,10.572,0.33793,-0.00010711,1.3438
0.59171,-0.040422,0,10.531,0.28386,-0.00011264,1.802
0.6,-0.036376,0,10.479,0.23875,-0.00013964,2.3712
0.6,-0.04,0,10.503,0.23015,-0.00011868,2.1094
0.6165,-0.04,0,10.486,0.13551,-0.00012641,2.2955
0.60833,-0.03622,0,10.467,0.18266,-0.00014615,2.5109
0.60833,-0.04,0,10.489,0.17911,-0.00012315,2.2661
0.61683,-0.04,0,10.486,0.13387,-0.00012652,2.2952
0.63333,-0.04,0,10.497,0.068294,-0.00012901,2.1636
0.625,-0.035324,0,10.471,0.094176,-0.00015837,2.4524
0.625,-0.04,0,10.489,0.097759,-0.00012836,2.2493
0.63412,-0.04,0,10.498,0.06614,-0.000129,2.1536
0.64167,-0.04,0,10.507,0.04535,-0.00012892,2.0574
0.64167,-0.04,0,10.507,0.045363,-0.00012892,2.0575
0.65,-0.037502,0,10.514,0.024483,-0.00014452,1.9886
0.66667,-0.04,0,10.539,0.0061301,-0.00012627,1.7154
0.66667,-0.04,0,10.539,0.0061299,-0.00012627,1.7154
0.67917,-0.04,0,10.553,-0.0024773,-0.00012423,1.5671
0.675,-0.04,0,10.549,-0.00030101,-0.00012494,1.6137
0.69167,-0.04,0,10.566,-0.0074403,-0.00012204,1.4356
0.69167,-0.04,0,10.566,-0.0074403,-0.00012204,1.4356
0.70556,-0.04,0,10.577,-0.0095964,-0.00011952,1.312
0.7,-0.04,0,10.573,-0.0090698,-0.00012053,1.3586
0.71944,-0.04,0,10.588,-0.0099737,-0.00011708,1.2058
0.71667,-0.035,0,10.586,-0.013981,-0.0001476,1.2239
0.725,-0.04,0,10.591,-0.0098209,-0.00011613,1.167
0.73333,-0.04,0,10.596,-0.0093083,-0.00011479,1.1135
0.74167,-0.04,0,10.601,-0.0086146,-0.00011355,1.0639
0.75833,-0.04,0,10.609,-0.0069652,-0.00011135,0.97415
0.75,-0.04,0,10.605,-0.0078153,-0.0001124,1.0176
0.75,-0.04,0,10.605,-0.0078153,-0.0001124,1.0176
0.75833,-0.04,0,10.609,-0.0069652,-0.00011135,0.97415
0.76667,-0.04,0,10.613,-0.0061036,-0.00011037,0.93302
0.78333,-0.04,0,10.621,-0.004448,-0.00010854,0.85621
0.775,-0.0375,0,10.617,-0.0065987,-0.00012333,0.89104
0.775,-0.04,0,10.617,-0.0052582,-0.00010946,0.89381
0.78333,-0.04,0,10.621,-0.004448,-0.00010854,0.85621
0.79167,-0.04,0,10.624,-0.0036851,-0.00010772,0.81991
0.80833,-0.04,0,10.631,-0.002327,-0.00010656,0.75032
0.8,-0.038333,0,10.627,-0.0038087,-0.00011605,0.78319
0.8,-0.04,0,10.627,-0.002977,-0.00010708,0.78469
0.80833,-0.04,0,10.631,-0.002327,-0.00010656,0.75032
0.82083,-0.04,0,10.635,-0.0014697,-0.00010589,0.70007
0.81667,-0.04,0,10.634,-0.0017361,-0.0001061,0.71664
0.83333,-0.04,0,10.64,-0.00072684,-0.00010533,0.65078
0.84583,-0.04,0,10.644,-0.0001163,-0.00010484,0.60228
0.84167,-0.04,0,10.643,-0.0003033,-0.000105,0.61837
0.85833,-0.04,0,10.649,0.00039894,-0.00010438,0.55414
0.85833,-0.04,0,10.649,0.00039894,-0.00010438,0.55414
0.87167,-0.04,0,10.654,0.0008344,-0.00010388,0.50303
0.86667,-0.04,0,10.652,0.00068535,-0.00010407,0.52218
0.88056,-0.04,0,10.657,0.0010766,-0.00010353,0.46897
0.88333,-0.04,0,10.658,0.001148,-0.00010341,0.45833
0.89667,-0.04,0,10.663,0.0014259,-0.00010283,0.40711
0.89167,-0.04,0,10.661,0.0013318,-0.00010305,0.42634
0.90556,-0.04,0,10.666,0.0015774,-0.00010241,0.37283
0.91042,-0.04,0,10.667,0.0016499,-0.00010217,0.35403
0.90833,-0.04,0,10.667,0.0016217,-0.00010227,0.36211
0.92976,-0.04,0,10.674,0.0018753,-0.0001012,0.2787
0.93561,-0.04,0,10.677,0.0019282,-0.0001009,0.25577
0.93333,-0.04,0,10.676,0.0019097,-0.00010102,0.26472
0.95,-0.04,0,10.682,0.0020347,-0.0001002,0.1989
0.96009,-0.04,0,10.685,0.0020909,-9.9742e-05,0.15867
0.95833,-0.04,0,10.685,0.0020832,-9.9815e-05,0.16571
0.975,-0.04,0,10.691,0.0021499,-9.9152e-05,0.098785
0.98729,-0.04,0,10.696,0.0021575,-9.8802e-05,0.049592
0.98333,-0.04,0,10.694,0.0021515,-9.8934e-05,0.06458
0,-0.035,0,10,0,0,7.2236
0.0083137,-0.035,0,10,0.0013084,-2.2825e-08,7.2213
0.016627,-0.035001,0,10.001,0.002578,-4.55e-08,7.2131
0.024941,-0.035001,0,10.003,0.0037691,-6.05e-08,7.1985
0.033255,-0.034048,0,10.005,0.0047184,-7.4202e-08,7.1772
0.033255,-0.035002,0,10.005,0.0048527,-7.425e-08,7.1783
0.041568,-0.035002,0,10.007,0.0058193,-8.75e-08,7.1536
0.049882,-0.035002,0,10.01,0.0066745,-1.0075e-07,7.1253
0.058196,-0.035003,0,10.013,0.0074293,-1.14e-07,7.0938
0.06651,-0.035003,0,10.017,0.0080952,-1.275e-07,7.0595
0.074823,-0.032858,0,10.02,0.0081956,-1.4189e-07,7.0216
0.074823,-0.035004,0,10.02,0.0086837,-1.42e-07,7.023
0.083137,-0.035004,0,10.024,0.0092075,-1.5763e-07,6.9846
0.091451,-0.035005,0,10.028,0.0096791,-1.7438e-07,6.9446
0.099764,-0.032144,0,10.032,0.0093996,-1.9261e-07,6.902
0.099764,-0.035005,0,10.032,0.010109,-1.9275e-07,6.9034
0.10808,-0.035005,0,10.036,0.010508,-2.1337e-07,6.8611
0.11639,-0.035006,0,10.041,0.010882,-2.3638e-07,6.8181
0.12471,-0.035006,0,10.045,0.011239,-2.6238e-07,6.7745
0.13302,-0.035007,0,10.049,0.011584,-2.9175e-07,6.7304
0.14133,-0.035007,0,10.054,0.011922,-3.25e-07,6.6861
0.14965,-0.035007,0,10.058,0.012257,-3.6337e-07,6.6417
0.15796,-0.035008,0,10.063,0.012588,-4.0713e-07,6.5973
0.16627,-0.035008,0,10.067,0.012918,-4.57e-07,6.5531
0.17459,-0.035009,0,10.071,0.013244,-5.145e-07,6.5094
0.1829,-0.035009,0,10.076,0.013561,-5.8113e-07,6.4662
0.19122,-0.035009,0,10.08,0.013862,-6.585e-07,6.4237
0.19953,-0.03501,0,10.084,0.014135,-7.486e-07,6.3823
0.20786,-0.03501,0,10.088,0.014361,-8.5437e-07,6.3421
0.21619,-0.03501,0,10.092,0.014514,-9.7888e-07,6.3035
0.22453,-0.03501,0,10.095,0.014555,-1.1264e-06,6.2668
0.23286,-0.03501,0,10.099,0.014434,-1.302e-06,6.2326
0.24119,-0.03501,0,10.102,0.014078,-1.5125e-06,6.2014
0.24952,-0.03501,0,10.105,0.013388,-1.767e-06,6.174
0.25785,-0.03501,0,10.107,0.012233,-2.0769e-06,6.1512
0.26619,-0.03501,0,10.108,0.010432,-2.458e-06,6.1341
0.27452,-0.03501,0,10.109,0.0077458,-2.9325e-06,6.1241
0.28285,-0.03501,0,10.109,0.0038519,-3.5315e-06,6.1229
0.29118,-0.03501,0,10.108,-0.0016815,-4.2998e-06,6.1326
0.29951,-0.03501,0,10.106,-0.0094383,-5.3035e-06,6.1554
0.30784,-0.03501,0,10.102,-0.020213,-6.6443e-06,6.194
0.31617,-0.03501,0,10.097,-0.035093,-8.4793e-06,6.2508
0.3245,-0.035011,0,10.089,-0.055555,-1.1059e-05,6.3275
0.33283,-0.035025,0,10.079,-0.08366,-1.4788e-05,6.4233
0.34116,-0.035102,0,10.068,-0.12239,-2.0306e-05,6.531
0.34953,-0.035241,0,10.058,-0.17568,-2.8601e-05,6.633
0.35789,-0.035307,0,10.051,-0.248,-4.1162e-05,6.6975
0.36626,-0.035384,0,10.054,-0.34483,-5.9738e-05,6.6579
0.37461,-0.035433,0,10.079,-0.47042,-8.5688e-05,6.3936
0.38749,-0.035535,0,10.214,-0.71484,-0.00014243,4.9683
0.38299,-0.035493,0,10.144,-0.62422,-0.00012068,5.7074
0.40765,-0.035645,0,10.747,-0.98102,-0.0001824,-0.88959
0.39979,-0.035609,0,10.488,-0.93317,-0.00018371,2.0184
0.4082,-0.035648,0,10.765,-0.98439,-0.00018231,-1.0944
0.4082,-0.035648,0,10.765,-0.98439,-0.00018231,-1.0944
0.4082,-0.035648,0,10.765,-0.98439,-0.00018231,-1.0944
0.4082,-0.035648,0,10.765,-0.98439,-0.00018231,-1.0944
0.41656,-0.035664,0,11.046,-0.93297,-0.00017947,-4.2816
0.41656,-0.035664,0,11.046,-0.93297,-0.00017947,-4.2816
0.41656,-0.035664,0,11.046,-0.93297,-0.00017947,-4.2816
0.41656,-0.035664,0,11.046,-0.93297,-0.00017947,-4.2816
0.43234,-0.035683,0,11.424,-0.6622,-0.00018857,-8.3856
0.42492,-0.035675,0,11.279,-0.8081,-0.00018339,-6.8456
0.42492,-0.035675,0,11.279,-0.8081,-0.00018339,-6.8456
0.42492,-0.035675,0,11.279,-0.8081,-0.00018339,-6.8456
0.42492,-0.035675,0,11.279,-0.8081,-0.00018339,-6.8456
0.43328,-0.034446,0,11.473,-0.66356,-0.00021229,-8.9438
0.43328,-0.035684,0,11.443,-0.64358,-0.00018923,-8.5822
0.43264,-0.03492,0,11.451,-0.67336,-0.00020327,-8.6962
0.43389,-0.034971,0,11.47,-0.63996,-0.00020373,-8.887
0.43328,-0.035684,0,11.443,-0.64358,-0.00018923,-8.5822
0.43328,-0.035684,0,11.443,-0.64358,-0.00018923,-8.5822
0.44963,-0.03569,0,11.595,-0.30201,-0.00018449,-10.087
0.44164,-0.033299,0,11.602,-0.4871,-0.00023654,-10.29
0.44164,-0.035688,0,11.545,-0.46659,-0.00019009,-9.6133
0.43925,-0.032853,0,11.594,-0.55359,-0.00024723,-10.234
0.44164,-0.035688,0,11.545,-0.46659,-0.00019009,-9.6133
0.44164,-0.035688,0,11.545,-0.46659,-0.00019009,-9.6133
0.45037,-0.03569,0,11.597,-0.28753,-0.00018377,-10.112
0.44999,-0.035556,0,11.6,-0.29498,-0.00018687,-10.143
0.44999,-0.03569,0,11.597,-0.29461,-0.00018423,-10.108
0.45013,-0.035527,0,11.601,-0.292,-0.00018744,-10.153
0.44999,-0.03569,0,11.597,-0.29461,-0.00018423,-10.108
0.44932,-0.034894,0,11.613,-0.31271,-0.00020136,-10.306
0.44999,-0.03569,0,11.597,-0.29461,-0.00018423,-10.108
0.44999,-0.03569,0,11.597,-0.29461,-0.00018423,-10.108
0.45834,-0.03569,0,11.61,-0.13689,-0.00017395,-10.198
0.45834,-0.03569,0,11.61,-0.13689,-0.00017395,-10.198
0.45834,-0.03569,0,11.61,-0.13689,-0.00017395,-10.198
0.46668,-0.035688,0,11.595,0.0027687,-0.00016222,-9.9827
0.46668,-0.035688,0,11.595,0.0027687,-0.00016222,-9.9827
0.46668,-0.035688,0,11.595,0.0027687,-0.00016222,-9.9827
0.47503,-0.035686,0,11.557,0.12363,-0.00015126,-9.5431
0.47503,-0.035686,0,11.557,0.12363,-0.00015126,-9.5431
0.47503,-0.035686,0,11.557,0.12363,-0.00015126,-9.5431
0.48337,-0.035682,0,11.505,0.22632,-0.00014203,-8.9392
0.48337,-0.035682,0,11.505,0.22632,-0.00014203,-8.9392
0.48337,-0.035682,0,11.505,0.22632,-0.00014203,-8.9392
0.49373,-0.035677,0,11.423,0.32904,-0.00013316,-8.019
0.49171,-0.034542,0,11.45,0.32271,-0.00015225,-8.3459
0.49171,-0.035678,0,11.44,0.31207,-0.00013457,-8.2153
0.49244,-0.034809,0,11.441,0.32756,-0.00014767,-8.24
0.49171,-0.035678,0,11.44,0.31207,-0.00013457,-8.2153
0.49171,-0.035678,0,11.44,0.31207,-0.00013457,-8.2153
0.50005,-0.035673,0,11.367,0.38224,-0.00012874,-7.4034
0.50005,-0.035673,0,11.367,0.38224,-0.00012874,-7.4034
0.50005,-0.035673,0,11.367,0.38224,-0.00012874,-7.4034
0.50005,-0.035673,0,11.367,0.38224,-0.00012874,-7.4034
0.50839,-0.035668,0,11.288,0.43833,-0.00012452,-6.5266
0.50839,-0.035668,0,11.288,0.43833,-0.00012452,-6.5266
0.50839,-0.035668,0,11.288,0.43833,-0.00012452,-6.5266
0.50839,-0.035668,0,11.288,0.43833,-0.00012452,-6.5266
0.51673,-0.035663,0,11.204,0.48143,-0.000122,-5.6004
0.51673,-0.035663,0,11.204,0.48143,-0.000122,-5.6004
0.51673,-0.035663,0,11.204,0.48143,-0.000122,-5.6004
0.51673,-0.035663,0,11.204,0.48143,-0.000122,-5.6004
0.5282,-0.035655,0,11.083,0.51864,-0.00012004,-4.2687
0.52506,-0.035657,0,11.117,0.51187,-0.00012048,-4.6389
0.52506,-0.035657,0,11.117,0.51187,-0.00012048,-4.6389
0.5334,-0.033964,0,11.029,0.54928,-0.0001357,-3.6942
0.54174,-0.033112,0,10.935,0.56517,-0.00014129,-2.6764
0.5584,-0.031969,0,10.744,0.54922,-0.00014872,-0.58877
0.56728,-0.035567,0,10.67,0.47142,-0.00012427,0.26359
0.57506,-0.03554,0,10.601,0.42709,-0.00012806,1.0266
0.58338,-0.035506,0,10.541,0.36848,-0.00013307,1.6957
0.6,-0.035,0,10.47,0.24202,-0.0001476,2.4706
0.59172,-0.035459,0,10.497,0.30463,-0.00013979,2.1743
0.64166,-0.035,0,10.496,0.038536,-0.00016127,2.1857
0.64167,-0.034812,0,10.495,0.038163,-0.00016281,2.1904
0.64167,-0.035,0,10.496,0.038517,-0.00016127,2.1855
0.65417,-0.035,0,10.517,0.014624,-0.00016021,1.9641
0.65,-0.035,0,10.51,0.020922,-0.00016072,2.0356
0.66667,-0.035,0,10.535,-0.00045333,-0.00015834,1.7623
0.66667,-0.035,0,10.535,-0.00045478,-0.00015834,1.7623
0.67917,-0.035,0,10.551,-0.0083431,-0.00015591,1.5932
0.675,-0.035,0,10.547,-0.0064185,-0.00015677,1.6455
0.69167,-0.035,0,10.565,-0.012562,-0.00015322,1.4476
0.69167,-0.035,0,10.565,-0.012562,-0.00015322,1.4476
0.70556,-0.035,0,10.578,-0.014002,-0.00015008,1.3152
0.7,-0.035,0,10.573,-0.01374,-0.00015134,1.3646
0.71667,-0.035,0,10.586,-0.013981,-0.0001476,1.2239
0.71667,-0.035,0,10.586,-0.013981,-0.0001476,1.2239
0.725,-0.035,0,10.592,-0.013461,-0.00014582,1.1637
0.73333,-0.035,0,10.597,-0.012704,-0.00014413,1.1089
0.74167,-0.035,0,10.602,-0.011807,-0.00014254,1.0585
0.74167,-0.035,0,10.602,-0.011807,-0.00014254,1.0585
0.75833,-0.035,0,10.61,-0.009852,-0.00013971,0.9683
0.76667,-0.035,0,10.614,-0.0088771,-0.00013843,0.92725
0.75833,-0.035,0,10.61,-0.009852,-0.00013971,0.9683
0.76667,-0.035,0,10.614,-0.0088771,-0.00013843,0.92725
0.78333,-0.035,0,10.621,-0.0070535,-0.00013595,0.85098
0.79444,-0.035,0,10.625,-0.0059771,-0.00013454,0.80343
0.79167,-0.035,0,10.624,-0.0062296,-0.00013483,0.81504
0.80833,-0.035,0,10.63,-0.0047827,-0.00013323,0.74624
0.82083,-0.035,0,10.635,-0.0038813,-0.00013223,0.69658
0.81667,-0.035,0,10.633,-0.0041602,-0.00013255,0.71295
0.83333,-0.035,0,10.639,-0.0031061,-0.00013136,0.64784
0.84583,-0.035,0,10.644,-0.0024742,-0.00013057,0.59983
0.84167,-0.035,0,10.642,-0.0026671,-0.00013083,0.61577
0.85556,-0.035,0,10.647,-0.0020566,-0.00012998,0.56273
0.85833,-0.03,0,10.641,-0.0043257,-0.00016004,0.55014
0.85833,-0.035,0,10.648,-0.0019442,-0.00012981,0.55214
0.87167,-0.035,0,10.652,-0.0014997,-0.00012896,0.50143
0.86667,-0.035,0,10.651,-0.0016514,-0.00012929,0.52045
0.88056,-0.035,0,10.655,-0.0012539,-0.00012836,0.46761
0.88333,-0.035,0,10.656,-0.0011816,-0.00012818,0.45704
0.89667,-0.035,0,10.661,-0.0009022,-0.0001272,0.4061
0.89167,-0.035,0,10.659,-0.00099641,-0.00012758,0.42524
0.90556,-0.035,0,10.664,-0.00075112,-0.00012651,0.37199
0.91042,-0.035,0,10.665,-0.0006792,-0.00012612,0.35327
0.90833,-0.035,0,10.665,-0.00070698,-0.00012629,0.36132
0.92976,-0.035,0,10.672,-0.00045871,-0.00012455,0.2782
0.93583,-0.035,0,10.674,-0.00040607,-0.00012405,0.25443
0.93333,-0.035,0,10.673,-0.00042551,-0.00012425,0.26425
0.95,-0.035,0,10.679,-0.00030687,-0.00012293,0.19858
0.96096,-0.035,0,10.683,-0.00025115,-0.00012213,0.1549
0.95833,-0.035,0,10.682,-0.00026126,-0.00012231,0.16544
0.975,-0.035,0,10.688,-0.00020056,-0.00012119,0.098675
0.98742,-0.035,0,10.692,-0.00021099,-0.00012059,0.049117
0.98333,-0.035,0,10.69,-0.00022028,-0.00012084,0.064656
0,-0.03,0,10,0,0,7.2164
0.0083137,-0.03,0,10,0.0011109,-2.2675e-08,7.2141
0.016627,-0.030001,0,10.001,0.0021919,-4.525e-08,7.2062
0.026192,-0.030001,0,10.003,0.0033531,-6.2318e-08,7.1892
0.024941,-0.030001,0,10.003,0.0032123,-6.025e-08,7.1921
0.039674,-0.030002,0,10.006,0.0048001,-8.4231e-08,7.154
0.033255,-0.025957,0,10.004,0.003605,-7.3697e-08,7.1685
0.041568,-0.030002,0,10.007,0.0049922,-8.725e-08,7.1485
0.049882,-0.030003,0,10.01,0.0057454,-1.005e-07,7.1207
0.058196,-0.030003,0,10.013,0.0064159,-1.1375e-07,7.0898
0.069843,-0.030003,0,10.018,0.007227,-1.3306e-07,7.0415
0.066509,-0.030003,0,10.016,0.0070131,-1.2725e-07,7.056
0.07935,-0.030004,0,10.022,0.0078081,-1.5026e-07,6.9991
0.083137,-0.030004,0,10.024,0.0080269,-1.5737e-07,6.9817
0.096032,-0.030005,0,10.03,0.0086874,-1.8425e-07,6.9194
0.09145,-0.030004,0,10.028,0.0084645,-1.7412e-07,6.942
0.10316,-0.030005,0,10.033,0.0090239,-2.0092e-07,6.8838
0.10808,-0.030005,0,10.036,0.0092488,-2.1312e-07,6.8589
0.11639,-0.030006,0,10.04,0.0096113,-2.3625e-07,6.816
0.12471,-0.030006,0,10.044,0.009963,-2.6213e-07,6.7724
0.13302,-0.030007,0,10.049,0.010309,-2.9125e-07,6.7284
0.14133,-0.030007,0,10.053,0.010654,-3.245e-07,6.684
0.14965,-0.030007,0,10.058,0.011002,-3.6262e-07,6.6396
0.15796,-0.030008,0,10.062,0.011355,-4.06e-07,6.5952
0.16627,-0.030008,0,10.066,0.011713,-4.5562e-07,6.5511
0.17459,-0.030009,0,10.071,0.012077,-5.1263e-07,6.5073
0.1829,-0.030009,0,10.075,0.012442,-5.785e-07,6.4641
0.19121,-0.030009,0,10.079,0.012803,-6.55e-07,6.4218
0.19953,-0.03001,0,10.083,0.01315,-7.441e-07,6.3805
0.20786,-0.03001,0,10.087,0.013467,-8.4849e-07,6.3406
0.21619,-0.03001,0,10.091,0.013733,-9.7112e-07,6.3025
0.22452,-0.03001,0,10.095,0.013915,-1.1163e-06,6.2665
0.23285,-0.03001,0,10.098,0.013967,-1.2889e-06,6.2334
0.24119,-0.03001,0,10.101,0.013825,-1.4958e-06,6.2038
0.24952,-0.03001,0,10.103,0.013403,-1.7459e-06,6.1786
0.25785,-0.03001,0,10.105,0.012582,-2.0504e-06,6.1588
0.26618,-0.03001,0,10.106,0.011198,-2.4254e-06,6.146
0.27451,-0.03001,0,10.107,0.0090349,-2.8927e-06,6.142
0.28284,-0.03001,0,10.106,0.0057935,-3.4841e-06,6.1489
0.29117,-0.03001,0,10.104,0.0010697,-4.2447e-06,6.1696
0.2995,-0.03001,0,10.1,-0.0056928,-5.2433e-06,6.2076
0.30783,-0.03001,0,10.094,-0.015266,-6.5859e-06,6.2669
0.31616,-0.030011,0,10.086,-0.028731,-8.44e-06,6.3521
0.32448,-0.030011,0,10.074,-0.047617,-1.1083e-05,6.4682
0.33281,-0.030014,0,10.059,-0.074109,-1.4977e-05,6.6189
0.34113,-0.030047,0,10.04,-0.11148,-2.09e-05,6.804
0.34947,-0.030155,0,10.019,-0.1645,-3.0154e-05,7.0129
0.35783,-0.030268,0,9.9976,-0.23958,-4.489e-05,7.2196
0.3662,-0.030354,0,9.9827,-0.34503,-6.792e-05,7.3605
0.37457,-0.030443,0,9.9873,-0.48995,-0.00010263,7.2982
0.38692,-0.030551,0,10.098,-0.78663,-0.00018216,6.1263
0.38293,-0.030504,0,10.036,-0.6795,-0.00015304,6.7846
0.39133,-0.026656,0,10.05,-0.99978,-0.00027864,6.5654
0.39137,-0.030605,0,10.168,-0.90631,-0.00021469,5.3909
0.40543,-0.03068,0,10.655,-1.1564,-0.00025024,0.015199
0.39974,-0.028304,0,10.367,-1.201,-0.00030165,3.124
0.39976,-0.030652,0,10.421,-1.0947,-0.00024834,2.6619
0.4015,-0.028592,0,10.461,-1.231,-0.00030281,2.0344
0.39976,-0.030652,0,10.421,-1.0947,-0.00024834,2.6619
0.39976,-0.030652,0,10.421,-1.0947,-0.00024834,2.6619
0.39976,-0.030652,0,10.421,-1.0947,-0.00024834,2.6619
0.39976,-0.030652,0,10.421,-1.0947,-0.00024834,2.6619
0.40818,-0.030693,0,10.769,-1.1863,-0.00025116,-1.271
0.40818,-0.030693,0,10.769,-1.1863,-0.00025116,-1.271
0.40818,-0.030693,0,10.769,-1.1863,-0.00025116,-1.271
0.40818,-0.030693,0,10.769,-1.1863,-0.00025116,-1.271
0.41655,-0.030714,0,11.122,-1.1032,-0.00025569,-5.2579
0.41655,-0.030714,0,11.122,-1.1032,-0.00025569,-5.2579
0.41655,-0.030714,0,11.122,-1.1032,-0.00025569,-5.2579
0.42492,-0.030727,0,11.389,-0.93245,-0.0002689,-8.1692
0.42492,-0.030727,0,11.389,-0.93245,-0.0002689,-8.1692
0.42492,-0.030727,0,11.389,-0.93245,-0.0002689,-8.1692
0.43328,-0.030736,0,11.565,-0.72346,-0.00028141,-10.028
0.43328,-0.030736,0,11.565,-0.72346,-0.00028141,-10.028
0.43328,-0.030736,0,11.565,-0.72346,-0.00028141,-10.028
0.44507,-0.030742,0,11.69,-0.42539,-0.00028985,-11.279
0.44164,-0.030741,0,11.663,-0.50907,-0.00028627,-11.014
0.44164,-0.030741,0,11.663,-0.50907,-0.00028627,-11.014
0.44164,-0.030741,0,11.663,-0.50907,-0.00028627,-11.014
0.44999,-0.030743,0,11.703,-0.30834,-0.00028189,-11.385
0.44999,-0.030743,0,11.703,-0.30834,-0.00028189,-11.385
0.44999,-0.030743,0,11.703,-0.30834,-0.00028189,-11.385
0.45834,-0.030743,0,11.703,-0.12961,-0.00027019,-11.319
0.45834,-0.030743,0,11.703,-0.12961,-0.00027019,-11.319
0.45834,-0.030743,0,11.703,-0.12961,-0.00027019,-11.319
0.46669,-0.030741,0,11.673,0.025115,-0.0002554,-10.948
0.46669,-0.030741,0,11.673,0.025115,-0.0002554,-10.948
0.46669,-0.030741,0,11.673,0.025115,-0.0002554,-10.948
0.47503,-0.030738,0,11.623,0.1567,-0.0002398,-10.363
0.47503,-0.030738,0,11.623,0.1567,-0.0002398,-10.363
0.47503,-0.030738,0,11.623,0.1567,-0.0002398,-10.363
0.48337,-0.030735,0,11.559,0.2671,-0.0002252,-9.6268
0.48337,-0.030735,0,11.559,0.2671,-0.0002252,-9.6268
0.48337,-0.030735,0,11.559,0.2671,-0.0002252,-9.6268
0.48959,-0.030731,0,11.505,0.33761,-0.00021718,-9.0193
0.49171,-0.030295,0,11.488,0.36305,-0.00022124,-8.8366
0.49171,-0.03073,0,11.484,0.35842,-0.00021163,-8.7844
0.49171,-0.03073,0,11.484,0.35842,-0.00021163,-8.7844
0.49171,-0.03073,0,11.484,0.35842,-0.00021163,-8.7844
0.50005,-0.030725,0,11.402,0.4327,-0.00019893,-7.8666
0.50005,-0.030725,0,11.402,0.4327,-0.00019893,-7.8666
0.50005,-0.030725,0,11.402,0.4327,-0.00019893,-7.8666
0.50839,-0.03072,0,11.315,0.49182,-0.00018754,-6.8949
0.50839,-0.03072,0,11.315,0.49182,-0.00018754,-6.8949
0.50839,-0.03072,0,11.315,0.49182,-0.00018754,-6.8949
0.51673,-0.030714,0,11.225,0.53362,-0.00017821,-5.888
0.51673,-0.030714,0,11.225,0.53362,-0.00017821,-5.888
0.51673,-0.030714,0,11.225,0.53362,-0.00017821,-5.888
0.51673,-0.030714,0,11.225,0.53362,-0.00017821,-5.888
0.52507,-0.030708,0,11.129,0.56703,-0.0001725,-4.8365
0.52507,-0.030708,0,11.129,0.56703,-0.0001725,-4.8365
0.52507,-0.030708,0,11.129,0.56703,-0.0001725,-4.8365
0.52507,-0.030708,0,11.129,0.56703,-0.0001725,-4.8365
0.52507,-0.030708,0,11.129,0.56703,-0.0001725,-4.8365
0.52507,-0.030708,0,11.129,0.56703,-0.0001725,-4.8365
0.5334,-0.030699,0,11.032,0.58686,-0.00016745,-3.7681
0.5334,-0.030699,0,11.032,0.58686,-0.00016745,-3.7681
0.5334,-0.030699,0,11.032,0.58686,-0.00016745,-3.7681
0.5334,-0.030699,0,11.032,0.58686,-0.00016745,-3.7681
0.54465,-0.030673,0,10.9,0.59112,-0.00016191,-2.3123
0.54174,-0.030681,0,10.934,0.59361,-0.00016294,-2.6897
0.54174,-0.030681,0,10.934,0.59361,-0.00016294,-2.6897
0.54174,-0.030681,0,10.934,0.59361,-0.00016294,-2.6897
0.54174,-0.030681,0,10.934,0.59361,-0.00016294,-2.6897
0.5566,-0.03064,0,10.76,0.56902,-0.00015912,-0.77691
0.55007,-0.03066,0,10.836,0.58648,-0.00015999,-1.6099
0.54679,-0.026762,0,10.863,0.6437,-0.00021901,-2.0283
0.5535,-0.026571,0,10.776,0.63374,-0.0002148,-1.0716
0.55007,-0.03066,0,10.836,0.58648,-0.00015999,-1.6099
0.55007,-0.03066,0,10.836,0.58648,-0.00015999,-1.6099
0.56016,-0.030629,0,10.72,0.55606,-0.00015913,-0.33281
0.5584,-0.030635,0,10.739,0.56419,-0.00015888,-0.54653
0.5584,-0.030635,0,10.739,0.56419,-0.00015888,-0.54653
0.56036,-0.028299,0,10.7,0.58604,-0.00018761,-0.18891
0.5584,-0.030635,0,10.739,0.56419,-0.00015888,-0.54653
0.5584,-0.030635,0,10.739,0.56419,-0.00015888,-0.54653
0.56727,-0.030603,0,10.642,0.52214,-0.0001603,0.52456
0.56674,-0.030605,0,10.648,0.52568,-0.00016008,0.46592
0.56674,-0.030605,0,10.648,0.52568,-0.00016008,0.46592
0.56674,-0.030605,0,10.648,0.52568,-0.00016008,0.46592
0.57507,-0.030572,0,10.566,0.47074,-0.0001636,1.3757
0.57507,-0.030572,0,10.566,0.47074,-0.0001636,1.3757
0.58338,-0.030535,0,10.5,0.40139,-0.00016853,2.1135
0.6,-0.03,0,10.431,0.25176,-0.00018601,2.8872
0.59172,-0.030498,0,10.455,0.32537,-0.00017615,2.6131
0.64184,-0.03,0,10.483,0.02876,-0.00020213,2.3115
0.65418,-0.03,0,10.508,0.005849,-0.00020067,2.0421
0.65,-0.03,0,10.5,0.011835,-0.00020134,2.128
0.66666,-0.03,0,10.53,-0.0081955,-0.00019829,1.8056
0.66667,-0.03,0,10.53,-0.0082018,-0.00019829,1.8055
0.67917,-0.03,0,10.548,-0.01509,-0.00019524,1.6153
0.675,-0.03,0,10.542,-0.013487,-0.00019632,1.6733
0.69167,-0.03,0,10.562,-0.018398,-0.00019185,1.4559
0.69167,-0.03,0,10.562,-0.018398,-0.00019185,1.4559
0.70556,-0.03,0,10.575,-0.01901,-0.00018785,1.3152
0.7,-0.03,0,10.571,-0.019053,-0.00018945,1.3672
0.71667,-0.03,0,10.584,-0.01844,-0.00018469,1.22
0.71667,-0.03,0,10.584,-0.01844,-0.00018469,1.22
0.725,-0.03,0,10.59,-0.017578,-0.0001824,1.1582
0.73333,-0.03,0,10.595,-0.01653,-0.00018021,1.1024
0.74167,-0.03,0,10.599,-0.015385,-0.00017815,1.0516
0.74167,-0.03,0,10.599,-0.015385,-0.00017815,1.0516
0.75833,-0.03,0,10.607,-0.013043,-0.00017439,0.96138
0.75833,-0.03,0,10.607,-0.013043,-0.00017439,0.96138
0.76667,-0.03,0,10.611,-0.011919,-0.00017265,0.92061
0.76667,-0.03,0,10.611,-0.011919,-0.00017265,0.92061
0.78333,-0.03,0,10.618,-0.0098634,-0.00016923,0.84518
0.79444,-0.03,0,10.621,-0.008674,-0.00016732,0.79828
0.79167,-0.03,0,10.62,-0.008951,-0.00016771,0.80973
0.80833,-0.03,0,10.626,-0.007369,-0.00016548,0.74189
0.82083,-0.03,0,10.63,-0.0063948,-0.00016397,0.69292
0.81667,-0.03,0,10.629,-0.006695,-0.00016445,0.70907
0.83333,-0.03,0,10.634,-0.0055626,-0.00016259,0.64481
0.84583,-0.03,0,10.638,-0.0048887,-0.00016131,0.59734
0.84167,-0.03,0,10.636,-0.005094,-0.00016173,0.61311
0.85833,-0.03,0,10.641,-0.0043257,-0.00016004,0.55014
0.87167,-0.03,0,10.645,-0.0038556,-0.00015862,0.49987
0.86667,-0.03,0,10.644,-0.0040158,-0.00015917,0.51873
0.88056,-0.03,0,10.648,-0.0035962,-0.00015762,0.4663
0.88333,-0.03,0,10.648,-0.00352,-0.0001573,0.4558
0.89667,-0.03,0,10.652,-0.0032259,-0.00015567,0.40517
0.89167,-0.03,0,10.651,-0.003325,-0.0001563,0.4242
0.90556,-0.03,0,10.655,-0.0030671,-0.00015452,0.37123
0.91042,-0.03,0,10.656,-0.0029915,-0.00015389,0.35259
0.90833,-0.03,0,10.655,-0.0030207,-0.00015416,0.3606
0.92976,-0.03,0,10.661,-0.00276,-0.0001513,0.27778
0.93583,-0.03,0,10.663,-0.0027047,-0.00015049,0.25407
0.93333,-0.03,0,10.662,-0.0027252,-0.00015082,0.26387
0.95,-0.03,0,10.667,-0.0025997,-0.00014867,0.19834
0.96029,-0.03,0,10.669,-0.0025411,-0.00014743,0.15743
0.95833,-0.03,0,10.669,-0.0025494,-0.00014765,0.16526
0.975,-0.03,0,10.673,-0.0024741,-0.00014578,0.098656
0.98742,-0.03,0,10.676,-0.0024955,-0.00014475,0.049204
0.98333,-0.03,0,10.675,-0.0025139,-0.00014519,0.064951
0,-0.025,0,10,0,0,7.2102
0.0083136,-0.025,0,10,0.00092532,-2.2513e-08,7.208
0.016627,-0.025001,0,10.001,0.0018279,-4.4875e-08,7.2004
0.024941,-0.025001,0,10.003,0.0026844,-5.9875e-08,7.1867
0.033255,-0.025002,0,10.004,0.0034766,-7.3625e-08,7.1675
0.041568,-0.025002,0,10.007,0.0041967,-8.6875e-08,7.144
0.049882,-0.025003,0,10.009,0.0048456,-1.0012e-07,7.1168
0.058196,-0.025003,0,10.012,0.0054289,-1.1337e-07,7.0862
0.069846,-0.025003,0,10.017,0.0061443,-1.3277e-07,7.0384
0.066509,-0.025003,0,10.016,0.0059538,-1.27e-07,7.0528
0.079346,-0.025004,0,10.021,0.006664,-1.4988e-07,6.9963
0.083136,-0.025004,0,10.023,0.0068614,-1.57e-07,6.9791
0.096038,-0.025005,0,10.029,0.0074689,-1.8401e-07,6.917
0.09145,-0.025005,0,10.027,0.0072616,-1.7387e-07,6.9396
0.10315,-0.025005,0,10.033,0.0077834,-2.0065e-07,6.8816
0.099764,-0.022872,0,10.031,0.0071144,-1.922e-07,6.8978
0.10808,-0.025005,0,10.035,0.0079959,-2.1287e-07,6.8567
0.11639,-0.025006,0,10.04,0.0083445,-2.36e-07,6.8138
0.12471,-0.025006,0,10.044,0.0086889,-2.6175e-07,6.7703
0.13302,-0.025007,0,10.048,0.0090344,-2.9075e-07,6.7263
0.14133,-0.025007,0,10.053,0.0093855,-3.24e-07,6.6819
0.14965,-0.025007,0,10.057,0.0097461,-3.6188e-07,6.6375
0.15796,-0.025008,0,10.062,0.010119,-4.0487e-07,6.593
0.16627,-0.025008,0,10.066,0.010506,-4.5412e-07,6.5488
0.17459,-0.025008,0,10.07,0.010907,-5.1062e-07,6.505
0.1829,-0.025009,0,10.075,0.011322,-5.7588e-07,6.4618
0.19121,-0.025009,0,10.079,0.011746,-6.515e-07,6.4195
0.19953,-0.02501,0,10.083,0.012172,-7.3935e-07,6.3783
0.20785,-0.02501,0,10.087,0.01259,-8.4211e-07,6.3385
0.21619,-0.02501,0,10.091,0.012981,-9.6287e-07,6.3007
0.22452,-0.02501,0,10.094,0.013319,-1.1055e-06,6.2653
0.23285,-0.02501,0,10.097,0.013567,-1.2747e-06,6.233
0.24118,-0.02501,0,10.1,0.013672,-1.4772e-06,6.2046
0.24951,-0.02501,0,10.102,0.01356,-1.7221e-06,6.1812
0.25785,-0.02501,0,10.104,0.013131,-2.0198e-06,6.164
0.26618,-0.02501,0,10.105,0.012246,-2.3863e-06,6.1549
0.27451,-0.02501,0,10.105,0.010714,-2.8427e-06,6.1559
0.28284,-0.02501,0,10.103,0.0082739,-3.4209e-06,6.1699
0.29116,-0.02501,0,10.1,0.0045639,-4.1641e-06,6.2005
0.29949,-0.025011,0,10.095,-0.00092092,-5.1431e-06,6.2521
0.30782,-0.025011,0,10.087,-0.0088932,-6.4608e-06,6.3303
0.31615,-0.025011,0,10.076,-0.020376,-8.2911e-06,6.4422
0.32447,-0.025011,0,10.06,-0.036864,-1.0922e-05,6.5959
0.33279,-0.025012,0,10.04,-0.060565,-1.4852e-05,6.8007
0.34111,-0.025026,0,10.013,-0.094901,-2.097e-05,7.0647
0.34944,-0.025094,0,9.9797,-0.1452,-3.0897e-05,7.3896
0.35777,-0.025177,0,9.9414,-0.21948,-4.7454e-05,7.763
0.36613,-0.025306,0,9.903,-0.33008,-7.4922e-05,8.1351
0.37452,-0.025438,0,9.8776,-0.49277,-0.00012163,8.3665
0.38288,-0.025516,0,9.8952,-0.72702,-0.00019745,8.1548
0.38288,-0.025516,0,9.8952,-0.72702,-0.00019745,8.1548
0.39131,-0.025623,0,10.02,-1.0242,-0.00029536,6.8725
0.39131,-0.025623,0,10.02,-1.0242,-0.00029536,6.8725
0.39131,-0.025623,0,10.02,-1.0242,-0.00029536,6.8725
0.39131,-0.025623,0,10.02,-1.0242,-0.00029536,6.8725
0.39131,-0.025623,0,10.02,-1.0242,-0.00029536,6.8725
0.39131,-0.025623,0,10.02,-1.0242,-0.00029536,6.8725
0.39972,-0.025688,0,10.306,-1.3194,-0.00036104,3.639
0.39972,-0.025688,0,10.306,-1.3194,-0.00036104,3.639
0.39972,-0.025688,0,10.306,-1.3194,-0.00036104,3.639
0.39972,-0.025688,0,10.306,-1.3194,-0.00036104,3.639
0.40813,-0.025733,0,10.764,-1.403,-0.0003698,-1.7008
0.40813,-0.025733,0,10.764,-1.403,-0.0003698,-1.7008
0.41653,-0.025764,0,11.2,-1.3029,-0.00038009,-6.618
0.42491,-0.025779,0,11.513,-1.0707,-0.00040209,-9.8823
0.43328,-0.025788,0,11.702,-0.80234,-0.00041234,-11.777
0.44164,-0.025794,0,11.793,-0.54363,-0.0004094,-12.633
0.45092,-0.025796,0,11.817,-0.28895,-0.0003937,-12.791
0.44999,-0.025796,0,11.818,-0.31194,-0.0003958,-12.811
0.44999,-0.026781,0,11.795,-0.31105,-0.00037574,-12.521
0.45834,-0.025796,0,11.8,-0.11243,-0.0003768,-12.544
0.46669,-0.025794,0,11.753,0.056464,-0.00035859,-11.986
0.47503,-0.02579,0,11.688,0.19777,-0.000343,-11.235
0.47503,-0.023394,0,11.717,0.22083,-0.00037169,-11.679
0.48338,-0.025787,0,11.609,0.31478,-0.00032964,-10.353
0.49172,-0.025782,0,11.523,0.41082,-0.00031574,-9.3821
0.49898,-0.025778,0,11.443,0.47902,-0.00030343,-8.4858
0.50006,-0.025777,0,11.431,0.48844,-0.00030154,-8.3519
0.5084,-0.025771,0,11.334,0.54978,-0.00028679,-7.2794
0.51673,-0.025765,0,11.235,0.59871,-0.00027487,-6.1749
0.51673,-0.025765,0,11.235,0.59871,-0.00027487,-6.1749
0.52507,-0.025758,0,11.134,0.63037,-0.00025869,-5.0564
0.52507,-0.025758,0,11.134,0.63037,-0.00025869,-5.0564
0.52507,-0.025758,0,11.134,0.63037,-0.00025869,-5.0564
0.53341,-0.025743,0,11.03,0.6503,-0.0002468,-3.9007
0.53341,-0.025743,0,11.03,0.6503,-0.0002468,-3.9007
0.53341,-0.025743,0,11.03,0.6503,-0.0002468,-3.9007
0.54174,-0.025725,0,10.924,0.65746,-0.00023616,-2.7306
0.54174,-0.025725,0,10.924,0.65746,-0.00023616,-2.7306
0.54174,-0.025725,0,10.924,0.65746,-0.00023616,-2.7306
0.55008,-0.025703,0,10.817,0.6502,-0.00022704,-1.5519
0.5474,-0.02571,0,10.851,0.6559,-0.00023207,-1.93
0.55296,-0.025695,0,10.779,0.64585,-0.00022673,-1.1398
0.55008,-0.024559,0,10.811,0.66595,-0.00025004,-1.5395
0.55008,-0.025703,0,10.817,0.6502,-0.00022704,-1.5519
0.55008,-0.025703,0,10.817,0.6502,-0.00022704,-1.5519
0.55841,-0.025678,0,10.711,0.62621,-0.00022012,-0.37695
0.5609,-0.025669,0,10.678,0.61694,-0.00022009,-0.023108
0.55841,-0.025678,0,10.711,0.62621,-0.00022012,-0.37695
0.55841,-0.025678,0,10.711,0.62621,-0.00022012,-0.37695
0.56732,-0.025644,0,10.602,0.57549,-0.00021527,0.83825
0.56674,-0.025647,0,10.608,0.57984,-0.00021517,0.7679
0.56674,-0.025647,0,10.608,0.57984,-0.00021517,0.7679
0.56674,-0.025647,0,10.608,0.57984,-0.00021517,0.7679
0.56674,-0.025647,0,10.608,0.57984,-0.00021517,0.7679
0.57508,-0.021271,0,10.458,0.56694,-0.00029891,2.1997
0.57507,-0.025609,0,10.517,0.51736,-0.00021657,1.7781
0.57127,-0.021102,0,10.499,0.61105,-0.0003083,1.7147
0.57837,-0.021669,0,10.425,0.52717,-0.00029482,2.598
0.57507,-0.025609,0,10.517,0.51736,-0.00021657,1.7781
0.57507,-0.025609,0,10.517,0.51736,-0.00021657,1.7781
0.57507,-0.025609,0,10.517,0.51736,-0.00021657,1.7781
0.57507,-0.025609,0,10.517,0.51736,-0.00021657,1.7781
0.57507,-0.025609,0,10.517,0.51736,-0.00021657,1.7781
0.58338,-0.025564,0,10.445,0.43577,-0.00022172,2.6082
0.57926,-0.020655,0,10.4,0.52925,-0.00031499,2.8136
0.58338,-0.025564,0,10.445,0.43577,-0.00022172,2.6082
0.58338,-0.025564,0,10.445,0.43577,-0.00022172,2.6082
0.58338,-0.025564,0,10.445,0.43577,-0.00022172,2.6082
0.59999,-0.025001,0,10.377,0.26045,-0.00024149,3.3745
0.59172,-0.025515,0,10.399,0.34629,-0.00022996,3.1355
0.59172,-0.025515,0,10.399,0.34629,-0.00022996,3.1355
0.59172,-0.025515,0,10.399,0.34629,-0.00022996,3.1355
0.59172,-0.025515,0,10.399,0.34629,-0.00022996,3.1355
0.6,-0.025,0,10.377,0.26034,-0.0002415,3.3748
0.59998,-0.024976,0,10.377,0.2606,-0.00024194,3.3776
0.6,-0.025,0,10.377,0.26034,-0.0002415,3.3748
0.6,-0.025,0,10.377,0.26034,-0.0002415,3.3748
0.60833,-0.025,0,10.378,0.1839,-0.00025121,3.3651
0.60833,-0.025,0,10.378,0.1839,-0.00025121,3.3651
0.60833,-0.025,0,10.378,0.1839,-0.00025121,3.3651
0.61667,-0.025,0,10.394,0.12267,-0.00025809,3.1863
0.64334,-0.025,0,10.467,0.013804,-0.00025772,2.397
0.65413,-0.025,0,10.493,-0.0046067,-0.00025508,2.1151
0.65,-0.025,0,10.484,0.000684,-0.00025624,2.2142
0.66664,-0.025,0,10.518,-0.016778,-0.00025122,1.8438
0.66667,-0.025,0,10.518,-0.016797,-0.00025121,1.8434
0.67917,-0.025,0,10.537,-0.022023,-0.00024667,1.6334
0.675,-0.025,0,10.531,-0.020918,-0.00024826,1.6967
0.69167,-0.025,0,10.553,-0.024007,-0.00024174,1.4612
0.69167,-0.025,0,10.553,-0.024007,-0.00024174,1.4612
0.70556,-0.025,0,10.566,-0.023596,-0.00023602,1.313
0.7,-0.025,0,10.561,-0.023995,-0.0002383,1.3673
0.71667,-0.025,0,10.574,-0.022421,-0.00023155,1.2145
0.71667,-0.025,0,10.574,-0.022421,-0.00023155,1.2145
0.725,-0.025,0,10.579,-0.021218,-0.0002283,1.1513
0.73333,-0.025,0,10.584,-0.019896,-0.00022518,1.0948
0.74167,-0.025,0,10.587,-0.018532,-0.00022221,1.0437
0.74167,-0.025,0,10.587,-0.018532,-0.00022221,1.0437
0.75833,-0.025,0,10.594,-0.01587,-0.00021671,0.95375
0.75833,-0.025,0,10.594,-0.01587,-0.00021671,0.95375
0.76667,-0.025,0,10.596,-0.014628,-0.00021413,0.91337
0.76667,-0.025,0,10.596,-0.014628,-0.00021413,0.91337
0.78333,-0.025,0,10.601,-0.012395,-0.00020901,0.83894
0.78333,-0.025,0,10.601,-0.012395,-0.00020901,0.83894
0.79444,-0.025,0,10.603,-0.011118,-0.00020623,0.79276
0.79167,-0.025,0,10.603,-0.011414,-0.00020682,0.80403
0.80833,-0.025,0,10.606,-0.0097249,-0.00020335,0.73727
0.82083,-0.025,0,10.608,-0.0086875,-0.00020084,0.68904
0.81667,-0.025,0,10.607,-0.0090072,-0.00020165,0.70496
0.83333,-0.025,0,10.61,-0.0078011,-0.00019851,0.64161
0.84583,-0.025,0,10.611,-0.0070804,-0.00019628,0.59473
0.84167,-0.025,0,10.611,-0.0073005,-0.00019702,0.61031
0.85833,-0.025,0,10.613,-0.0064748,-0.00019404,0.54804
0.87167,-0.025,0,10.614,-0.005963,-0.00019154,0.49823
0.86667,-0.025,0,10.614,-0.0061384,-0.0001925,0.51693
0.88056,-0.025,0,10.615,-0.0056772,-0.0001898,0.46493
0.88333,-0.025,0,10.615,-0.0055928,-0.00018924,0.45451
0.89667,-0.025,0,10.616,-0.0052609,-0.00018644,0.4042
0.89167,-0.025,0,10.616,-0.005374,-0.00018751,0.42312
0.90556,-0.025,0,10.617,-0.0050775,-0.00018449,0.37044
0.91042,-0.025,0,10.617,-0.0049887,-0.00018342,0.3519
0.90833,-0.025,0,10.617,-0.0050235,-0.00018388,0.35987
0.92976,-0.025,0,10.618,-0.0047052,-0.0001791,0.27736
0.93583,-0.025,0,10.619,-0.0046338,-0.00017776,0.25373
0.93333,-0.025,0,10.618,-0.0046609,-0.0001783,0.2635
0.95,-0.025,0,10.619,-0.0044907,-0.00017473,0.19811
0.96071,-0.025,0,10.62,-0.0043981,-0.00017255,0.1556
0.95833,-0.025,0,10.619,-0.0044161,-0.00017301,0.16509
0.975,-0.025,0,10.62,-0.0042775,-0.00016982,0.098634
0.98733,-0.025,0,10.62,-0.0042575,-0.00016783,0.049687
0.98333,-0.025,0,10.62,-0.0042915,-0.00016869,0.065444
0,-0.02,0,10,0,0,7.2052
0.0083136,-0.02,0,10,0.00074871,-2.2488e-08,7.203
0.016627,-0.020001,0,10.001,0.0014807,-4.4875e-08,7.1956
0.024941,-0.020001,0,10.002,0.0021787,-5.975e-08,7.1821
0.033255,-0.020002,0,10.004,0.0028292,-7.3375e-08,7.1634
0.041568,-0.020002,0,10.007,0.0034258,-8.6625e-08,7.1403
0.049882,-0.020002,0,10.009,0.003969,-9.9875e-08,7.1134
0.058195,-0.020003,0,10.012,0.0044626,-1.1312e-07,7.0831
0.069849,-0.020003,0,10.017,0.0050783,-1.3265e-07,7.0357
0.066509,-0.020003,0,10.016,0.0049125,-1.2687e-07,7.05
0.079343,-0.020004,0,10.021,0.0055331,-1.4961e-07,6.9939
0.074823,-0.01858,0,10.019,0.005014,-1.4121e-07,7.0138
0.083136,-0.020004,0,10.023,0.0057077,-1.5663e-07,6.9767
0.09145,-0.020004,0,10.027,0.0060674,-1.735e-07,6.9374
0.099764,-0.020005,0,10.031,0.0064116,-1.9213e-07,6.8966
0.10808,-0.020005,0,10.035,0.0067469,-2.1262e-07,6.8547
0.11639,-0.020006,0,10.039,0.0070792,-2.3563e-07,6.8118
0.1247,-0.020006,0,10.044,0.0074144,-2.6137e-07,6.7683
0.13302,-0.020007,0,10.048,0.0077574,-2.9038e-07,6.7242
0.14133,-0.020007,0,10.052,0.0081128,-3.235e-07,6.6798
0.14965,-0.015703,0,10.057,0.0073931,-3.6046e-07,6.6332
0.14965,-0.020007,0,10.057,0.0084849,-3.61e-07,6.6352
0.15796,-0.020008,0,10.061,0.0088773,-4.0375e-07,6.5907
0.16627,-0.020008,0,10.066,0.0092928,-4.5263e-07,6.5463
0.17459,-0.020009,0,10.07,0.0097332,-5.0862e-07,6.5024
0.1829,-0.020009,0,10.074,0.010199,-5.7325e-07,6.4591
0.19121,-0.020009,0,10.079,0.010689,-6.48e-07,6.4167
0.19953,-0.02001,0,10.083,0.011199,-7.3461e-07,6.3754
0.20785,-0.02001,0,10.087,0.011723,-8.3573e-07,6.3357
0.21618,-0.02001,0,10.09,0.012249,-9.545e-07,6.298
0.22451,-0.02001,0,10.094,0.012757,-1.0942e-06,6.2629
0.23285,-0.02001,0,10.097,0.013221,-1.2598e-06,6.2312
0.24118,-0.02001,0,10.1,0.013599,-1.4573e-06,6.2036
0.24951,-0.02001,0,10.102,0.013836,-1.6957e-06,6.1815
0.25784,-0.02001,0,10.103,0.013851,-1.9851e-06,6.1664
0.26617,-0.02001,0,10.104,0.013534,-2.3411e-06,6.1601
0.2745,-0.02001,0,10.103,0.01273,-2.7826e-06,6.1652
0.28283,-0.02001,0,10.101,0.011224,-3.342e-06,6.185
0.29116,-0.02001,0,10.097,0.0087141,-4.0572e-06,6.2237
0.29948,-0.020011,0,10.091,0.0047713,-5.0008e-06,6.2869
0.30781,-0.020011,0,10.081,-0.0012223,-6.2649e-06,6.3815
0.31613,-0.020011,0,10.068,-0.010171,-8.0221e-06,6.5169
0.32446,-0.020011,0,10.049,-0.023432,-1.055e-05,6.7047
0.33278,-0.020012,0,10.023,-0.043086,-1.4339e-05,6.9598
0.34109,-0.020015,0,9.9881,-0.072441,-2.0313e-05,7.2999
0.34941,-0.020043,0,9.9428,-0.11698,-3.0285e-05,7.7425
0.35773,-0.020104,0,9.8854,-0.18582,-4.7682e-05,8.299
0.36605,-0.020196,0,9.8176,-0.2944,-7.7963e-05,8.9519
0.37442,-0.020356,0,9.7489,-0.46737,-0.0001382,9.5988
0.37442,-0.020356,0,9.7489,-0.46737,-0.0001382,9.5988
0.3828,-0.02049,0,9.7123,-0.746,-0.00025312,9.9159
0.3828,-0.02049,0,9.7123,-0.746,-0.00025312,9.9159
0.3828,-0.02049,0,9.7123,-0.746,-0.00025312,9.9159
0.3828,-0.02049,0,9.7123,-0.746,-0.00025312,9.9159
0.3828,-0.02049,0,9.7123,-0.746,-0.00025312,9.9159
0.3828,-0.02049,0,9.7123,-0.746,-0.00025312,9.9159
0.3912,-0.020599,0,9.7794,-1.1536,-0.00040177,8.993
0.3912,-0.020599,0,9.7794,-1.1536,-0.00040177,8.993
0.3912,-0.020599,0,9.7794,-1.1536,-0.00040177,8.993
0.3912,-0.020599,0,9.7794,-1.1536,-0.00040177,8.993
0.39969,-0.020727,0,10.115,-1.5651,-0.00056771,5.1149
0.39969,-0.020727,0,10.115,-1.5651,-0.00056771,5.1149
0.40811,-0.020779,0,10.75,-1.7333,-0.00049881,-2.2917
0.40811,-0.020779,0,10.75,-1.7333,-0.00049881,-2.2917
0.41653,-0.020814,0,11.335,-1.5576,-0.00036379,-8.4998
0.41653,-0.020814,0,11.335,-1.5576,-0.00036379,-8.4998
0.41653,-0.020814,0,11.335,-1.5576,-0.00036379,-8.4998
0.41653,-0.020814,0,11.335,-1.5576,-0.00036379,-8.4998
0.42491,-0.02083,0,11.697,-1.2282,-0.00038937,-12.178
0.42491,-0.02083,0,11.697,-1.2282,-0.00038937,-12.178
0.42491,-0.02083,0,11.697,-1.2282,-0.00038937,-12.178
0.42491,-0.02083,0,11.697,-1.2282,-0.00038937,-12.178
0.43328,-0.020839,0,11.877,-0.88114,-0.00047458,-13.917
0.43328,-0.020839,0,11.877,-0.88114,-0.00047458,-13.917
0.43328,-0.020839,0,11.877,-0.88114,-0.00047458,-13.917
0.43328,-0.020839,0,11.877,-0.88114,-0.00047458,-13.917
0.44164,-0.020847,0,11.943,-0.56839,-0.00052104,-14.541
0.44164,-0.020847,0,11.943,-0.56839,-0.00052104,-14.541
0.44164,-0.020847,0,11.943,-0.56839,-0.00052104,-14.541
0.45093,-0.020849,0,11.936,-0.27698,-0.00052447,-14.403
0.44999,-0.020003,0,11.955,-0.29979,-0.00060895,-14.732
0.44999,-0.020849,0,11.939,-0.30393,-0.00052478,-14.433
0.44999,-0.020849,0,11.939,-0.30393,-0.00052478,-14.433
0.44999,-0.020849,0,11.939,-0.30393,-0.00052478,-14.433
0.45834,-0.020849,0,11.893,-0.083996,-0.00048397,-13.898
0.45834,-0.020849,0,11.893,-0.083996,-0.00048397,-13.898
0.45834,-0.020849,0,11.893,-0.083996,-0.00048397,-13.898
0.46669,-0.020847,0,11.823,0.097929,-0.00044015,-13.114
0.46669,-0.020847,0,11.823,0.097929,-0.00044015,-13.114
0.46669,-0.020847,0,11.823,0.097929,-0.00044015,-13.114
0.47563,-0.020841,0,11.733,0.25547,-0.00040912,-12.109
0.47504,-0.020841,0,11.74,0.24626,-0.00041067,-12.184
0.47504,-0.020841,0,11.74,0.24626,-0.00041067,-12.184
0.47504,-0.020841,0,11.74,0.24626,-0.00041067,-12.184
0.47504,-0.020841,0,11.74,0.24626,-0.00041067,-12.184
0.48338,-0.020838,0,11.644,0.36976,-0.00039356,-11.123
0.48338,-0.020838,0,11.644,0.36976,-0.00039356,-11.123
0.48338,-0.020838,0,11.644,0.36976,-0.00039356,-11.123
0.48338,-0.020838,0,11.644,0.36976,-0.00039356,-11.123
0.49172,-0.020833,0,11.545,0.46952,-0.00038504,-10.012
0.49172,-0.020833,0,11.545,0.46952,-0.00038504,-10.012
0.49172,-0.020833,0,11.545,0.46952,-0.00038504,-10.012
0.49172,-0.020833,0,11.545,0.46952,-0.00038504,-10.012
0.49673,-0.020831,0,11.484,0.51945,-0.00038179,-9.3247
0.50006,-0.020828,0,11.443,0.54955,-0.00037978,-8.8628
0.50006,-0.020828,0,11.443,0.54955,-0.00037978,-8.8628
0.50006,-0.020828,0,11.443,0.54955,-0.00037978,-8.8628
0.50006,-0.020828,0,11.443,0.54955,-0.00037978,-8.8628
0.5084,-0.020822,0,11.339,0.61281,-0.00037574,-7.6855
0.5084,-0.020822,0,11.339,0.61281,-0.00037574,-7.6855
0.5084,-0.020822,0,11.339,0.61281,-0.00037574,-7.6855
0.5084,-0.020822,0,11.339,0.61281,-0.00037574,-7.6855
0.51674,-0.020815,0,11.233,0.66153,-0.00037143,-6.4844
0.51674,-0.020815,0,11.233,0.66153,-0.00037143,-6.4844
0.52508,-0.020805,0,11.125,0.69608,-0.00036411,-5.2759
0.53341,-0.02079,0,11.015,0.71764,-0.00035481,-4.0425
0.54175,-0.020773,0,10.902,0.7258,-0.000345,-2.7816
0.55008,-0.020752,0,10.787,0.7191,-0.00033495,-1.5006
0.56248,-0.020711,0,10.614,0.67481,-0.00032195,0.42742
0.55841,-0.020727,0,10.671,0.69438,-0.00032498,-0.20237
0.56675,-0.020695,0,10.556,0.6509,-0.00031782,1.0696
0.56675,-0.020695,0,10.556,0.6509,-0.00031782,1.0696
0.57508,-0.020654,0,10.45,0.57399,-0.00031063,2.2597
0.57508,-0.020654,0,10.45,0.57399,-0.00031063,2.2597
0.57508,-0.020654,0,10.45,0.57399,-0.00031063,2.2597
0.58025,-0.020621,0,10.392,0.51607,-0.00031465,2.9131
0.58339,-0.019147,0,10.335,0.48517,-0.00034648,3.429
0.58339,-0.020601,0,10.367,0.47339,-0.00031196,3.2195
0.58339,-0.020601,0,10.367,0.47339,-0.00031196,3.2195
0.58339,-0.020601,0,10.367,0.47339,-0.00031196,3.2195
0.59169,-0.020534,0,10.32,0.36296,-0.00031801,3.7745
0.59169,-0.020534,0,10.32,0.36296,-0.00031801,3.7745
0.59169,-0.020534,0,10.32,0.36296,-0.00031801,3.7745
0.6,-0.02,0,10.303,0.26177,-0.00032969,3.9419
0.59989,-0.020008,0,10.303,0.26312,-0.0003296,3.9413
0.6,-0.02,0,10.303,0.26177,-0.00032969,3.9419
0.6,-0.02,0,10.303,0.26177,-0.00032969,3.9419
0.60833,-0.02,0,10.314,0.17617,-0.0003369,3.8491
0.60833,-0.02,0,10.314,0.17617,-0.0003369,3.8491
0.60833,-0.02,0,10.314,0.17617,-0.0003369,3.8491
0.60833,-0.02,0,10.314,0.17617,-0.0003369,3.8491
0.61667,-0.02,0,10.339,0.11011,-0.0003376,3.5366
0.61667,-0.02,0,10.339,0.11011,-0.0003376,3.5366
0.61667,-0.02,0,10.339,0.11011,-0.0003376,3.5366
0.61667,-0.02,0,10.339,0.11011,-0.0003376,3.5366
0.61667,-0.02,0,10.339,0.11011,-0.0003376,3.5366
0.625,-0.02,0,10.37,0.061573,-0.00033719,3.1991
0.64745,-0.02,0,10.443,-0.007924,-0.00032833,2.3756
0.65354,-0.02,0,10.458,-0.016632,-0.00032516,2.1934
0.65,-0.016952,0,10.359,-0.018826,-0.00035026,2.3357
0.65,-0.02,0,10.45,-0.012624,-0.00032709,2.2914
0.66662,-0.02,0,10.485,-0.027503,-0.00031781,1.8714
0.65833,-0.017257,0,10.384,-0.02626,-0.0003411,2.0845
0.66667,-0.016479,0,10.369,-0.031632,-0.00033845,1.8867
0.66667,-0.02,0,10.485,-0.027533,-0.00031779,1.8703
0.67917,-0.02,0,10.503,-0.03078,-0.00031014,1.6423
0.675,-0.017492,0,10.41,-0.03249,-0.0003252,1.7149
0.675,-0.02,0,10.498,-0.030308,-0.00031278,1.7103
0.69167,-0.02,0,10.515,-0.031006,-0.00030207,1.4596
0.68333,-0.017502,0,10.415,-0.032823,-0.00031761,1.5745
0.69167,-0.02,0,10.515,-0.031006,-0.00030207,1.4595
0.70556,-0.02,0,10.524,-0.029071,-0.00029293,1.3062
0.7,-0.02,0,10.521,-0.030024,-0.00029656,1.362
0.71667,-0.02,0,10.528,-0.026915,-0.00028584,1.2056
0.71667,-0.02,0,10.528,-0.026915,-0.00028584,1.2056
0.725,-0.02,0,10.53,-0.025118,-0.00028067,1.1418
0.73333,-0.02,0,10.531,-0.023297,-0.00027563,1.0851
0.74167,-0.02,0,10.531,-0.021513,-0.00027077,1.0343
0.74167,-0.02,0,10.531,-0.021513,-0.00027077,1.0343
0.75833,-0.02,0,10.53,-0.018197,-0.00026155,0.94533
0.75,-0.0175,0,10.397,-0.019134,-0.00026153,0.98261
0.75833,-0.02,0,10.53,-0.018197,-0.00026155,0.94533
0.76667,-0.02,0,10.528,-0.016702,-0.00025714,0.90559
0.76667,-0.02,0,10.528,-0.016702,-0.00025714,0.90559
0.78333,-0.02,0,10.524,-0.014065,-0.0002484,0.83248
0.78333,-0.02,0,10.524,-0.014065,-0.0002484,0.83248
0.79444,-0.02,0,10.521,-0.01258,-0.00024352,0.78717
0.79167,-0.02,0,10.522,-0.012923,-0.00024461,0.79823
0.8,-0.0175,0,10.363,-0.010723,-0.00022911,0.76207
0.80833,-0.02,0,10.517,-0.01097,-0.00023808,0.73269
0.82083,-0.02,0,10.513,-0.0097734,-0.00023317,0.68527
0.81667,-0.02,0,10.514,-0.010142,-0.00023475,0.70093
0.825,-0.01875,0,10.428,-0.0087691,-0.000224,0.66857
0.83333,-0.02,0,10.508,-0.0087486,-0.00022855,0.63855
0.83333,-0.02,0,10.508,-0.0087486,-0.00022855,0.63855
0.84583,-0.02,0,10.503,-0.0079097,-0.00022411,0.59228
0.84167,-0.02,0,10.505,-0.0081669,-0.00022559,0.60768
0.85833,-0.02,0,10.498,-0.0071982,-0.00021965,0.54612
0.85833,-0.02,0,10.498,-0.0071982,-0.00021965,0.54612
0.87167,-0.02,0,10.493,-0.0065867,-0.00021475,0.49677
0.86667,-0.02,0,10.495,-0.0067979,-0.00021661,0.51531
0.88056,-0.02,0,10.489,-0.0062399,-0.00021137,0.46373
0.875,-0.01875,0,10.402,-0.0058004,-0.00020374,0.48393
0.88333,-0.015,0,10.128,-0.0035832,-0.00017027,0.45171
0.88333,-0.02,0,10.488,-0.0061368,-0.0002103,0.45339
0.89667,-0.02,0,10.482,-0.0057231,-0.00020504,0.40339
0.89167,-0.02,0,10.485,-0.0058657,-0.00020703,0.42221
0.90556,-0.02,0,10.479,-0.0054894,-0.00020149,0.36981
0.9,-0.01875,0,10.39,-0.00501,-0.00019332,0.39052
0.91042,-0.02,0,10.477,-0.0053744,-0.00019954,0.35134
0.90833,-0.02,0,10.478,-0.00542,-0.00020037,0.35929
0.92976,-0.02,0,10.469,-0.0049979,-0.00019192,0.27707
0.925,-0.01875,0,10.378,-0.0045037,-0.00018302,0.29527
0.93583,-0.02,0,10.466,-0.0049004,-0.00018959,0.2535
0.93333,-0.02,0,10.467,-0.0049377,-0.00019053,0.26325
0.94167,-0.017812,0,10.301,-0.0038723,-0.00016835,0.23041
0.95,-0.02,0,10.461,-0.0047011,-0.00018431,0.19797
0.96029,-0.02,0,10.457,-0.0045731,-0.00018065,0.15715
0.95833,-0.02,0,10.458,-0.0045974,-0.00018132,0.16496
0.96667,-0.017833,0,10.292,-0.0036639,-0.00015948,0.13142
0.975,-0.02,0,10.451,-0.0043898,-0.00017592,0.098522
0.975,-0.02,0,10.451,-0.0043898,-0.00017592,0.098522
0.98742,-0.02,0,10.446,-0.004247,-0.00017167,0.049483
0.98333,-0.02,0,10.448,-0.0042822,-0.0001734,0.065794
0.99167,-0.017969,0,10.292,-0.0034909,-0.00015167,0.032456
0,-0.015,0,10,0,0,7.2012
0.0083136,-0.015,0,10,0.00057871,-2.2338e-08,7.1991
0.016627,-0.014522,0,10.001,0.0011146,-4.4714e-08,7.1915
0.016627,-0.015001,0,10.001,0.0011459,-4.475e-08,7.1918
0.024941,-0.015001,0,10.002,0.0016895,-5.9625e-08,7.1785
0.033255,-0.014044,0,10.004,0.0020823,-7.3077e-08,7.1595
0.033255,-0.015002,0,10.004,0.0022003,-7.3125e-08,7.16
0.041568,-0.011904,0,10.006,0.0022155,-8.6095e-08,7.1357
0.041568,-0.015002,0,10.007,0.0026737,-8.625e-08,7.1372
0.049882,-0.015003,0,10.009,0.0031099,-9.95e-08,7.1105
0.058195,-0.015003,0,10.012,0.003512,-1.1275e-07,7.0805
0.066509,-0.015003,0,10.015,0.0038845,-1.265e-07,7.0476
0.074823,-0.011427,0,10.019,0.0034556,-1.4095e-07,7.0109
0.074823,-0.015004,0,10.019,0.0042325,-1.4112e-07,7.0122
0.083136,-0.015004,0,10.023,0.004562,-1.5662e-07,6.9746
0.09145,-0.015004,0,10.027,0.0048788,-1.7337e-07,6.9354
0.099763,-0.015005,0,10.031,0.0051891,-1.9187e-07,6.8946
0.10808,-0.015005,0,10.035,0.0054986,-2.1237e-07,6.8527
0.11639,-0.011656,0,10.039,0.0049616,-2.3521e-07,6.8086
0.11639,-0.015006,0,10.039,0.0058126,-2.3538e-07,6.8099
0.1247,-0.010711,0,10.043,0.0050344,-2.6091e-07,6.7646
0.1247,-0.015006,0,10.043,0.0061366,-2.6112e-07,6.7662
0.13302,-0.015007,0,10.048,0.0064755,-2.9013e-07,6.7221
0.14843,-0.015007,0,10.056,0.007161,-3.5494e-07,6.6394
0.14133,-0.015007,0,10.052,0.0068341,-3.2313e-07,6.6776
0.15075,-0.015007,0,10.057,0.0072713,-3.6601e-07,6.6269
0.14965,-0.014313,0,10.057,0.0070392,-3.6029e-07,6.6325
0.15796,-0.010461,0,10.061,0.0064804,-4.0208e-07,6.5858
0.15796,-0.015008,0,10.061,0.0076279,-4.0288e-07,6.5882
0.16627,-0.015008,0,10.066,0.0080712,-4.5125e-07,6.5437
0.17459,-0.015009,0,10.07,0.0085503,-5.0688e-07,6.4995
0.1829,-0.015009,0,10.074,0.0090677,-5.71e-07,6.456
0.19121,-0.015009,0,10.079,0.009625,-6.4475e-07,6.4134
0.19953,-0.01501,0,10.083,0.010222,-7.2999e-07,6.372
0.20785,-0.01501,0,10.087,0.010857,-8.2935e-07,6.3322
0.21618,-0.01501,0,10.09,0.011524,-9.4587e-07,6.2944
0.22451,-0.01501,0,10.094,0.012213,-1.0825e-06,6.2594
0.23284,-0.01501,0,10.097,0.012907,-1.244e-06,6.2278
0.24117,-0.01501,0,10.1,0.013579,-1.4363e-06,6.2007
0.2495,-0.01501,0,10.102,0.014193,-1.6674e-06,6.1794
0.25784,-0.01501,0,10.103,0.014693,-1.9469e-06,6.1655
0.26616,-0.01501,0,10.103,0.015001,-2.2899e-06,6.1612
0.27449,-0.015011,0,10.102,0.015003,-2.7131e-06,6.1692
0.28282,-0.015011,0,10.1,0.014543,-3.2478e-06,6.1933
0.29115,-0.015011,0,10.095,0.013391,-3.9263e-06,6.2381
0.29948,-0.015011,0,10.088,0.011218,-4.8174e-06,6.3102
0.3078,-0.015011,0,10.077,0.0075406,-6e-06,6.4178
0.31612,-0.015011,0,10.062,0.0016318,-7.6312e-06,6.5722
0.32445,-0.015011,0,10.04,-0.0076242,-9.9553e-06,6.7884
0.33276,-0.015012,0,10.009,-0.021989,-1.3396e-05,7.0866
0.34108,-0.015012,0,9.9675,-0.044346,-1.8809e-05,7.4942
0.34939,-0.015018,0,9.9107,-0.079711,-2.7822e-05,8.0464
0.3577,-0.015046,0,9.8339,-0.13717,-4.4033e-05,8.7854
0.36601,-0.015113,0,9.7327,-0.23342,-7.2246e-05,9.7488
0.37433,-0.015217,0,9.6073,-0.40211,-0.00014216,10.923
0.37433,-0.015217,0,9.6073,-0.40211,-0.00014216,10.923
0.37433,-0.015217,0,9.6073,-0.40211,-0.00014216,10.923
0.37433,-0.015217,0,9.6073,-0.40211,-0.00014216,10.923
0.38269,-0.015384,0,9.4739,-0.69751,-0.00027778,12.026
0.38269,-0.015384,0,9.4739,-0.69751,-0.00027778,12.026
0.38269,-0.015384,0,9.4739,-0.69751,-0.00027778,12.026
0.38269,-0.015384,0,9.4739,-0.69751,-0.00027778,12.026
0.39112,-0.015584,0,9.4167,-1.2325,-0.0005373,12.339
0.39112,-0.015584,0,9.4167,-1.2325,-0.0005373,12.339
0.39963,-0.015747,0,9.8265,-1.9416,-0.00089287,7.4187
0.39963,-0.015747,0,9.8265,-1.9416,-0.00089287,7.4187
0.39963,-0.015747,0,9.8265,-1.9416,-0.00089287,7.4187
0.39963,-0.015747,0,9.8265,-1.9416,-0.00089287,7.4187
0.39963,-0.015747,0,9.8265,-1.9416,-0.00089287,7.4187
0.39963,-0.015747,0,9.8265,-1.9416,-0.00089287,7.4187
0.40809,-0.015824,0,10.785,-2.1999,-0.00029293,-3.6654
0.40809,-0.015824,0,10.785,-2.1999,-0.00029293,-3.6654
0.40809,-0.015824,0,10.785,-2.1999,-0.00029293,-3.6654
0.41651,-0.015857,0,11.531,-1.861,-0.00048175,-11.587
0.4249,-0.015875,0,11.891,-1.3703,-0.0012107,-15.299
0.42503,-0.015875,0,11.894,-1.3633,-0.0012155,-15.329
0.4249,-0.016736,0,11.861,-1.3468,-0.00089574,-14.709
0.43327,-0.015875,0,12.008,-0.92995,-0.0013137,-16.639
0.43327,-0.015875,0,12.008,-0.92995,-0.0013137,-16.639
0.44164,-0.015903,0,11.993,-0.56407,-0.00095199,-16.723
0.44164,-0.015903,0,11.993,-0.56407,-0.00095199,-16.723
0.44164,-0.015903,0,11.993,-0.56407,-0.00095199,-16.723
0.44164,-0.015903,0,11.993,-0.56407,-0.00095199,-16.723
0.44999,-0.015904,0,11.914,-0.26885,-0.0005066,-16.235
0.44874,-0.015912,0,11.929,-0.31014,-0.00057269,-16.326
0.44999,-0.015904,0,11.914,-0.26885,-0.0005066,-16.235
0.44999,-0.015904,0,11.914,-0.26885,-0.0005066,-16.235
0.44999,-0.015904,0,11.914,-0.26885,-0.0005066,-16.235
0.45834,-0.015912,0,11.81,-0.033876,-0.00023612,-15.36
0.45834,-0.015912,0,11.81,-0.033876,-0.00023612,-15.36
0.45834,-0.015912,0,11.81,-0.033876,-0.00023612,-15.36
0.45834,-0.015912,0,11.81,-0.033876,-0.00023612,-15.36
0.46468,-0.015914,0,11.725,0.11318,-0.00012944,-14.561
0.46669,-0.015905,0,11.697,0.15527,-0.00010889,-14.302
0.46669,-0.015905,0,11.697,0.15527,-0.00010889,-14.302
0.46669,-0.015905,0,11.697,0.15527,-0.00010889,-14.302
0.46669,-0.015905,0,11.697,0.15527,-0.00010889,-14.302
0.47504,-0.01587,0,11.584,0.30999,-6.9621e-05,-13.151
0.47504,-0.01587,0,11.584,0.30999,-6.9621e-05,-13.151
0.48338,-0.015887,0,11.486,0.4344,-0.0001016,-11.946
0.49172,-0.015879,0,11.388,0.53291,-0.00014489,-10.67
0.50006,-0.015875,0,11.295,0.61334,-0.00022421,-9.3871
0.5084,-0.01587,0,11.204,0.67743,-0.00029203,-8.1063
0.51674,-0.015861,0,11.104,0.72676,-0.0003267,-6.8237
0.51674,-0.015861,0,11.104,0.72676,-0.0003267,-6.8237
0.51674,-0.015861,0,11.104,0.72676,-0.0003267,-6.8237
0.52709,-0.015849,0,10.982,0.771,-0.0003671,-5.2125
0.52508,-0.014674,0,10.919,0.77669,-0.0002696,-5.581
0.52508,-0.015851,0,11.01,0.76284,-0.00036282,-5.5208
0.52508,-0.015851,0,11.01,0.76284,-0.00036282,-5.5208
0.52508,-0.015851,0,11.01,0.76284,-0.00036282,-5.5208
0.53269,-0.015841,0,10.919,0.78536,-0.00038567,-4.3218
0.53342,-0.01584,0,10.911,0.78654,-0.00038812,-4.2053
0.53342,-0.01584,0,10.911,0.78654,-0.00038812,-4.2053
0.53342,-0.01584,0,10.911,0.78654,-0.00038812,-4.2053
0.54175,-0.015824,0,10.805,0.79534,-0.00039914,-2.8485
0.54175,-0.015824,0,10.805,0.79534,-0.00039914,-2.8485
0.54175,-0.015824,0,10.805,0.79534,-0.00039914,-2.8485
0.54175,-0.015824,0,10.805,0.79534,-0.00039914,-2.8485
0.55009,-0.015805,0,10.687,0.79148,-0.0003958,-1.4679
0.55009,-0.015805,0,10.687,0.79148,-0.0003958,-1.4679
0.55009,-0.015805,0,10.687,0.79148,-0.0003958,-1.4679
0.55009,-0.015805,0,10.687,0.79148,-0.0003958,-1.4679
0.55842,-0.014321,0,10.483,0.78944,-0.00037146,0.004529
0.55842,-0.015781,0,10.571,0.76804,-0.00040268,-0.035994
0.55842,-0.015781,0,10.571,0.76804,-0.00040268,-0.035994
0.55842,-0.015781,0,10.571,0.76804,-0.00040268,-0.035994
0.55842,-0.015781,0,10.571,0.76804,-0.00040268,-0.035994
0.56675,-0.015751,0,10.449,0.71908,-0.00040647,1.4176
0.5657,-0.015755,0,10.464,0.72616,-0.00040603,1.2327
0.56676,-0.014935,0,10.398,0.73124,-0.00039121,1.4716
0.56675,-0.015751,0,10.449,0.71908,-0.00040647,1.4176
0.57509,-0.01571,0,10.33,0.63661,-0.00041077,2.8262
0.5834,-0.015654,0,10.235,0.51433,-0.00041781,3.9619
0.58792,-0.015609,0,10.203,0.43836,-0.00042367,4.3455
0.59169,-0.015572,0,10.191,0.37449,-0.0004285,4.5285
0.6,-0.015,0,10.174,0.25643,-0.00042836,4.5611
0.5997,-0.015036,0,10.175,0.26052,-0.0004282,4.5606
0.60833,-0.015,0,10.193,0.15918,-0.00044356,4.3394
0.60833,-0.015,0,10.193,0.15918,-0.00044356,4.3394
0.61667,-0.015,0,10.217,0.090369,-0.00042127,3.9304
0.61667,-0.015,0,10.217,0.090369,-0.00042127,3.9304
0.61667,-0.015,0,10.217,0.090369,-0.00042127,3.9304
0.61667,-0.015,0,10.217,0.090369,-0.00042127,3.9304
0.625,-0.015,0,10.229,0.041337,-0.00038576,3.453
0.625,-0.015,0,10.229,0.041337,-0.00038576,3.453
0.625,-0.015,0,10.229,0.041337,-0.00038576,3.453
0.65304,-0.015,0,10.306,-0.025324,-0.0003619,2.2692
0.66664,-0.015,0,10.32,-0.033344,-0.00034716,1.8942
0.65833,-0.013413,0,10.099,-0.031511,-0.00030042,2.1098
0.65833,-0.015,0,10.313,-0.029719,-0.00035635,2.1041
0.67915,-0.015,0,10.323,-0.034528,-0.00033265,1.6472
0.68333,-0.012496,0,9.9681,-0.032439,-0.00023655,1.57
0.68333,-0.015,0,10.322,-0.034397,-0.00032773,1.5744
0.69167,-0.015,0,10.319,-0.033176,-0.00031789,1.4538
0.70333,-0.015,0,10.312,-0.030556,-0.00030449,1.3186
0.7,-0.015,0,10.314,-0.031393,-0.00030824,1.3528
0.7125,-0.015,0,10.304,-0.028181,-0.00029436,1.2304
0.71667,-0.012857,0,9.9875,-0.023606,-0.00021255,1.1875
0.71667,-0.015,0,10.3,-0.027062,-0.00028986,1.1936
0.725,-0.015,0,10.292,-0.024795,-0.00028116,1.1296
0.725,-0.015,0,10.292,-0.024795,-0.00028116,1.1296
0.73333,-0.015,0,10.283,-0.022577,-0.00027277,1.0732
0.74167,-0.015,0,10.273,-0.020456,-0.00026471,1.0228
0.75,-0.0125,0,9.8985,-0.01437,-0.00017096,0.97144
0.75,-0.015,0,10.264,-0.018462,-0.00025697,0.97725
0.75833,-0.015,0,10.254,-0.01661,-0.0002495,0.93541
0.76667,-0.015,0,10.244,-0.014907,-0.00024232,0.8965
0.76667,-0.015,0,10.244,-0.014907,-0.00024232,0.8965
0.76667,-0.015,0,10.244,-0.014907,-0.00024232,0.8965
0.77778,-0.015,0,10.231,-0.012886,-0.00023302,0.84826
0.78333,-0.015,0,10.224,-0.011948,-0.00022851,0.82502
0.79167,-0.01375,0,10.037,-0.0090307,-0.00018317,0.78966
0.79167,-0.015,0,10.215,-0.010683,-0.00022239,0.79154
0.80833,-0.015,0,10.197,-0.0085436,-0.00021155,0.72739
0.8,-0.0125,0,9.8537,-0.0064387,-0.00013992,0.75569
0.8,-0.015,0,10.206,-0.0095515,-0.00021688,0.75909
0.80833,-0.015,0,10.197,-0.0085436,-0.00021155,0.72739
0.81667,-0.01375,0,10.015,-0.0062885,-0.0001694,0.69486
0.81667,-0.015,0,10.188,-0.0076503,-0.00020629,0.69624
0.825,-0.01125,0,9.6666,-0.0030679,-9.2972e-05,0.66174
0.825,-0.015,0,10.179,-0.0068628,-0.00020126,0.66546
0.83333,-0.01,0,9.4949,-0.0014937,-5.5066e-05,0.63044
0.83333,-0.015,0,10.171,-0.006171,-0.00019648,0.6349
0.84444,-0.015,0,10.16,-0.0053907,-0.00019038,0.59433
0.84167,-0.01375,0,9.9958,-0.0044906,-0.00015725,0.60346
0.84167,-0.015,0,10.163,-0.005566,-0.00019187,0.60446
0.85278,-0.015,0,10.153,-0.0048888,-0.00018593,0.56392
0.85833,-0.012333,0,9.8001,-0.002679,-0.00011231,0.54193
0.85833,-0.015,0,10.148,-0.0045859,-0.00018301,0.54364
0.86667,-0.013125,0,9.8994,-0.0029859,-0.00013014,0.51205
0.86667,-0.015,0,10.141,-0.004196,-0.00017871,0.51313
0.88333,-0.015,0,10.128,-0.0035832,-0.00017027,0.45171
0.875,-0.01125,0,9.6576,-0.0016973,-7.9679e-05,0.48057
0.875,-0.015,0,10.134,-0.0038637,-0.00017447,0.4825
0.88333,-0.015,0,10.128,-0.0035832,-0.00017027,0.45171
0.89167,-0.013125,0,9.8897,-0.0025073,-0.0001212,0.41996
0.89167,-0.015,0,10.121,-0.0033489,-0.00016615,0.42073
0.9,-0.01125,0,9.6586,-0.0017021,-7.4694e-05,0.38817
0.9,-0.015,0,10.116,-0.0031558,-0.00016212,0.38955
0.91042,-0.015,0,10.109,-0.0029684,-0.00015726,0.35022
0.90833,-0.014375,0,10.035,-0.002794,-0.00014405,0.35793
0.90833,-0.015,0,10.11,-0.0029994,-0.00015821,0.35814
0.91944,-0.015,0,10.103,-0.0028439,-0.00015321,0.31585
0.925,-0.01125,0,9.6626,-0.0019673,-7.0545e-05,0.29361
0.925,-0.015,0,10.1,-0.0027805,-0.00015077,0.29459
0.93333,-0.014062,0,9.9877,-0.0025567,-0.00012777,0.2622
0.93333,-0.015,0,10.095,-0.0027106,-0.00014726,0.26242
0.95,-0.015,0,10.087,-0.0026295,-0.00014064,0.19726
0.94167,-0.012187,0,9.7728,-0.0023439,-8.7004e-05,0.22939
0.94167,-0.015,0,10.091,-0.0026623,-0.00014388,0.22998
0.95,-0.015,0,10.087,-0.0026295,-0.00014064,0.19726
0.95833,-0.014333,0,10.01,-0.0026025,-0.00012476,0.16413
0.95833,-0.015,0,10.083,-0.0026136,-0.00013755,0.16426
0.96667,-0.012167,0,9.7737,-0.0026531,-8.1579e-05,0.13038
0.96667,-0.015,0,10.08,-0.0025783,-0.00013462,0.13098
0.975,-0.01,0,9.5449,-0.0029576,-4.0547e-05,0.096527
0.975,-0.015,0,10.077,-0.0025835,-0.00013222,0.097665
0.98333,-0.013095,0,9.8743,-0.0025281,-9.5132e-05,0.063505
0.98333,-0.015,0,10.074,-0.0023633,-0.00012907,0.064552
1,-0.015,0,10.068,-0.0027739,-0.00012324,0
0.99167,-0.012031,0,9.7654,-0.0028426,-7.4413e-05,0.032485
0.99167,-0.015,0,10.071,-0.0024393,-0.00012507,0.032363
0,-0.01,0,10,0,0,7.1982
0.012777,-0.010001,0,10.001,0.00063142,-3.4105e-08,7.1922
0.0083136,-0.01,0,10,0.00041328,-2.22e-08,7.1961
0.023801,-0.010001,0,10.002,0.001158,-5.7211e-08,7.1776
0.016627,-0.0054798,0,10.001,0.00052926,-4.4262e-08,7.1871
0.026195,-0.010001,0,10.003,0.001268,-6.1305e-08,7.173
0.024941,-0.010001,0,10.002,0.0012118,-5.925e-08,7.1758
0.033254,-0.0059593,0,10.004,0.0010923,-7.2673e-08,7.156
0.047603,-0.010002,0,10.008,0.0021728,-9.5618e-08,7.1156
0.041568,-0.0061991,0,10.006,0.0013778,-8.6e-08,7.1335
0.049882,-0.010003,0,10.009,0.0022628,-9.925e-08,7.1083
0.058195,-0.010003,0,10.012,0.0025719,-1.125e-07,7.0785
0.069853,-0.010003,0,10.017,0.0029782,-1.3213e-07,7.0315
0.066509,-0.010003,0,10.015,0.002865,-1.2625e-07,7.0457
0.079338,-0.010004,0,10.021,0.0032954,-1.4936e-07,6.99
0.083136,-0.010004,0,10.023,0.0034206,-1.565e-07,6.9729
0.09145,-0.010004,0,10.027,0.0036924,-1.7325e-07,6.9336
0.099763,-0.0071322,0,10.031,0.0032629,-1.9148e-07,6.892
0.099763,-0.010005,0,10.031,0.0039668,-1.9162e-07,6.8929
0.11351,-0.010006,0,10.038,0.0044406,-2.272e-07,6.8229
0.10808,-0.010005,0,10.035,0.0042485,-2.1225e-07,6.8509
0.11639,-0.0083569,0,10.039,0.0041215,-2.3504e-07,6.8074
0.12694,-0.010006,0,10.045,0.0049431,-2.6865e-07,6.7524
0.1247,-0.0085966,0,10.043,0.0044895,-2.608e-07,6.7638
0.13302,-0.010007,0,10.048,0.0051864,-2.8975e-07,6.72
0.14133,-0.010007,0,10.052,0.0055463,-3.2262e-07,6.6753
0.15717,-0.010008,0,10.061,0.0063254,-3.9798e-07,6.5898
0.14965,-0.010007,0,10.057,0.0059378,-3.5975e-07,6.6305
0.15868,-0.010008,0,10.062,0.0064067,-4.0616e-07,6.5817
0.15796,-0.0095551,0,10.061,0.0062505,-4.0193e-07,6.5853
0.16627,-0.010008,0,10.066,0.0068361,-4.5012e-07,6.5408
0.17459,-0.010009,0,10.07,0.0073528,-5.0538e-07,6.4964
0.1829,-0.010009,0,10.074,0.0079212,-5.6887e-07,6.4526
0.19121,-0.010009,0,10.079,0.0085458,-6.4163e-07,6.4097
0.19953,-0.01001,0,10.083,0.0092304,-7.2549e-07,6.368
0.20785,-0.01001,0,10.087,0.0099782,-8.231e-07,6.3279
0.21618,-0.01001,0,10.091,0.010791,-9.3713e-07,6.2898
0.22451,-0.01001,0,10.094,0.011667,-1.0705e-06,6.2545
0.23284,-0.01001,0,10.097,0.012601,-1.2276e-06,6.2228
0.24117,-0.01001,0,10.1,0.013582,-1.4142e-06,6.1957
0.2495,-0.01001,0,10.102,0.014593,-1.6372e-06,6.1746
0.25783,-0.010011,0,10.103,0.015607,-1.906e-06,6.1612
0.26616,-0.010011,0,10.103,0.01658,-2.2331e-06,6.1578
0.27449,-0.010011,0,10.102,0.017448,-2.6362e-06,6.1674
0.28282,-0.010011,0,10.1,0.018115,-3.139e-06,6.194
0.29114,-0.010011,0,10.095,0.018443,-3.7748e-06,6.2427
0.29947,-0.010011,0,10.087,0.018219,-4.596e-06,6.3205
0.30779,-0.010011,0,10.075,0.017125,-5.6735e-06,6.4369
0.31611,-0.010011,0,10.058,0.014671,-7.1308e-06,6.6046
0.32443,-0.010012,0,10.034,0.010082,-9.1562e-06,6.8414
0.33275,-0.010012,0,10,0.0020943,-1.2039e-05,7.172
0.34107,-0.010012,0,9.9528,-0.011423,-1.6516e-05,7.632
0.34938,-0.010013,0,9.8864,-0.034301,-2.3385e-05,8.2732
0.35768,-0.01002,0,9.7924,-0.073911,-3.5322e-05,9.1704
0.36598,-0.01005,0,9.6585,-0.1451,-5.0356e-05,10.432
0.37428,-0.010121,0,9.4664,-0.28379,-0.00010891,12.184
0.37428,-0.010121,0,9.4664,-0.28379,-0.00010891,12.184
0.37428,-0.010121,0,9.4664,-0.28379,-0.00010891,12.184
0.37428,-0.010121,0,9.4664,-0.28379,-0.00010891,12.184
0.3826,-0.010239,0,9.1992,-0.56146,-0.00024496,14.558
0.3826,-0.010239,0,9.1992,-0.56146,-0.00024496,14.558
0.3826,-0.010239,0,9.1992,-0.56146,-0.00024496,14.558
0.39103,-0.010536,0,8.9103,-1.2157,-0.00073528,16.888
0.39103,-0.010536,0,8.9103,-1.2157,-0.00073528,16.888
0.39103,-0.010536,0,8.9103,-1.2157,-0.00073528,16.888
0.39103,-0.010536,0,8.9103,-1.2157,-0.00073528,16.888
0.39103,-0.010536,0,8.9103,-1.2157,-0.00073528,16.888
0.39103,-0.010536,0,8.9103,-1.2157,-0.00073528,16.888
0.39955,-0.010747,0,9.2181,-2.4818,-0.0012446,11.703
0.39955,-0.010747,0,9.2181,-2.4818,-0.0012446,11.703
0.40808,-0.010855,0,10.837,-2.894,-0.0024246,-7.0126
0.40808,-0.010855,0,10.837,-2.894,-0.0024246,-7.0126
0.40808,-0.010855,0,10.837,-2.894,-0.0024246,-7.0126
0.40808,-0.010855,0,10.837,-2.894,-0.0024246,-7.0126
0.41653,-0.010776,0,11.586,-2.1358,-0.00022155,-16.636
0.4249,-0.010907,0,11.241,-1.347,0.0025141,-19.315
0.48388,-0.010964,0,8.0343,0.40316,0.0019633,-12.514
0.48338,-0.010991,0,8.0563,0.39885,0.0019827,-12.588
0.49173,-0.011255,0,8.8748,0.51219,0.0017013,-11.405
0.49188,-0.010988,0,8.5178,0.49858,0.0017728,-11.395
0.49173,-0.010993,0,8.5162,0.49768,0.0017747,-11.437
0.50007,-0.010886,0,8.8185,0.57871,0.0015809,-9.8362
0.49942,-0.010821,0,8.692,0.57054,0.0016036,-9.8893
0.50006,-0.011456,0,9.5004,0.60595,0.0013898,-9.788
0.5084,-0.010859,0,9.2189,0.65777,0.001314,-8.4745
0.5084,-0.01139,0,9.6984,0.67385,0.0011174,-8.451
0.51674,-0.010887,0,9.5392,0.72648,0.001009,-7.1974
0.51674,-0.010887,0,9.5392,0.72648,0.001009,-7.1974
0.51674,-0.010887,0,9.5392,0.72648,0.001009,-7.1974
0.52508,-0.010876,0,9.7589,0.77902,0.00074048,-5.8028
0.52492,-0.010875,0,9.7505,0.77772,0.00074814,-5.8282
0.52508,-0.010458,0,9.4744,0.76806,0.00087822,-5.8377
0.52508,-0.010876,0,9.7589,0.77902,0.00074048,-5.8028
0.52508,-0.010876,0,9.7589,0.77902,0.00074048,-5.8028
0.53342,-0.010877,0,9.8909,0.81263,0.00048575,-4.3822
0.53342,-0.010877,0,9.8909,0.81263,0.00048575,-4.3822
0.53342,-0.010877,0,9.8909,0.81263,0.00048575,-4.3822
0.53342,-0.010877,0,9.8909,0.81263,0.00048575,-4.3822
0.54048,-0.010871,0,9.9764,0.82984,0.0002901,-3.1697
0.54176,-0.010228,0,9.666,0.82386,0.00042221,-2.9612
0.54176,-0.010872,0,9.9883,0.83245,0.00025754,-2.9486
0.54176,-0.010872,0,9.9883,0.83245,0.00025754,-2.9486
0.55009,-0.010859,0,10.026,0.84112,7.9621e-05,-1.4642
0.55843,-0.01084,0,10.018,0.82852,-6.9285e-05,0.091415
0.56676,-0.010812,0,9.9461,0.78774,-0.00016805,1.7381
0.56676,-0.010812,0,9.9461,0.78774,-0.00016805,1.7381
0.56676,-0.010812,0,9.9461,0.78774,-0.00016805,1.7381
0.57509,-0.010777,0,9.8649,0.70297,-0.0002554,3.4357
0.57684,-0.010768,0,9.8319,0.67943,-0.00026591,3.79
0.57509,-0.010777,0,9.8649,0.70297,-0.0002554,3.4357
0.57509,-0.010777,0,9.8649,0.70297,-0.0002554,3.4357
0.5834,-0.010726,0,9.7763,0.55774,-0.00032199,4.9162
0.58244,-0.010733,0,9.7801,0.5786,-0.00031366,4.7837
0.5834,-0.010726,0,9.7763,0.55774,-0.00032199,4.9162
0.5834,-0.010726,0,9.7763,0.55774,-0.00032199,4.9162
0.5834,-0.010726,0,9.7763,0.55774,-0.00032199,4.9162
0.59168,-0.010647,0,9.7338,0.37803,-0.00035131,5.4388
0.59208,-0.01064,0,9.7346,0.37036,-0.00035175,5.4221
0.59168,-0.01149,0,9.8416,0.37778,-0.00038072,5.2753
0.59168,-0.010647,0,9.7338,0.37803,-0.00035131,5.4388
0.59168,-0.010647,0,9.7338,0.37803,-0.00035131,5.4388
0.59168,-0.010647,0,9.7338,0.37803,-0.00035131,5.4388
0.59168,-0.010647,0,9.7338,0.37803,-0.00035131,5.4388
0.59168,-0.010647,0,9.7338,0.37803,-0.00035131,5.4388
0.6,-0.0099997,0,9.6842,0.24121,-0.00033183,5.2255
0.59959,-0.010065,0,9.6897,0.24639,-0.00033272,5.2124
0.6,-0.0099997,0,9.6842,0.24121,-0.00033183,5.2255
0.6,-0.0099997,0,9.6842,0.24121,-0.00033183,5.2255
0.6,-0.0099997,0,9.6842,0.24121,-0.00033183,5.2255
0.60833,-0.0099996,0,9.6821,0.14017,-0.00032556,4.8169
0.60833,-0.0099996,0,9.6821,0.14017,-0.00032556,4.8169
0.61667,-0.0099995,0,9.6775,0.072108,-0.00029378,4.3314
0.61667,-0.0099995,0,9.6775,0.072108,-0.00029378,4.3314
0.61667,-0.0099995,0,9.6775,0.072108,-0.00029378,4.3314
0.625,-0.0099997,0,9.5921,0.020772,-0.00021445,3.6967
0.625,-0.0099997,0,9.5921,0.020772,-0.00021445,3.6967
0.625,-0.0099997,0,9.5921,0.020772,-0.00021445,3.6967
0.675,-0.0074906,0,8.9275,-0.03026,5.2229e-05,1.7048
0.69166,-0.01,0,9.604,-0.02757,-0.00013537,1.442
0.69167,-0.01,0,9.604,-0.027569,-0.00013537,1.4419
0.70556,-0.01,0,9.5851,-0.022682,-0.00012023,1.2819
0.7,-0.01,0,9.5927,-0.024603,-0.00012596,1.3394
0.71667,-0.005,0,8.3999,-0.01771,0.00021631,1.16
0.73333,-0.01,0,9.5505,-0.014179,-9.5908e-05,1.06
0.725,-0.0075,0,8.9946,-0.016276,5.3e-05,1.1069
0.73333,-0.01,0,9.5505,-0.014179,-9.5908e-05,1.06
0.74167,-0.01,0,9.5416,-0.012115,-9.0136e-05,1.0104
0.74167,-0.01,0,9.5416,-0.012115,-9.0136e-05,1.0104
0.75833,-0.01,0,9.5262,-0.0086586,-8.0258e-05,0.92464
0.75833,-0.01,0,9.5262,-0.0086586,-8.0258e-05,0.92464
0.75833,-0.01,0,9.5262,-0.0086586,-8.0258e-05,0.92464
0.76667,-0.005,0,8.5657,-0.010563,0.00017244,0.87617
0.78333,-0.01,0,9.5092,-0.0049665,-6.8444e-05,0.81677
0.78333,-0.01,0,9.5092,-0.0049665,-6.8444e-05,0.81677
0.78333,-0.01,0,9.5092,-0.0049665,-6.8444e-05,0.81677
0.79167,-0.00625,0,8.8577,-0.0077546,9.9759e-05,0.77852
0.80833,-0.01,0,9.4991,-0.0027066,-6.073e-05,0.72127
0.81667,-0.00625,0,8.9101,-0.0067575,8.9571e-05,0.6869
0.84167,-0.00625,0,8.9612,-0.0064358,8.0746e-05,0.59783
0.85833,-0.005625,0,8.911,-0.0073899,9.6025e-05,0.53805
0.86667,-0.006875,0,9.092,-0.0056252,5.2017e-05,0.50877
0.88333,-0.005625,0,8.9671,-0.0077607,8.5438e-05,0.44782
0.89167,-0.006875,0,9.1333,-0.0059781,4.5297e-05,0.41769
0.90833,-0.005625,0,9.0209,-0.0083046,7.511e-05,0.35546
0.93333,-0.0059375,0,9.1046,-0.0084358,5.8137e-05,0.26064
0.95833,-0.0059375,0,9.1517,-0.0091027,5.1402e-05,0.16293
0.98333,-0.0069531,0,9.2849,-0.0077921,2.4123e-05,0.060252
0,-0.005,0,10,0,0,7.1962
0.0083136,-0.0050004,0,10,0.00025062,-2.2188e-08,7.1941
0.016627,-0.0050008,0,10.001,0.0004985,-4.425e-08,7.1869
0.024941,-0.0050012,0,10.002,0.00074087,-5.8875e-08,7.1739
0.033254,-0.0050016,0,10.004,0.00097572,-7.2625e-08,7.1557
0.041568,-0.005002,0,10.006,0.0012026,-8.6e-08,7.1331
0.049882,-0.0050025,0,10.009,0.0014224,-9.9125e-08,7.1067
0.058195,-0.0050029,0,10.012,0.0016373,-1.1237e-07,7.0769
0.069854,-0.0050034,0,10.017,0.0019355,-1.3196e-07,7.03
0.066509,-0.0050033,0,10.015,0.0018497,-1.2612e-07,7.0442
0.079337,-0.0050039,0,10.021,0.0021808,-1.4904e-07,6.9885
0.083136,-0.0050041,0,10.023,0.0022801,-1.5612e-07,6.9714
0.096049,-0.0050047,0,10.029,0.0026359,-1.8311e-07,6.9095
0.09145,-0.0050045,0,10.026,0.0025051,-1.7287e-07,6.9321
0.10314,-0.0050051,0,10.032,0.002844,-1.9975e-07,6.8742
0.10808,-0.0050053,0,10.035,0.0029938,-2.12e-07,6.8493
0.11639,-0.0050057,0,10.039,0.0032659,-2.3487e-07,6.8062
0.1247,-0.0050061,0,10.043,0.0035622,-2.6063e-07,6.7624
0.13302,-0.0050065,0,10.048,0.0038874,-2.8925e-07,6.7179
0.14133,-0.0050069,0,10.052,0.0042466,-3.22e-07,6.6731
0.14965,-0.0050074,0,10.057,0.0046451,-3.59e-07,6.628
0.15796,-0.0050078,0,10.061,0.0050889,-4.0125e-07,6.5828
0.16627,-0.0050082,0,10.066,0.0055839,-4.4912e-07,6.5377
0.17459,-0.0050086,0,10.07,0.0061369,-5.04e-07,6.493
0.1829,-0.005009,0,10.075,0.0067549,-5.6662e-07,6.4488
0.19121,-0.0050094,0,10.079,0.0074454,-6.385e-07,6.4055
0.19953,-0.0050098,0,10.083,0.0082166,-7.2124e-07,6.3634
0.20784,-0.0050102,0,10.087,0.009077,-8.171e-07,6.3228
0.21617,-0.0050102,0,10.091,0.010036,-9.2849e-07,6.2842
0.22451,-0.0050102,0,10.094,0.0111,-1.0589e-06,6.2484
0.23284,-0.0050103,0,10.098,0.012277,-1.2114e-06,6.2162
0.24117,-0.0050104,0,10.1,0.013574,-1.392e-06,6.1886
0.2495,-0.0050104,0,10.102,0.014993,-1.6061e-06,6.1671
0.25782,-0.0050105,0,10.104,0.016536,-1.8632e-06,6.1533
0.26616,-0.0050106,0,10.104,0.018198,-2.1731e-06,6.1498
0.27448,-0.0050107,0,10.103,0.019966,-2.5527e-06,6.1595
0.28281,-0.0050108,0,10.1,0.021815,-3.0201e-06,6.1866
0.29114,-0.005011,0,10.095,0.023699,-3.6049e-06,6.2366
0.29946,-0.0050112,0,10.087,0.02554,-4.3461e-06,6.3168
0.30779,-0.0050114,0,10.075,0.027211,-5.2963e-06,6.4371
0.31611,-0.0050116,0,10.057,0.028497,-6.5456e-06,6.6115
0.32443,-0.0050119,0,10.032,0.029042,-8.1903e-06,6.8593
0.33274,-0.0050123,0,9.9959,0.028227,-1.0391e-05,7.2083
0.34105,-0.0050127,0,9.9453,0.024972,-1.3539e-05,7.6996
0.34936,-0.0050132,0,9.8729,0.017229,-1.7576e-05,8.3968
0.35766,-0.00023159,0,9.7623,0.078778,-9.2634e-06,9.4324
0.35767,-0.0050142,0,9.7668,0.00097829,-2.2199e-05,9.4
0.36596,-0.0013821,0,9.5987,0.059331,6.2632e-06,10.961
0.36596,-0.0050201,0,9.6085,-0.032836,-1.7724e-05,10.882
0.37425,-0.0015313,0,9.3298,0.043121,4.8674e-05,13.321
0.37426,-0.005045,0,9.3562,-0.10726,-1.971e-05,13.119
0.37426,-0.005045,0,9.3562,-0.10726,-1.971e-05,13.119
0.37426,-0.005045,0,9.3562,-0.10726,-1.971e-05,13.119
0.37426,-0.005045,0,9.3562,-0.10726,-1.971e-05,13.119
0.38256,-0.0051118,0,8.949,-0.28142,5.9369e-05,16.751
0.38256,-0.0051118,0,8.949,-0.28142,5.9369e-05,16.751
0.38256,-0.0051118,0,8.949,-0.28142,5.9369e-05,16.751
0.3909,-0.0053067,0,8.2027,-0.84964,-0.00058321,22.854
0.3909,-0.0053067,0,8.2027,-0.84964,-0.00058321,22.854
0.3909,-0.0053067,0,8.2027,-0.84964,-0.00058321,22.854
0.39945,-0.005604,0,7.6619,-3.3563,-0.0051504,21.482
0.39945,-0.005604,0,7.6619,-3.3563,-0.0051504,21.482
0.39945,-0.005604,0,7.6619,-3.3563,-0.0051504,21.482
0.54178,-0.0065275,0,6.5021,0.63812,0.00097766,-2.9938
0.54187,-0.0061789,0,6.0716,0.61093,0.00092468,-3.0064
0.54078,-0.0062918,0,6.1799,0.61006,0.00094568,-3.1169
0.55009,-0.0053935,0,5.9118,0.59908,0.00078565,-1.5499
0.55009,-0.0058533,0,6.4796,0.64743,0.00081923,-1.5651
0.55843,-0.0058231,0,7.0998,0.71198,0.00069737,0.23807
0.56677,-0.0058434,0,7.5563,0.73476,0.0005307,1.9237
0.56677,-0.0058434,0,7.5563,0.73476,0.0005307,1.9237
0.56677,-0.0058434,0,7.5563,0.73476,0.0005307,1.9237
0.5751,-0.0058239,0,7.7911,0.69614,0.00036141,3.9687
0.5751,-0.0058239,0,7.7911,0.69614,0.00036141,3.9687
0.5751,-0.0058239,0,7.7911,0.69614,0.00036141,3.9687
0.5751,-0.0058239,0,7.7911,0.69614,0.00036141,3.9687
0.5751,-0.0058239,0,7.7911,0.69614,0.00036141,3.9687
0.5751,-0.0058239,0,7.7911,0.69614,0.00036141,3.9687
0.58341,-0.0058072,0,7.9118,0.55119,0.00022271,5.8999
0.58273,-0.0058112,0,7.906,0.56699,0.00023248,5.7626
0.58341,-0.0058072,0,7.9118,0.55119,0.00022271,5.8999
0.59168,-0.0057477,0,8.0111,0.33151,0.00020534,6.4758
0.6,-0.0049982,0,7.8096,0.19056,0.00030406,5.6845
0.59839,-0.0052711,0,7.9134,0.20781,0.00026827,5.6256
0.59915,-0.0042111,0,7.2666,0.16561,0.00051968,5.4809
0.6,-0.0049982,0,7.8096,0.19056,0.00030406,5.6845
0.6,-0.0049982,0,7.8096,0.19056,0.00030406,5.6845
0.6,-0.0049982,0,7.8096,0.19056,0.00030406,5.6845
0.60834,-0.0049967,0,7.8588,0.1203,0.00034422,5.3149
0.60834,-0.0049967,0,7.8588,0.1203,0.00034422,5.3149
0.60834,-0.0049967,0,7.8588,0.1203,0.00034422,5.3149
0.60834,-0.0049967,0,7.8588,0.1203,0.00034422,5.3149
0.61667,-0.0049981,0,7.8821,0.066261,0.00037415,4.6261
0.61667,-0.0049981,0,7.8821,0.066261,0.00037415,4.6261
0.61667,-0.0049981,0,7.8821,0.066261,0.00037415,4.6261
0.625,-0.0049992,0,7.8605,0.029184,0.00033299,3.9776
0.625,-0.0049992,0,7.8605,0.029184,0.00033299,3.9776
0.625,-0.0049992,0,7.8605,0.029184,0.00033299,3.9776
0.66825,-0.005,0,8.2029,-0.028442,0.00026684,1.8453
0.67915,-0.005,0,8.2535,-0.026526,0.00025533,1.6177
0.675,-0.005,0,8.2352,-0.027448,0.00025972,1.6935
0.69166,-0.005,0,8.3062,-0.023535,0.00024204,1.4182
0.69167,-0.005,0,8.3063,-0.023534,0.00024203,1.4181
0.70556,-0.005,0,8.3595,-0.02017,0.00022742,1.2604
0.7,-0.005,0,8.3387,-0.021475,0.00023316,1.3169
0.71667,-0.005,0,8.3999,-0.01771,0.00021631,1.16
0.71667,-0.005,0,8.3999,-0.01771,0.00021631,1.16
0.725,-0.005,0,8.4291,-0.016078,0.00020833,1.098
0.73333,-0.005,0,8.4576,-0.01463,0.00020056,1.0439
0.74167,-0.005,0,8.4854,-0.013365,0.00019306,0.99589
0.74167,-0.005,0,8.4854,-0.013365,0.00019306,0.99589
0.75833,-0.005,0,8.5394,-0.011343,0.00017896,0.91298
0.75833,-0.005,0,8.5394,-0.011343,0.00017896,0.91298
0.76667,-0.005,0,8.5657,-0.010563,0.00017244,0.87617
0.76667,-0.005,0,8.5657,-0.010563,0.00017244,0.87617
0.78333,-0.005,0,8.617,-0.0093952,0.00016062,0.8085
0.78333,-0.005,0,8.617,-0.0093952,0.00016062,0.8085
0.79444,-0.005,0,8.6501,-0.0088759,0.00015302,0.76638
0.79167,-0.005,0,8.6419,-0.0089814,0.00015485,0.77668
0.80833,-0.005,0,8.6907,-0.0084329,0.00014411,0.71549
0.80833,-0.005,0,8.6907,-0.0084329,0.00014411,0.71549
0.82083,-0.005,0,8.7261,-0.0082294,0.00013663,0.6708
0.81667,-0.005,0,8.7144,-0.0082756,0.00013901,0.68562
0.83333,-0.005,0,8.7608,-0.0081473,0.00012977,0.62646
0.84583,-0.005,0,8.7945,-0.0081863,0.00012332,0.58217
0.84167,-0.005,0,8.7834,-0.0081595,0.00012545,0.59695
0.85556,-0.005,0,8.8202,-0.0082718,0.00011836,0.54761
0.85833,-0.005,0,8.8275,-0.0083013,0.00011695,0.53771
0.87167,-0.005,0,8.8616,-0.0085042,0.00011023,0.48986
0.86667,-0.005,0,8.8489,-0.0084189,0.00011274,0.50788
0.88056,-0.005,0,8.8839,-0.0086692,0.00010577,0.45768
0.88333,-0.005,0,8.8909,-0.0087233,0.00010437,0.44759
0.89667,-0.005,0,8.9233,-0.0090176,9.781e-05,0.39864
0.89167,-0.005,0,8.9113,-0.0089023,0.00010024,0.41709
0.90556,-0.005,0,8.9446,-0.0092297,9.3568e-05,0.36565
0.91042,-0.005,0,8.956,-0.00935,9.1315e-05,0.34748
0.90833,-0.005,0,8.9511,-0.0092972,9.2257e-05,0.35531
0.92976,-0.005,0,9.0005,-0.0098515,8.2985e-05,0.27417
0.93583,-0.005,0,9.0141,-0.010014,8.0603e-05,0.25083
0.93333,-0.005,0,9.0085,-0.0099463,8.1543e-05,0.2605
0.95,-0.005,0,9.0453,-0.010393,7.5519e-05,0.19572
0.96096,-0.005,0,9.0689,-0.01068,7.2184e-05,0.15224
0.95833,-0.005,0,9.0633,-0.010619,7.2881e-05,0.16283
0.97615,-0.005,0,9.1009,-0.011044,6.8665e-05,0.090792
0.98742,-0.005,0,9.1248,-0.011136,6.2101e-05,0.046435
0.98333,-0.005,0,9.1149,-0.010995,6.5212e-05,0.059256
0,0,0,10,0,0,7.1952
0.0083136,-4.09e-07,0,10,8.9045e-05,-2.2175e-08,7.1931
0.016627,-8.18e-07,0,10.001,0.0001794,-4.425e-08,7.1859
0.024941,-1.227e-06,0,10.002,0.00027252,-5.875e-08,7.1729
0.033254,-1.636e-06,0,10.004,0.00036994,-7.2375e-08,7.1547
0.041568,-2.045e-06,0,10.006,0.00047317,-8.575e-08,7.1321
0.049882,-2.454e-06,0,10.009,0.00058378,-9.8875e-08,7.1057
0.058195,-2.863e-06,0,10.012,0.00070346,-1.1225e-07,7.0759
0.069854,-3.4366e-06,0,10.017,0.00089189,-1.3178e-07,7.0289
0.066509,-3.272e-06,0,10.015,0.0008341,-1.26e-07,7.0431
0.079337,-3.9031e-06,0,10.021,0.001064,-1.4879e-07,6.9874
0.083136,-4.09e-06,0,10.023,0.0011366,-1.5587e-07,6.9702
0.096049,-4.7253e-06,0,10.029,0.0014226,-1.8299e-07,6.9082
0.09145,-4.499e-06,0,10.026,0.0013134,-1.7275e-07,6.9308
0.10314,-5.074e-06,0,10.032,0.0016005,-1.9957e-07,6.8728
0.10808,-5.317e-06,0,10.035,0.0017319,-2.1175e-07,6.8478
0.11639,-5.726e-06,0,10.039,0.0019804,-2.3462e-07,6.8046
0.1247,-6.135e-06,0,10.043,0.0022603,-2.6038e-07,6.7606
0.13302,-6.544e-06,0,10.048,0.0025761,-2.8912e-07,6.7159
0.14133,-6.953e-06,0,10.052,0.0029329,-3.2175e-07,6.6708
0.14965,-7.362e-06,0,10.057,0.0033364,-3.5863e-07,6.6254
0.15796,-7.771e-06,0,10.061,0.0037933,-4.0063e-07,6.5799
0.16627,-8.18e-06,0,10.066,0.0043107,-4.4812e-07,6.5345
0.17459,-8.589e-06,0,10.07,0.0048971,-5.0263e-07,6.4893
0.1829,-8.998e-06,0,10.075,0.0055619,-5.6462e-07,6.4447
0.19121,-9.407e-06,0,10.079,0.0063157,-6.3563e-07,6.4009
0.19953,-9.816e-06,0,10.083,0.0071705,-7.1737e-07,6.3581
0.20784,-1.0141e-05,0,10.088,0.0081405,-8.116e-07,6.3169
0.21618,-1.0194e-05,0,10.091,0.0092425,-9.205e-07,6.2776
0.22451,-1.0242e-05,0,10.095,0.010493,-1.0476e-06,6.241
0.23284,-1.0296e-05,0,10.098,0.011911,-1.1956e-06,6.2079
0.24117,-1.0359e-05,0,10.101,0.013521,-1.3695e-06,6.1793
0.2495,-1.0431e-05,0,10.103,0.015348,-1.5747e-06,6.1567
0.25783,-1.0515e-05,0,10.105,0.017422,-1.8189e-06,6.1417
0.26616,-1.0612e-05,0,10.105,0.019779,-2.1115e-06,6.1369
0.27448,-1.0726e-05,0,10.104,0.022457,-2.464e-06,6.1453
0.28281,-1.0859e-05,0,10.102,0.025505,-2.895e-06,6.171
0.29114,-1.1017e-05,0,10.097,0.028976,-3.4212e-06,6.2195
0.29946,-1.1202e-05,0,10.089,0.032933,-4.0776e-06,6.2983
0.30778,-1.1423e-05,0,10.076,0.037451,-4.8842e-06,6.4176
0.3161,-1.1685e-05,0,10.059,0.042618,-5.9063e-06,6.5913
0.32442,-1.2e-05,0,10.033,0.048533,-7.1172e-06,6.8395
0.33274,-1.2376e-05,0,9.9974,0.055315,-8.6438e-06,7.1908
0.34105,-1.2826e-05,0,9.946,0.063102,-1.013e-05,7.6883
0.35523,-1.3796e-05,0,9.7942,0.079317,-9.5243e-06,9.1317
0.34936,-1.336e-05,0,9.872,0.072042,-1.1583e-05,8.3995
0.37425,-7.3401e-06,0,9.3184,0.10834,7.8333e-05,13.409
0.3764,-0.00066345,0,9.1872,0.053103,0.00015195,14.576
0.37425,-7.3401e-06,0,9.3184,0.10834,7.8333e-05,13.409
0.37425,-7.3401e-06,0,9.3184,0.10834,7.8333e-05,13.409
0.38254,2.1641e-05,0,8.8438,0.1246,0.00054986,17.623
0.38254,-0.0015131,0,8.8251,-0.012905,0.00043711,17.792
0.38254,2.1641e-05,0,8.8438,0.1246,0.00054986,17.623
0.38254,2.1641e-05,0,8.8438,0.1246,0.00054986,17.623
0.39085,-4.6444e-06,0,7.745,0.13698,0.0020844,26.276
0.39086,-0.00053731,0,7.7264,0.010307,0.0015089,26.419
0.39221,-6.0277e-06,0,7.4033,0.13565,0.00059252,28.77
0.39085,-4.6444e-06,0,7.745,0.13698,0.0020844,26.276
0.39085,-4.6444e-06,0,7.745,0.13698,0.0020844,26.276
0.39903,-1.9962e-05,0,2.8857,0.020776,0.011226,52.936
0.59168,-0.0009926,0,4.3415,0.13202,0.00019932,7.3556
0.60834,1.164e-05,0,4.302,-0.063158,0.0013928,5.3512
0.60834,1.164e-05,0,4.302,-0.063158,0.0013928,5.3512
0.60834,1.164e-05,0,4.302,-0.063158,0.0013928,5.3512
0.61667,4.1868e-06,0,5.5668,-0.11121,0.0011656,4.5292
0.61667,4.1868e-06,0,5.5668,-0.11121,0.0011656,4.5292
0.61667,4.1868e-06,0,5.5668,-0.11121,0.0011656,4.5292
0.625,1.3574e-06,0,6.5424,-0.12772,0.0007747,4.0452
0.625,1.3574e-06,0,6.5424,-0.12772,0.0007747,4.0452
0.625,1.3574e-06,0,6.5424,-0.12772,0.0007747,4.0452
0.66904,7.8526e-10,0,7.4715,-0.081846,0.00053048,1.8062
0.67912,9.8884e-11,0,7.5949,-0.075131,0.00049867,1.5964
0.675,1.7094e-10,0,7.5478,-0.077728,0.00051083,1.6714
0.69166,3.2767e-12,0,7.7292,-0.067683,0.00046391,1.3976
0.69167,3.2579e-12,0,7.7292,-0.067679,0.0004639,1.3975
0.70556,1.4988e-13,0,7.8559,-0.060692,0.00043102,1.2422
0.7,3.7387e-13,0,7.8077,-0.063324,0.0004435,1.2977
0.71667,3.3921e-15,0,7.9469,-0.055802,0.00040754,1.1438
0.71667,3.3919e-15,0,7.9469,-0.055802,0.00040754,1.1438
0.725,2.6618e-16,0,8.0093,-0.052569,0.00039151,1.0833
0.73333,1.851e-17,0,8.0678,-0.049649,0.00037652,1.0306
0.74167,1.1215e-18,0,8.1228,-0.047015,0.0003625,0.98392
0.74167,1.1215e-18,0,8.1228,-0.047015,0.0003625,0.98392
0.75833,2.6987e-21,0,8.224,-0.042507,0.00033706,0.90337
0.75833,2.6986e-21,0,8.224,-0.042507,0.00033706,0.90337
0.76667,1.0548e-22,0,8.2708,-0.040586,0.00032558,0.86759
0.76667,1.0548e-22,0,8.2708,-0.040586,0.00032558,0.86759
0.78333,1.034e-25,0,8.358,-0.037308,0.00030504,0.80171
0.78333,9.6036e-26,0,8.358,-0.037308,0.00030504,0.80171
0.79444,0,0,8.4119,-0.035501,0.00029235,0.76059
0.79167,-5.7824e-19,0,8.3988,-0.035917,0.00029541,0.77066
0.80833,0,0,8.4756,-0.033549,0.00027762,0.71078
0.80833,4.8333e-31,0,8.4756,-0.033549,0.00027762,0.71078
0.82083,0,0,8.5293,-0.032096,0.00026551,0.66689
0.81667,-5.7824e-19,0,8.5118,-0.032546,0.0002694,0.68146
0.83333,0,0,8.5804,-0.030841,0.00025417,0.62324
0.84583,0,0,8.6287,-0.029796,0.00024341,0.57952
0.84167,-5.7824e-19,0,8.613,-0.030119,0.00024695,0.59412
0.85556,0,0,8.6648,-0.029087,0.00023525,0.54533
0.85833,-2.8912e-19,0,8.6749,-0.028894,0.00023293,0.53554
0.87167,0,0,8.7217,-0.028099,0.00022212,0.4881
0.86667,-8.6736e-19,0,8.7045,-0.028377,0.00022613,0.50598
0.88056,0,0,8.7518,-0.027638,0.0002151,0.45616
0.88333,-2.8912e-19,0,8.7611,-0.0275,0.00021293,0.44614
0.89667,0,0,8.8039,-0.026931,0.00020287,0.39748
0.89167,-8.6736e-19,0,8.7881,-0.02713,0.00020656,0.41583
0.90556,0,0,8.8316,-0.026601,0.00019644,0.36466
0.91042,0,0,8.8464,-0.026437,0.00019304,0.34657
0.90833,-2.8912e-19,0,8.8401,-0.026503,0.00019446,0.35436
0.92976,0,0,8.903,-0.025884,0.00018041,0.27353
0.93583,0,0,8.9202,-0.025738,0.00017674,0.25027
0.93333,-4.3368e-19,0,8.9132,-0.025794,0.0001782,0.2599
0.95,0,0,8.959,-0.025444,0.00016875,0.19529
0.96096,0,0,8.988,-0.02526,0.00016327,0.15188
0.95833,-4.3368e-19,0,8.9812,-0.025298,0.00016447,0.16247
0.975,0,0,9.0244,-0.025062,0.00015789,0.095503
0.98742,0,0,9.0559,-0.024974,0.00014731,0.04605
0.98333,-9.035e-19,0,9.044,-0.025025,0.00015172,0.058392
0,0.005,0,10,0,0,7.1951
0.0083136,0.0049996,0,10,-7.304e-05,-2.205e-08,7.193
0.016627,0.0049992,0,10.001,-0.00014073,-4.4e-08,7.1858
0.024941,0.0049988,0,10.002,-0.00019738,-5.8625e-08,7.1728
0.033254,0.0049984,0,10.004,-0.00023795,-7.225e-08,7.1545
0.041568,0.004998,0,10.006,-0.00025893,-8.5375e-08,7.1318
0.049882,0.0049976,0,10.009,-0.0002582,-9.85e-08,7.1053
0.058195,0.0049971,0,10.012,-0.00023434,-1.12e-07,7.0754
0.069854,0.0049966,0,10.017,-0.00015678,-1.3166e-07,7.0282
0.066509,0.0049967,0,10.015,-0.00018627,-1.2587e-07,7.0425
0.079337,0.0049961,0,10.021,-5.8834e-05,-1.4867e-07,6.9866
0.083136,0.0049959,0,10.023,-1.3281e-05,-1.5575e-07,6.9694
0.096049,0.0049953,0,10.029,0.00020102,-1.8298e-07,6.9071
0.09145,0.0049955,0,10.027,0.00011417,-1.7275e-07,6.9299
0.10314,0.0049949,0,10.032,0.00034781,-1.9957e-07,6.8716
0.10808,0.0049947,0,10.035,0.00045997,-2.1175e-07,6.8465
0.11639,0.0049943,0,10.039,0.00068345,-2.345e-07,6.8031
0.1247,0.0049939,0,10.044,0.00094531,-2.6013e-07,6.7588
0.13302,0.0049935,0,10.048,0.0012498,-2.89e-07,6.7139
0.14133,0.004993,0,10.053,0.0016021,-3.215e-07,6.6685
0.14965,0.0049926,0,10.057,0.0020083,-3.5837e-07,6.6228
0.15796,0.0049922,0,10.062,0.0024756,-4.0013e-07,6.5769
0.16627,0.0049918,0,10.066,0.0030124,-4.4762e-07,6.5311
0.17459,0.0049914,0,10.071,0.0036288,-5.0163e-07,6.4855
0.1829,0.004991,0,10.075,0.0043364,-5.6312e-07,6.4403
0.19121,0.0049906,0,10.08,0.0051491,-6.3325e-07,6.3958
0.19953,0.0049902,0,10.084,0.0060827,-7.1386e-07,6.3524
0.20785,0.0049899,0,10.088,0.0071571,-8.0648e-07,6.3103
0.21618,0.0049899,0,10.092,0.0083958,-9.1325e-07,6.27
0.22451,0.0049898,0,10.096,0.0098251,-1.0368e-06,6.2323
0.23284,0.0049898,0,10.099,0.011477,-1.1804e-06,6.1979
0.24117,0.0049897,0,10.102,0.013391,-1.3473e-06,6.1679
0.2495,0.0049897,0,10.105,0.015615,-1.5436e-06,6.1435
0.25783,0.0049896,0,10.106,0.018208,-1.7741e-06,6.1265
0.26616,0.0049895,0,10.107,0.021245,-2.0488e-06,6.1193
0.27449,0.0049894,0,10.106,0.024816,-2.3735e-06,6.1248
0.28282,0.0049893,0,10.104,0.029043,-2.7658e-06,6.1471
0.29114,0.0049891,0,10.099,0.034078,-3.2317e-06,6.1915
0.29947,0.004989,0,10.092,0.040125,-3.7977e-06,6.2652
0.30779,0.0049887,0,10.08,0.04746,-4.4592e-06,6.3781
0.31611,0.0049885,0,10.063,0.056469,-5.2373e-06,6.5438
0.32443,0.0049882,0,10.039,0.067714,-6.0409e-06,6.7813
0.33274,0.0049878,0,10.005,0.082046,-6.7933e-06,7.1183
0.34106,0.0049874,0,9.9552,0.10083,-6.8575e-06,7.5954
0.34942,0.0049868,0,9.8837,0.12666,-5.1429e-06,8.2817
0.34936,0.0049868,0,9.8843,0.12642,-5.1912e-06,8.2754
0.37426,0.00506,0,9.3738,0.32472,0.00015588,12.906
0.37426,0.00506,0,9.3738,0.32472,0.00015588,12.906
0.37426,0.00506,0,9.3738,0.32472,0.00015588,12.906
0.38257,0.0052024,0,8.9685,0.53209,0.00075729,16.455
0.38257,0.0052024,0,8.9685,0.53209,0.00075729,16.455
0.38257,0.0052024,0,8.9685,0.53209,0.00075729,16.455
0.39088,0.0052901,0,8.211,1.1254,0.0057477,22.453
0.39088,0.0052901,0,8.211,1.1254,0.0057477,22.453
0.39088,0.0052901,0,8.211,1.1254,0.0057477,22.453
0.39937,0.0056642,0,7.6387,3.6862,-0.0069043,20.626
0.39937,0.0056642,0,7.6387,3.6862,-0.0069043,20.626
0.39937,0.0056642,0,7.6387,3.6862,-0.0069043,20.626
0.58347,0.0058805,0,6.522,-0.91439,0.0014322,-6.6593
0.59185,0.0057583,0,7.0357,-1.1672,0.0010957,-2.0863
0.59185,0.0057583,0,7.0357,-1.1672,0.0010957,-2.0863
0.60013,0.0052934,0,6.9821,-0.98747,0.00081829,3.0054
0.60013,0.0052934,0,6.9821,-0.98747,0.00081829,3.0054
0.60013,0.0052934,0,6.9821,-0.98747,0.00081829,3.0054
0.60013,0.0052934,0,6.9821,-0.98747,0.00081829,3.0054
0.60833,0.0049997,0,7.157,-0.66307,0.00062872,4.8642
0.60833,0.0049997,0,7.157,-0.66307,0.00062872,4.8642
0.60833,0.0049997,0,7.157,-0.66307,0.00062872,4.8642
0.60833,0.0049997,0,7.157,-0.66307,0.00062872,4.8642
0.61667,0.005001,0,7.5125,-0.49877,0.00061754,4.2597
0.61667,0.005001,0,7.5125,-0.49877,0.00061754,4.2597
0.61667,0.005001,0,7.5125,-0.49877,0.00061754,4.2597
0.625,0.0050006,0,7.7205,-0.37487,0.00052686,3.6996
0.625,0.0050006,0,7.7205,-0.37487,0.00052686,3.6996
0.625,0.0050006,0,7.7205,-0.37487,0.00052686,3.6996
0.66818,0.005,0,8.5022,-0.16319,0.00033235,1.7686
0.67915,0.005,0,8.5968,-0.14178,0.00031935,1.5514
0.675,0.005,0,8.5647,-0.14895,0.00032343,1.6232
0.69166,0.005,0,8.6843,-0.12248,0.0003089,1.3631
0.69167,0.005,0,8.6844,-0.12247,0.00030889,1.363
0.70556,0.005,0,8.7603,-0.10622,0.00030084,1.2152
0.7,0.005,0,8.7323,-0.11214,0.00030376,1.2681
0.71667,0.005,0,8.8118,-0.095582,0.00029545,1.1216
0.71667,0.005,0,8.8118,-0.095582,0.00029545,1.1216
0.725,0.005,0,8.8455,-0.088895,0.00029177,1.0639
0.73333,0.005,0,8.8761,-0.083046,0.00028823,1.0136
0.74167,0.005,0,8.9042,-0.077909,0.00028478,0.96893
0.74167,0.005,0,8.9042,-0.077909,0.00028478,0.96893
0.75833,0.005,0,8.9543,-0.069385,0.00027809,0.89175
0.75833,0.005,0,8.9543,-0.069385,0.00027809,0.89175
0.76667,0.005,0,8.977,-0.06584,0.00027487,0.85735
0.76667,0.005,0,8.977,-0.06584,0.00027487,0.85735
0.78333,0.005,0,9.019,-0.059883,0.00026887,0.79372
0.78333,0.005,0,9.019,-0.059883,0.00026887,0.79372
0.79444,0.005,0,9.0449,-0.056629,0.00026461,0.75381
0.79167,0.005,0,9.0386,-0.057377,0.00026571,0.76361
0.80833,0.005,0,9.0756,-0.053122,0.00025908,0.70526
0.80833,0.01,0,9.8975,-0.052938,0.0001573,0.69778
0.80833,0.005,0,9.0756,-0.053122,0.00025908,0.70526
0.82083,0.005,0,9.1018,-0.050497,0.00025403,0.66228
0.81667,0.005,0,9.0932,-0.051312,0.00025572,0.67657
0.83333,0.005,0,9.127,-0.048209,0.00024894,0.61941
0.84583,0.005,0,9.1513,-0.04627,0.00024372,0.57632
0.84167,0.005,0,9.1433,-0.046875,0.00024549,0.59073
0.85556,0.005,0,9.1697,-0.044931,0.00023952,0.54257
0.85833,0.005,0,9.1749,-0.044564,0.0002383,0.53289
0.87167,0.005,0,9.1994,-0.043012,0.00023229,0.48593
0.86667,0.005,0,9.1903,-0.043561,0.00023457,0.50364
0.88056,0.005,0,9.2153,-0.042087,0.00022821,0.45426
0.88333,0.005,0,9.2203,-0.041808,0.00022692,0.44433
0.89667,0.005,0,9.2436,-0.040617,0.00022074,0.39601
0.89167,0.005,0,9.2349,-0.04104,0.00022306,0.41424
0.90556,0.005,0,9.2589,-0.039902,0.00021666,0.36339
0.91042,0.005,0,9.2672,-0.039537,0.00021445,0.3454
0.90833,0.005,0,9.2636,-0.039686,0.00021539,0.35315
0.92976,0.005,0,9.2994,-0.038246,0.00020596,0.27271
0.93583,0.005,0,9.3094,-0.037887,0.00020341,0.24954
0.93333,0.005,0,9.3053,-0.038028,0.00020444,0.25914
0.95,0.005,0,9.3323,-0.037128,0.0001977,0.19477
0.96096,0.005,0,9.3498,-0.036622,0.00019354,0.15154
0.95833,0.005,0,9.3456,-0.036727,0.00019451,0.16207
0.97615,0.005,0,9.3737,-0.036043,0.00018805,0.090509
0.98742,0.005,0,9.3916,-0.035857,0.00018386,0.046431
0.98333,0.005,0,9.3842,-0.036048,0.00018545,0.059599
0,0.01,0,10,0,0,7.1961
0.0083136,0.0099996,0,10,-0.00023723,-2.1912e-08,7.194
0.016627,0.0099992,0,10.001,-0.00046491,-4.3875e-08,7.1867
0.024941,0.0099988,0,10.002,-0.00067295,-5.8625e-08,7.1735
0.033255,0.0099984,0,10.004,-0.0008527,-7.2125e-08,7.1551
0.041568,0.009998,0,10.007,-0.00099873,-8.525e-08,7.1322
0.049882,0.0099976,0,10.009,-0.0011084,-9.8375e-08,7.1056
0.058195,0.0099971,0,10.012,-0.0011808,-1.1163e-07,7.0755
0.069853,0.0099966,0,10.017,-0.0012147,-1.3133e-07,7.028
0.066509,0.0099967,0,10.015,-0.0012158,-1.255e-07,7.0424
0.079338,0.0099961,0,10.021,-0.0011915,-1.4842e-07,6.9861
0.083136,0.0099959,0,10.023,-0.0011733,-1.555e-07,6.9688
0.096047,0.0099953,0,10.029,-0.0010317,-1.8273e-07,6.9063
0.09145,0.0099955,0,10.027,-0.0010957,-1.725e-07,6.9291
0.10314,0.0099949,0,10.033,-0.00091683,-1.9933e-07,6.8706
0.10808,0.0099947,0,10.035,-0.00082454,-2.115e-07,6.8453
0.11639,0.0099943,0,10.039,-0.00062732,-2.3438e-07,6.8017
0.1247,0.0099939,0,10.044,-0.00038515,-2.6e-07,6.7572
0.13302,0.0099935,0,10.048,-9.3969e-05,-2.8875e-07,6.712
0.14133,0.0099931,0,10.053,0.00025141,-3.2125e-07,6.6662
0.14965,0.0099926,0,10.057,0.00065747,-3.5825e-07,6.6201
0.15796,0.0099922,0,10.062,0.0011322,-4e-07,6.5738
0.16627,0.0099918,0,10.067,0.0016849,-4.4725e-07,6.5275
0.17459,0.0099914,0,10.071,0.0023273,-5.0088e-07,6.4814
0.1829,0.009991,0,10.076,0.003073,-5.62e-07,6.4356
0.19121,0.0099906,0,10.08,0.0039385,-6.315e-07,6.3904
0.19953,0.0099902,0,10.085,0.0049439,-7.1111e-07,6.346
0.20785,0.00999,0,10.089,0.0061148,-8.0211e-07,6.3029
0.21618,0.0099899,0,10.093,0.0074808,-9.0675e-07,6.2615
0.22451,0.0099899,0,10.097,0.0090772,-1.027e-06,6.2224
0.23284,0.0099899,0,10.101,0.010948,-1.1661e-06,6.1864
0.24117,0.0099898,0,10.104,0.013149,-1.3266e-06,6.1543
0.2495,0.0099897,0,10.106,0.015749,-1.5138e-06,6.1276
0.25784,0.0099897,0,10.108,0.018834,-1.7311e-06,6.1078
0.26616,0.0099896,0,10.109,0.022516,-1.9864e-06,6.097
0.27449,0.0099895,0,10.109,0.026938,-2.2843e-06,6.0982
0.28282,0.0099894,0,10.107,0.032287,-2.6356e-06,6.1151
0.29115,0.0099893,0,10.103,0.038811,-3.0433e-06,6.1527
0.29947,0.0099891,0,10.097,0.046844,-3.5157e-06,6.2177
0.3078,0.0099889,0,10.086,0.056852,-4.0399e-06,6.3191
0.31612,0.0099887,0,10.071,0.069496,-4.576e-06,6.4694
0.32444,0.0099884,0,10.049,0.085749,-5.0196e-06,6.6858
0.33276,0.009988,0,10.017,0.10712,-5.0033e-06,6.9924
0.34107,0.0099876,0,9.9726,0.13601,-4.0167e-06,7.4237
0.35136,0.0099904,0,9.8878,0.19098,3.2943e-06,8.234
0.34938,0.0099879,0,9.9094,0.1766,6.2473e-07,8.0301
0.35769,0.013029,0,9.852,0.27326,1.5211e-05,8.5661
0.37429,0.010175,0,9.5029,0.50058,0.00017308,11.753
0.37429,0.010175,0,9.5029,0.50058,0.00017308,11.753
0.37429,0.010175,0,9.5029,0.50058,0.00017308,11.753
0.38262,0.0103,0,9.2409,0.81258,0.00045151,13.99
0.38262,0.0103,0,9.2409,0.81258,0.00045151,13.99
0.38262,0.0103,0,9.2409,0.81258,0.00045151,13.99
0.39102,0.010519,0,8.9496,1.5071,0.0011853,16.13
0.39102,0.010519,0,8.9496,1.5071,0.0011853,16.13
0.39102,0.010519,0,8.9496,1.5071,0.0011853,16.13
0.39102,0.010519,0,8.9496,1.5071,0.0011853,16.13
0.39102,0.010519,0,8.9496,1.5071,0.0011853,16.13
0.39102,0.010519,0,8.9496,1.5071,0.0011853,16.13
0.39953,0.01074,0,9.2596,2.8533,0.0015914,10.204
0.39953,0.01074,0,9.2596,2.8533,0.0015914,10.204
0.40805,0.010834,0,10.95,3.3845,-0.0056083,-10.206
0.40805,0.010834,0,10.95,3.3845,-0.0056083,-10.206
0.40805,0.010834,0,10.95,3.3845,-0.0056083,-10.206
0.40805,0.010834,0,10.95,3.3845,-0.0056083,-10.206
0.41665,0.010274,0,11.382,2.5444,0.0036824,-21.689
0.41648,0.010862,0,11.635,2.59,8.926e-06,-21.095
0.53334,0.010762,0,7.1812,-0.59179,0.0021552,-13.873
0.53411,0.010695,0,7.2458,-0.60983,0.0021419,-13.647
0.54174,0.010788,0,8.0034,-0.70599,0.0019364,-12.459
0.54161,0.010309,0,7.4059,-0.66324,0.0019764,-12.505
0.5414,0.010774,0,7.9583,-0.70086,0.0019521,-12.55
0.55009,0.010888,0,8.7933,-0.81309,0.0016148,-11.4
0.55843,0.010865,0,9.2377,-0.89173,0.0012806,-10.022
0.55843,0.010865,0,9.2377,-0.89173,0.0012806,-10.022
0.55843,0.010865,0,9.2377,-0.89173,0.0012806,-10.022
0.56676,0.010859,0,9.593,-0.96387,0.00096166,-8.6965
0.5681,0.010856,0,9.6415,-0.9764,0.00091818,-8.4976
0.56676,0.010859,0,9.593,-0.96387,0.00096166,-8.6965
0.56676,0.010859,0,9.593,-0.96387,0.00096166,-8.6965
0.56676,0.010859,0,9.593,-0.96387,0.00096166,-8.6965
0.56676,0.010859,0,9.593,-0.96387,0.00096166,-8.6965
0.56676,0.010859,0,9.593,-0.96387,0.00096166,-8.6965
0.5751,0.010829,0,9.8575,-1.0426,0.00070511,-7.3493
0.5751,0.010829,0,9.8575,-1.0426,0.00070511,-7.3493
0.5751,0.010829,0,9.8575,-1.0426,0.00070511,-7.3493
0.5751,0.010829,0,9.8575,-1.0426,0.00070511,-7.3493
0.58346,0.010797,0,10.014,-1.1617,0.00048012,-5.5669
0.59184,0.010725,0,9.9331,-1.2172,0.00027042,-2.153
0.59184,0.010725,0,9.9331,-1.2172,0.00027042,-2.153
0.60304,0.010171,0,9.621,-0.95225,9.2874e-05,2.4569
0.60019,0.0093484,0,9.3602,-1.0844,0.00035427,1.7325
0.60025,0.010599,0,9.7391,-1.0514,8.9178e-05,1.5812
0.60025,0.010599,0,9.7391,-1.0514,8.9178e-05,1.5812
0.60025,0.010599,0,9.7391,-1.0514,8.9178e-05,1.5812
0.60025,0.010599,0,9.7391,-1.0514,8.9178e-05,1.5812
0.60833,0.0099999,0,9.5693,-0.78052,1.5466e-05,3.5438
0.60833,0.0099999,0,9.5693,-0.78052,1.5466e-05,3.5438
0.61667,0.01,0,9.6221,-0.59317,-6.6247e-05,3.4982
0.61667,0.01,0,9.6221,-0.59317,-6.6247e-05,3.4982
0.61667,0.01,0,9.6221,-0.59317,-6.6247e-05,3.4982
0.625,0.01,0,9.5917,-0.46077,3.0364e-05,3.0986
0.625,0.01,0,9.5917,-0.46077,3.0364e-05,3.0986
0.625,0.01,0,9.5917,-0.46077,3.0364e-05,3.0986
0.6671,0.01,0,9.8567,-0.18439,5.1859e-05,1.6646
0.66667,0.01487,0,10.402,-0.18797,-2.9508e-05,1.5107
0.67918,0.01,0,9.8826,-0.15353,6.6456e-05,1.4576
0.675,0.01,0,9.8754,-0.16275,6.1624e-05,1.5203
0.69166,0.01,0,9.8998,-0.12929,8.0209e-05,1.2938
0.69167,0.01,0,9.8998,-0.12928,8.0214e-05,1.2937
0.70556,0.01,0,9.9095,-0.10973,9.3583e-05,1.1635
0.7,0.01,0,9.9066,-0.11674,8.8499e-05,1.2102
0.71667,0.01,0,9.9134,-0.097338,0.00010315,1.0805
0.71667,0.01,0,9.9134,-0.097337,0.00010315,1.0805
0.725,0.01,0,9.9144,-0.08978,0.00010965,1.029
0.73333,0.01,0,9.9143,-0.083317,0.0001157,0.98386
0.74167,0.01,0,9.9135,-0.077762,0.00012138,0.94359
0.74167,0.01,0,9.9135,-0.077762,0.00012138,0.94359
0.75833,0.01,0,9.9103,-0.068821,0.00013184,0.87317
0.75833,0.01,0,9.9103,-0.068821,0.00013184,0.87317
0.76667,0.01,0,9.9082,-0.065216,0.00013672,0.8414
0.76667,0.01,0,9.9082,-0.065216,0.00013672,0.8414
0.78333,0.01,0,9.9038,-0.059329,0.00014595,0.78195
0.78333,0.01,0,9.9038,-0.059329,0.00014595,0.78195
0.79444,0.01,0,9.9009,-0.056216,0.00015141,0.74417
0.79167,0.01,0,9.9016,-0.056921,0.00015016,0.7535
0.80833,0.01,0,9.8975,-0.052938,0.0001573,0.69778
0.82083,0.01,0,9.8948,-0.050557,0.00016179,0.65629
0.81667,0.01,0,9.8957,-0.051288,0.00016038,0.67013
0.83333,0.01,0,9.8926,-0.048526,0.00016576,0.61464
0.84583,0.01,0,9.8909,-0.046848,0.00016904,0.57251
0.84167,0.01,0,9.8914,-0.047367,0.00016805,0.58663
0.85556,0.01,0,9.8899,-0.04571,0.00017116,0.53937
0.85833,0.01,0,9.8897,-0.0454,0.00017172,0.52987
0.87167,0.01,0,9.8891,-0.044109,0.00017367,0.48356
0.86667,0.01,0,9.8892,-0.044562,0.00017306,0.50105
0.88056,0.01,0,9.889,-0.04335,0.00017454,0.45227
0.88333,0.01,0,9.889,-0.043122,0.00017477,0.44244
0.89667,0.01,0,9.8896,-0.042161,0.00017526,0.39455
0.89167,0.01,0,9.8893,-0.042501,0.00017517,0.41264
0.90556,0.01,0,9.8902,-0.04159,0.00017525,0.36217
0.91042,0.01,0,9.8907,-0.041299,0.00017515,0.3443
0.90833,0.01,0,9.8905,-0.041417,0.00017522,0.35201
0.92976,0.01,0,9.8934,-0.040283,0.00017415,0.27201
0.93583,0.01,0,9.8945,-0.040003,0.0001737,0.24895
0.93333,0.01,0,9.894,-0.040112,0.0001739,0.2585
0.95,0.01,0,9.8975,-0.039416,0.00017245,0.19443
0.96029,0.01,0,9.9001,-0.039056,0.00017133,0.1541
0.95833,0.01,0,9.8995,-0.039112,0.00017159,0.16187
0.975,0.01,0,9.9042,-0.038622,0.00016876,0.095806
0.98742,0.01,0,9.9081,-0.038559,0.00017064,0.047308
0.98333,0.01,0,9.9066,-0.038705,0.00016942,0.061857
0,0.015,0,10,0,0,7.198
0.0083136,0.015,0,10,-0.0004052,-2.19e-08,7.1959
0.016627,0.014999,0,10.001,-0.00079628,-4.3875e-08,7.1885
0.024941,0.014999,0,10.002,-0.0011584,-5.8625e-08,7.1751
0.033255,0.014998,0,10.004,-0.0014792,-7.2125e-08,7.1564
0.041568,0.014998,0,10.007,-0.0017514,-8.525e-08,7.1334
0.049882,0.014997,0,10.009,-0.001972,-9.8375e-08,7.1064
0.058195,0.014997,0,10.012,-0.0021408,-1.115e-07,7.0761
0.069851,0.014997,0,10.017,-0.0022861,-1.3113e-07,7.0283
0.066509,0.014997,0,10.016,-0.0022587,-1.2525e-07,7.0427
0.07934,0.014996,0,10.021,-0.0023377,-1.483e-07,6.9861
0.083136,0.014996,0,10.023,-0.0023468,-1.5537e-07,6.9687
0.096045,0.014995,0,10.029,-0.0022786,-1.8248e-07,6.9057
0.09145,0.017626,0,10.027,-0.0029722,-1.7218e-07,6.9286
0.09145,0.014996,0,10.027,-0.0023195,-1.7225e-07,6.9287
0.10314,0.014995,0,10.033,-0.0021962,-1.9913e-07,6.8698
0.099763,0.017125,0,10.031,-0.0027918,-1.9064e-07,6.887
0.10808,0.014995,0,10.035,-0.0021242,-2.1137e-07,6.8443
0.11639,0.018342,0,10.04,-0.0028552,-2.3438e-07,6.7997
0.11639,0.014994,0,10.04,-0.0019543,-2.3438e-07,6.8004
0.1247,0.014994,0,10.044,-0.0017332,-2.6e-07,6.7556
0.13302,0.014993,0,10.049,-0.0014572,-2.8875e-07,6.7101
0.14133,0.014993,0,10.053,-0.0011211,-3.2138e-07,6.664
0.14965,0.014993,0,10.058,-0.0007179,-3.5825e-07,6.6175
0.15796,0.014992,0,10.063,-0.00023942,-3.9988e-07,6.5707
0.16627,0.014992,0,10.067,0.00032487,-4.47e-07,6.5239
0.17459,0.014991,0,10.072,0.00098791,-5.0038e-07,6.4771
0.1829,0.014991,0,10.077,0.0017653,-5.6112e-07,6.4306
0.19121,0.014991,0,10.081,0.0026764,-6.3013e-07,6.3845
0.19953,0.01499,0,10.086,0.0037449,-7.0886e-07,6.3392
0.20785,0.01499,0,10.09,0.0050012,-7.9849e-07,6.295
0.21618,0.01499,0,10.094,0.0064812,-9.0112e-07,6.2522
0.22452,0.01499,0,10.098,0.0082287,-1.0186e-06,6.2114
0.23285,0.01499,0,10.102,0.010299,-1.1533e-06,6.1734
0.24118,0.01499,0,10.105,0.012761,-1.3076e-06,6.1389
0.24951,0.01499,0,10.108,0.015704,-1.4856e-06,6.1092
0.25784,0.01499,0,10.111,0.019242,-1.6904e-06,6.0858
0.26617,0.01499,0,10.112,0.023518,-1.9265e-06,6.0705
0.2745,0.01499,0,10.112,0.028722,-2.1981e-06,6.066
0.28283,0.01499,0,10.111,0.035103,-2.509e-06,6.0756
0.29116,0.014989,0,10.108,0.042994,-2.8607e-06,6.1039
0.29948,0.014989,0,10.103,0.052844,-3.2443e-06,6.1567
0.30781,0.014989,0,10.094,0.065283,-3.6399e-06,6.2421
0.31613,0.014989,0,10.081,0.081202,-3.9669e-06,6.3705
0.32445,0.014989,0,10.062,0.10191,-4.0879e-06,6.5563
0.33277,0.014988,0,10.035,0.12941,-3.547e-06,6.8187
0.34108,0.014989,0,9.9972,0.16686,-1.6996e-06,7.1833
0.34939,0.014999,0,9.945,0.21967,4.0752e-06,7.6826
0.35968,0.015076,0,9.8516,0.32616,2.5867e-05,8.5621
0.3577,0.01505,0,9.874,0.29759,1.7488e-05,8.3543
0.37434,0.015248,0,9.6622,0.61442,0.00013382,10.286
0.37434,0.015248,0,9.6622,0.61442,0.00013382,10.286
0.37434,0.015248,0,9.6622,0.61442,0.00013382,10.286
0.38269,0.01539,0,9.5372,0.94531,0.00028946,11.209
0.38269,0.01539,0,9.5372,0.94531,0.00028946,11.209
0.38269,0.01539,0,9.5372,0.94531,0.00028946,11.209
0.38269,0.01539,0,9.5372,0.94531,0.00028946,11.209
0.39111,0.015579,0,9.4915,1.5194,0.00051282,11.237
0.39111,0.015579,0,9.4915,1.5194,0.00051282,11.237
0.39961,0.015738,0,9.9303,2.332,0.00064053,5.4821
0.39961,0.015738,0,9.9303,2.332,0.00064053,5.4821
0.39961,0.015738,0,9.9303,2.332,0.00064053,5.4821
0.39961,0.015738,0,9.9303,2.332,0.00064053,5.4821
0.40806,0.01582,0,10.953,2.622,0.0013219,-6.5692
0.40976,0.015831,0,11.162,2.6046,0.0012143,-8.9493
0.40806,0.01582,0,10.953,2.622,0.0013219,-6.5692
0.40806,0.01582,0,10.953,2.622,0.0013219,-6.5692
0.41648,0.015863,0,11.799,2.3117,-0.00037072,-15.799
0.42487,0.015876,0,12.227,1.8148,-0.0030431,-20.514
0.42487,0.015876,0,12.227,1.8148,-0.0030431,-20.514
0.42487,0.015876,0,12.227,1.8148,-0.0030431,-20.514
0.42487,0.015876,0,12.227,1.8148,-0.0030431,-20.514
0.43304,0.015875,0,12.367,1.3523,-0.003413,-22.658
0.43324,0.016277,0,12.378,1.3375,-0.003174,-22.437
0.43371,0.015876,0,12.371,1.3178,-0.0034019,-22.776
0.43324,0.015874,0,12.369,1.3414,-0.0034105,-22.694
0.43324,0.015874,0,12.369,1.3414,-0.0034105,-22.694
0.43324,0.015874,0,12.369,1.3414,-0.0034105,-22.694
0.43324,0.015874,0,12.369,1.3414,-0.0034105,-22.694
0.44161,0.015873,0,12.329,0.93827,-0.0022736,-23.466
0.44151,0.015872,0,12.33,0.94231,-0.0022831,-23.464
0.44161,0.015873,0,12.329,0.93827,-0.0022736,-23.466
0.44161,0.015873,0,12.329,0.93827,-0.0022736,-23.466
0.44997,0.015801,0,12.122,0.59513,-0.000736,-23.531
0.44997,0.015801,0,12.122,0.59513,-0.000736,-23.531
0.44997,0.015801,0,12.122,0.59513,-0.000736,-23.531
0.45832,0.01586,0,11.918,0.32049,7.1581e-06,-23.08
0.45859,0.015862,0,11.911,0.31247,2.6052e-05,-23.059
0.46667,0.015899,0,11.702,0.095635,0.00047796,-22.356
0.47502,0.015861,0,11.492,-0.089058,0.00078906,-21.484
0.48336,0.015158,0,10.753,-0.2491,0.001948,-20.601
0.48336,0.015788,0,11.288,-0.24397,0.00097355,-20.472
0.48336,0.015788,0,11.288,-0.24397,0.00097355,-20.472
0.48336,0.015788,0,11.288,-0.24397,0.00097355,-20.472
0.49171,0.015918,0,11.337,-0.36922,0.00063409,-19.379
0.49171,0.015918,0,11.337,-0.36922,0.00063409,-19.379
0.49171,0.015918,0,11.337,-0.36922,0.00063409,-19.379
0.50005,0.015869,0,11.295,-0.47856,0.00048377,-18.221
0.50005,0.015869,0,11.295,-0.47856,0.00048377,-18.221
0.50005,0.015869,0,11.295,-0.47856,0.00048377,-18.221
0.50839,0.015863,0,11.306,-0.58232,0.00023021,-17.033
0.50839,0.015863,0,11.306,-0.58232,0.00023021,-17.033
0.50839,0.015863,0,11.306,-0.58232,0.00023021,-17.033
0.50839,0.015863,0,11.306,-0.58232,0.00023021,-17.033
0.51673,0.015883,0,11.313,-0.66398,3.5617e-05,-15.91
0.51673,0.015883,0,11.313,-0.66398,3.5617e-05,-15.91
0.51673,0.015883,0,11.313,-0.66398,3.5617e-05,-15.91
0.51673,0.015883,0,11.313,-0.66398,3.5617e-05,-15.91
0.52507,0.015877,0,11.328,-0.73647,-0.00015437,-14.7
0.52507,0.015877,0,11.328,-0.73647,-0.00015437,-14.7
0.52507,0.015877,0,11.328,-0.73647,-0.00015437,-14.7
0.52507,0.015877,0,11.328,-0.73647,-0.00015437,-14.7
0.53341,0.015876,0,11.33,-0.8027,-0.00029069,-13.474
0.54175,0.015864,0,11.313,-0.85984,-0.00038909,-12.227
0.55009,0.01585,0,11.283,-0.91114,-0.00045322,-10.972
0.55842,0.01583,0,11.221,-0.95771,-0.00046214,-9.6874
0.55842,0.01583,0,11.221,-0.95771,-0.00046214,-9.6874
0.55842,0.01583,0,11.221,-0.95771,-0.00046214,-9.6874
0.56676,0.015806,0,11.158,-1.0022,-0.00047822,-8.3473
0.56676,0.015806,0,11.158,-1.0022,-0.00047822,-8.3473
0.56676,0.015806,0,11.158,-1.0022,-0.00047822,-8.3473
0.57509,0.015775,0,11.067,-1.0488,-0.0004635,-6.8739
0.57509,0.015775,0,11.067,-1.0488,-0.0004635,-6.8739
0.57509,0.015775,0,11.067,-1.0488,-0.0004635,-6.8739
0.57509,0.015775,0,11.067,-1.0488,-0.0004635,-6.8739
0.58345,0.015733,0,10.918,-1.0971,-0.00043461,-5.0034
0.58345,0.015733,0,10.918,-1.0971,-0.00043461,-5.0034
0.58345,0.015733,0,10.918,-1.0971,-0.00043461,-5.0034
0.58345,0.015733,0,10.918,-1.0971,-0.00043461,-5.0034
0.59181,0.015679,0,10.713,-1.0855,-0.00042027,-2.3505
0.59181,0.015679,0,10.713,-1.0855,-0.00042027,-2.3505
0.59181,0.015679,0,10.713,-1.0855,-0.00042027,-2.3505
0.59181,0.015679,0,10.713,-1.0855,-0.00042027,-2.3505
0.60023,0.015581,0,10.503,-0.96251,-0.00036076,0.30797
0.60409,0.01513,0,10.414,-0.87844,-0.00034762,1.3004
0.60833,0.015,0,10.353,-0.77469,-0.00031405,2.0931
0.60833,0.015,0,10.353,-0.77469,-0.00031405,2.0931
0.61667,0.015,0,10.318,-0.60069,-0.00022523,2.5428
0.61667,0.015,0,10.318,-0.60069,-0.00022523,2.5428
0.61667,0.015,0,10.318,-0.60069,-0.00022523,2.5428
0.61667,0.015,0,10.318,-0.60069,-0.00022523,2.5428
0.625,0.015,0,10.312,-0.47663,-0.00015834,2.4166
0.625,0.015,0,10.312,-0.47663,-0.00015834,2.4166
0.625,0.015,0,10.312,-0.47663,-0.00015834,2.4166
0.65,0.016315,0,10.424,-0.26027,-6.5672e-05,1.7427
0.66666,0.015,0,10.417,-0.18807,-3.1696e-05,1.5065
0.66667,0.015,0,10.417,-0.18803,-3.1673e-05,1.5063
0.67918,0.015,0,10.429,-0.15327,-1.0829e-05,1.3378
0.675,0.015,0,10.426,-0.16327,-1.7063e-05,1.3877
0.69166,0.015,0,10.437,-0.12704,6.0938e-06,1.2057
0.69167,0.015,0,10.437,-0.12704,6.0964e-06,1.2057
0.70556,0.015,0,10.44,-0.10605,2.098e-05,1.0982
0.7,0.015,0,10.439,-0.11355,1.5457e-05,1.137
0.71667,0.015,0,10.44,-0.092831,3.1195e-05,1.0288
0.71667,0.015,0,10.44,-0.092831,3.1195e-05,1.0288
0.725,0.015,0,10.439,-0.084825,3.8e-05,0.98521
0.73333,0.015,0,10.437,-0.078019,4.4306e-05,0.94658
0.74167,0.015,0,10.434,-0.072208,5.0239e-05,0.91173
0.74167,0.015,0,10.434,-0.072208,5.0239e-05,0.91173
0.75833,0.015,0,10.428,-0.062953,6.1307e-05,0.84971
0.75833,0.015,0,10.428,-0.062953,6.1307e-05,0.84971
0.76667,0.015,0,10.425,-0.05927,6.658e-05,0.82121
0.76667,0.015,0,10.425,-0.05927,6.658e-05,0.82121
0.78333,0.015,0,10.417,-0.053343,7.6726e-05,0.76693
0.78333,0.015,0,10.417,-0.053343,7.6726e-05,0.76693
0.79444,0.015,0,10.412,-0.050271,8.3114e-05,0.73178
0.79167,0.015,0,10.413,-0.05096,8.1592e-05,0.74052
0.80833,0.015,0,10.405,-0.047094,9.0485e-05,0.68808
0.82083,0.015,0,10.399,-0.044848,9.6622e-05,0.64848
0.81667,0.015,0,10.401,-0.04553,9.4627e-05,0.66175
0.83333,0.015,0,10.393,-0.04298,0.00010245,0.60839
0.84583,0.015,0,10.388,-0.041491,0.00010779,0.56749
0.84167,0.015,0,10.39,-0.041943,0.00010608,0.58124
0.85556,0.015,0,10.383,-0.040511,0.0001116,0.53517
0.85833,0.02,0,10.58,-0.036797,8.4546e-05,0.52093
0.85833,0.015,0,10.382,-0.040247,0.00011265,0.52588
0.87167,0.015,0,10.377,-0.03919,0.0001171,0.48044
0.86667,0.015,0,10.379,-0.039554,0.00011554,0.49762
0.88056,0.015,0,10.373,-0.038593,0.00011967,0.44962
0.88333,0.015,0,10.372,-0.038415,0.00012044,0.43994
0.89667,0.015,0,10.367,-0.037702,0.00012351,0.39262
0.89167,0.015,0,10.369,-0.037948,0.00012246,0.41051
0.90556,0.015,0,10.364,-0.037298,0.0001252,0.36057
0.91042,0.015,0,10.362,-0.037099,0.00012601,0.34286
0.90833,0.015,0,10.363,-0.037178,0.0001257,0.3505
0.92976,0.015,0,10.356,-0.036448,0.00012853,0.27111
0.93583,0.015,0,10.355,-0.036282,0.00012914,0.24819
0.93333,0.015,0,10.355,-0.036345,0.00012892,0.25769
0.95,0.015,0,10.351,-0.03596,0.00013029,0.19401
0.96096,0.015,0,10.348,-0.035781,0.00013088,0.15132
0.95833,0.015,0,10.349,-0.035813,0.0001308,0.16165
0.975,0.015,0,10.345,-0.035631,0.00013094,0.096195
0.98742,0.015,0,10.343,-0.035655,0.00013362,0.048001
0.98333,0.015,0,10.344,-0.035696,0.00013233,0.063443
0,0.02,0,10,0,0,7.201
0.0083136,0.02,0,10,-0.00057875,-2.1888e-08,7.1988
0.016627,0.019999,0,10.001,-0.0011382,-4.375e-08,7.1913
0.024941,0.019999,0,10.002,-0.0016584,-5.8375e-08,7.1776
0.033255,0.019998,0,10.004,-0.0021227,-7.2e-08,7.1586
0.041568,0.019998,0,10.007,-0.0025221,-8.5125e-08,7.1352
0.049882,0.019997,0,10.009,-0.0028539,-9.8125e-08,7.1079
0.058195,0.019997,0,10.012,-0.003119,-1.1137e-07,7.0772
0.069849,0.019997,0,10.017,-0.0033752,-1.31e-07,7.0289
0.066509,0.019997,0,10.016,-0.0033195,-1.2512e-07,7.0435
0.079343,0.019996,0,10.022,-0.0035012,-1.4824e-07,6.9863
0.087311,0.019996,0,10.025,-0.0035488,-1.6379e-07,6.9486
0.083136,0.019996,0,10.023,-0.0035374,-1.5538e-07,6.9688
0.095211,0.019995,0,10.029,-0.0035456,-1.8044e-07,6.9096
0.09145,0.022367,0,10.027,-0.0041579,-1.7201e-07,6.9286
0.099764,0.022862,0,10.032,-0.0042746,-1.9043e-07,6.8865
0.099764,0.019995,0,10.031,-0.0035279,-1.905e-07,6.8867
0.1135,0.019994,0,10.039,-0.0033491,-2.2634e-07,6.8147
0.10808,0.019995,0,10.036,-0.0034415,-2.1125e-07,6.8435
0.11901,0.019994,0,10.042,-0.0032373,-2.4246e-07,6.7851
0.11639,0.021649,0,10.04,-0.0037521,-2.3433e-07,6.799
0.1247,0.019994,0,10.045,-0.0031015,-2.6e-07,6.7542
0.13302,0.019993,0,10.049,-0.0028424,-2.8888e-07,6.7083
0.14133,0.019993,0,10.054,-0.0025176,-3.2162e-07,6.6618
0.14965,0.019993,0,10.059,-0.0021203,-3.5825e-07,6.6148
0.15796,0.019992,0,10.063,-0.0016417,-3.9987e-07,6.5676
0.16627,0.019992,0,10.068,-0.0010705,-4.4713e-07,6.5201
0.17459,0.019991,0,10.073,-0.00039258,-5.0037e-07,6.4727
0.1829,0.019991,0,10.077,0.00040964,-5.6075e-07,6.4254
0.19121,0.019991,0,10.082,0.0013577,-6.2912e-07,6.3784
0.19953,0.01999,0,10.087,0.0024789,-7.0698e-07,6.332
0.20786,0.01999,0,10.091,0.0038077,-7.9562e-07,6.2865
0.21619,0.01999,0,10.096,0.0053851,-8.9662e-07,6.2421
0.22452,0.01999,0,10.1,0.0072628,-1.0115e-06,6.1994
0.23285,0.01999,0,10.104,0.0095064,-1.1421e-06,6.1591
0.24118,0.01999,0,10.107,0.012198,-1.2907e-06,6.1218
0.24951,0.01999,0,10.111,0.015444,-1.4601e-06,6.0886
0.25785,0.01999,0,10.113,0.01938,-1.6527e-06,6.0608
0.26618,0.01999,0,10.115,0.024181,-1.8709e-06,6.04
0.27451,0.01999,0,10.116,0.030076,-2.1169e-06,6.0286
0.28284,0.01999,0,10.116,0.037367,-2.3903e-06,6.0293
0.29116,0.01999,0,10.114,0.046457,-2.6885e-06,6.0461
0.29949,0.019989,0,10.111,0.057893,-2.993e-06,6.0839
0.30782,0.019989,0,10.104,0.072433,-3.2728e-06,6.1491
0.31614,0.019989,0,10.093,0.091138,-3.4314e-06,6.2502
0.32446,0.019989,0,10.078,0.11556,-3.2996e-06,6.3979
0.33278,0.019989,0,10.057,0.14798,-2.431e-06,6.6056
0.3411,0.019999,0,10.027,0.19203,-9.1423e-08,6.8883
0.34941,0.020047,0,9.9884,0.25362,5.7385e-06,7.2601
0.36538,0.020206,0,9.8845,0.46262,4.2759e-05,8.2261
0.35774,0.020143,0,9.9387,0.34229,1.8261e-05,7.728
0.36606,0.020768,0,9.8907,0.4764,4.4138e-05,8.1637
0.37445,0.023684,0,9.9178,0.6838,8.6046e-05,7.8356
0.37439,0.020305,0,9.821,0.67245,0.0001025,8.7723
0.38278,0.020462,0,9.798,0.98298,0.00021827,8.8902
0.38278,0.020462,0,9.798,0.98298,0.00021827,8.8902
0.38278,0.020462,0,9.798,0.98298,0.00021827,8.8902
0.38278,0.020462,0,9.798,0.98298,0.00021827,8.8902
0.38278,0.020462,0,9.798,0.98298,0.00021827,8.8902
0.39116,0.02057,0,9.8777,1.4221,0.00032358,7.6641
0.39116,0.02057,0,9.8777,1.4221,0.00032358,7.6641
0.39116,0.02057,0,9.8777,1.4221,0.00032358,7.6641
0.39969,0.02073,0,10.258,1.9105,0.00030908,2.9661
0.40809,0.020777,0,10.959,2.1121,0.00039879,-5.1858
0.40952,0.020785,0,11.08,2.0961,0.00043608,-6.5357
0.40809,0.020777,0,10.959,2.1121,0.00039879,-5.1858
0.41649,0.020815,0,11.622,1.9543,0.00064645,-12.493
0.41649,0.020815,0,11.622,1.9543,0.00064645,-12.493
0.41649,0.020815,0,11.622,1.9543,0.00064645,-12.493
0.41649,0.020815,0,11.622,1.9543,0.00064645,-12.493
0.41649,0.020815,0,11.622,1.9543,0.00064645,-12.493
0.41649,0.020815,0,11.622,1.9543,0.00064645,-12.493
0.42487,0.020837,0,12.063,1.6258,0.00084264,-17.08
0.42487,0.020837,0,12.063,1.6258,0.00084264,-17.08
0.42487,0.020837,0,12.063,1.6258,0.00084264,-17.08
0.43325,0.02085,0,12.31,1.2631,0.00051191,-19.704
0.43325,0.02085,0,12.31,1.2631,0.00051191,-19.704
0.43325,0.02085,0,12.31,1.2631,0.00051191,-19.704
0.44161,0.021704,0,12.406,0.91832,6.9423e-05,-20.561
0.44161,0.020859,0,12.43,0.92671,-0.00010643,-20.956
0.44217,0.020859,0,12.435,0.90575,-0.00015918,-21.017
0.44161,0.020859,0,12.43,0.92671,-0.00010643,-20.956
0.44161,0.020859,0,12.43,0.92671,-0.00010643,-20.956
0.44997,0.020857,0,12.471,0.63052,-0.0006279,-21.4
0.44997,0.020857,0,12.471,0.63052,-0.0006279,-21.4
0.44997,0.020857,0,12.471,0.63052,-0.0006279,-21.4
0.45824,0.020863,0,12.464,0.37792,-0.00090367,-21.276
0.45838,0.020863,0,12.463,0.374,-0.00090809,-21.271
0.45832,0.020863,0,12.464,0.37563,-0.00090661,-21.273
0.45832,0.021135,0,12.461,0.3762,-0.00076278,-21.179
0.46667,0.020867,0,12.424,0.15708,-0.0010578,-20.865
0.47501,0.020863,0,12.363,-0.028661,-0.0010939,-20.213
0.48336,0.020857,0,12.286,-0.18662,-0.0010533,-19.399
0.48336,0.020857,0,12.286,-0.18662,-0.0010533,-19.399
0.48336,0.020857,0,12.286,-0.18662,-0.0010533,-19.399
0.4917,0.020863,0,12.206,-0.3216,-0.00097135,-18.483
0.48975,0.020863,0,12.224,-0.29285,-0.0010218,-18.726
0.4917,0.020863,0,12.206,-0.3216,-0.00097135,-18.483
0.4917,0.020863,0,12.206,-0.3216,-0.00097135,-18.483
0.50005,0.020858,0,12.121,-0.43583,-0.00087801,-17.471
0.50005,0.020858,0,12.121,-0.43583,-0.00087801,-17.471
0.50005,0.020858,0,12.121,-0.43583,-0.00087801,-17.471
0.50839,0.020853,0,12.034,-0.53456,-0.00078381,-16.413
0.50839,0.020853,0,12.034,-0.53456,-0.00078381,-16.413
0.50839,0.020853,0,12.034,-0.53456,-0.00078381,-16.413
0.51673,0.020848,0,11.945,-0.61936,-0.0006945,-15.317
0.51673,0.020848,0,11.945,-0.61936,-0.0006945,-15.317
0.51673,0.020848,0,11.945,-0.61936,-0.0006945,-15.317
0.52507,0.020828,0,11.852,-0.69073,-0.0006031,-14.185
0.52501,0.02084,0,11.853,-0.69025,-0.0006026,-14.191
0.52507,0.020839,0,11.852,-0.69062,-0.00060154,-14.183
0.5251,0.020797,0,11.85,-0.69143,-0.00060466,-14.183
0.52507,0.020839,0,11.852,-0.69062,-0.00060154,-14.183
0.52507,0.020839,0,11.852,-0.69062,-0.00060154,-14.183
0.52507,0.020839,0,11.852,-0.69062,-0.00060154,-14.183
0.53341,0.020828,0,11.753,-0.75416,-0.00054985,-13.016
0.53341,0.020828,0,11.753,-0.75416,-0.00054985,-13.016
0.53341,0.020828,0,11.753,-0.75416,-0.00054985,-13.016
0.53341,0.020828,0,11.753,-0.75416,-0.00054985,-13.016
0.54174,0.020813,0,11.656,-0.8085,-0.00051123,-11.825
0.53997,0.020816,0,11.677,-0.7974,-0.00051914,-12.079
0.54371,0.020809,0,11.633,-0.82,-0.00050304,-11.538
0.54174,0.020813,0,11.656,-0.8085,-0.00051123,-11.825
0.54174,0.020813,0,11.656,-0.8085,-0.00051123,-11.825
0.54174,0.020813,0,11.656,-0.8085,-0.00051123,-11.825
0.55008,0.020796,0,11.556,-0.85559,-0.00047577,-10.6
0.55008,0.020796,0,11.556,-0.85559,-0.00047577,-10.6
0.55008,0.020796,0,11.556,-0.85559,-0.00047577,-10.6
0.55008,0.020796,0,11.556,-0.85559,-0.00047577,-10.6
0.55842,0.020775,0,11.45,-0.89732,-0.00044494,-9.3311
0.55842,0.020775,0,11.45,-0.89732,-0.00044494,-9.3311
0.56675,0.02075,0,11.337,-0.93451,-0.00041621,-8.0049
0.566,0.020752,0,11.347,-0.93126,-0.00041892,-8.1261
0.56833,0.020745,0,11.314,-0.94094,-0.00041022,-7.7368
0.57509,0.02072,0,11.209,-0.96708,-0.00038413,-6.5319
0.57509,0.022605,0,11.219,-0.9341,-0.00030583,-6.4372
0.58344,0.020684,0,11.053,-0.98668,-0.00035108,-4.77
0.59181,0.020644,0,10.869,-0.96546,-0.00031357,-2.6531
0.59181,0.020644,0,10.869,-0.96546,-0.00031357,-2.6531
0.60024,0.02058,0,10.69,-0.8634,-0.00026801,-0.56195
0.60419,0.020117,0,10.608,-0.80854,-0.00026684,0.33762
0.60024,0.02058,0,10.69,-0.8634,-0.00026801,-0.56195
0.60024,0.02058,0,10.69,-0.8634,-0.00026801,-0.56195
0.60833,0.02,0,10.562,-0.72333,-0.00022514,0.96961
0.60833,0.02,0,10.562,-0.72333,-0.00022514,0.96961
0.60833,0.02,0,10.562,-0.72333,-0.00022514,0.96961
0.60833,0.02,0,10.562,-0.72333,-0.00022514,0.96961
0.61667,0.02,0,10.51,-0.58595,-0.00016708,1.6331
0.61667,0.02,0,10.51,-0.58595,-0.00016708,1.6331
0.61667,0.02,0,10.51,-0.58595,-0.00016708,1.6331
0.61667,0.02,0,10.51,-0.58595,-0.00016708,1.6331
0.61667,0.02,0,10.51,-0.58595,-0.00016708,1.6331
0.625,0.02,0,10.499,-0.47417,-0.00013015,1.7711
0.64698,0.02,0,10.522,-0.28341,-5.8328e-05,1.57
0.6537,0.02,0,10.53,-0.24634,-4.2462e-05,1.4839
0.65,0.02,0,10.526,-0.26436,-5.036e-05,1.5314
0.66661,0.02,0,10.546,-0.19168,-1.8211e-05,1.3287
0.66667,0.02,0,10.546,-0.19147,-1.8119e-05,1.328
0.67917,0.02,0,10.557,-0.15504,-1.3213e-06,1.2075
0.675,0.02,0,10.554,-0.16556,-6.275e-06,1.2439
0.69167,0.02,0,10.565,-0.12735,1.1968e-05,1.1093
0.69167,0.02,0,10.565,-0.12734,1.1969e-05,1.1093
0.70556,0.02,0,10.572,-0.10519,2.3164e-05,1.0265
0.7,0.02,0,10.569,-0.11311,1.9078e-05,1.0566
0.71667,0.02,0,10.575,-0.091261,3.0569e-05,0.9719
0.71667,0.02,0,10.575,-0.091261,3.0569e-05,0.9719
0.725,0.02,0,10.577,-0.082852,3.5323e-05,0.93693
0.73333,0.02,0,10.578,-0.075723,3.9607e-05,0.90543
0.74167,0.02,0,10.58,-0.069656,4.3541e-05,0.87652
0.74167,0.02,0,10.58,-0.069656,4.3541e-05,0.87652
0.75833,0.02,0,10.581,-0.060037,5.0699e-05,0.82369
0.75833,0.02,0,10.581,-0.060037,5.0699e-05,0.82369
0.76667,0.02,0,10.581,-0.056226,5.4059e-05,0.79876
0.76667,0.02,0,10.581,-0.056226,5.4059e-05,0.79876
0.78333,0.02,0,10.582,-0.05012,6.0471e-05,0.7501
0.78333,0.025,0,10.62,-0.048474,6.9024e-05,0.73344
0.78333,0.02,0,10.582,-0.05012,6.0471e-05,0.7501
0.79444,0.02,0,10.582,-0.04697,6.4553e-05,0.7178
0.79167,0.02,0,10.582,-0.047676,6.3563e-05,0.72591
0.80833,0.02,0,10.582,-0.043724,6.9399e-05,0.677
0.82083,0.02,0,10.581,-0.041441,7.353e-05,0.63942
0.81667,0.02,0,10.581,-0.042132,7.218e-05,0.65208
0.83333,0.02,0,10.581,-0.039548,7.749e-05,0.60101
0.84583,0.02,0,10.581,-0.038046,8.1165e-05,0.56144
0.84167,0.02,0,10.581,-0.038502,7.9986e-05,0.57479
0.85833,0.02,0,10.58,-0.036797,8.4546e-05,0.52093
0.87167,0.02,0,10.58,-0.035744,8.7712e-05,0.47642
0.86667,0.02,0,10.58,-0.036106,8.6589e-05,0.49328
0.88056,0.02,0,10.58,-0.035153,8.9593e-05,0.44613
0.88333,0.02,0,10.58,-0.034979,9.0159e-05,0.4366
0.89667,0.02,0,10.579,-0.034284,9.2496e-05,0.38992
0.89167,0.02,0,10.579,-0.034522,9.1683e-05,0.40758
0.90556,0.02,0,10.579,-0.033896,9.3839e-05,0.35822
0.91042,0.02,0,10.579,-0.033707,9.4506e-05,0.3407
0.90833,0.02,0,10.579,-0.033781,9.424e-05,0.34827
0.92976,0.02,0,10.578,-0.033105,9.6737e-05,0.26957
0.93583,0.02,0,10.578,-0.032958,9.733e-05,0.24683
0.93333,0.02,0,10.578,-0.033013,9.7101e-05,0.25626
0.95,0.02,0,10.578,-0.032683,9.8559e-05,0.19303
0.96029,0.02,0,10.578,-0.03255,9.9317e-05,0.15327
0.95833,0.02,0,10.578,-0.032569,9.9196e-05,0.1609
0.975,0.02,0,10.577,-0.032448,0.00010014,0.095968
0.98742,0.02,0,10.577,-0.032408,0.00010189,0.047896
0.98333,0.02,0,10.577,-0.032412,0.00010121,0.063424
0,0.025,0,10,0,0,7.205
0.0083136,0.025,0,10,-0.0007599,-2.1875e-08,7.2027
0.016627,0.024999,0,10.001,-0.0014946,-4.375e-08,7.195
0.024941,0.024999,0,10.003,-0.0021778,-5.825e-08,7.1811
0.033255,0.025954,0,10.004,-0.0029214,-7.175e-08,7.1624
0.033255,0.024998,0,10.004,-0.0027887,-7.175e-08,7.1617
0.041568,0.024998,0,10.007,-0.0033166,-8.4875e-08,7.1378
0.049882,0.024998,0,10.01,-0.0037597,-9.7875e-08,7.11
0.058196,0.024997,0,10.013,-0.0041204,-1.1112e-07,7.0789
0.069846,0.024997,0,10.018,-0.004486,-1.3075e-07,7.03
0.066509,0.024997,0,10.016,-0.0044026,-1.2487e-07,7.0448
0.079346,0.024996,0,10.022,-0.0046855,-1.48e-07,6.987
0.074823,0.026422,0,10.02,-0.0049461,-1.3946e-07,7.0084
0.083136,0.024996,0,10.024,-0.0047484,-1.5512e-07,6.9693
0.096038,0.024995,0,10.03,-0.0048258,-1.8208e-07,6.9053
0.09145,0.024996,0,10.028,-0.0048205,-1.7187e-07,6.9286
0.10315,0.024995,0,10.034,-0.0048091,-1.9883e-07,6.8687
0.099764,0.027131,0,10.032,-0.0053957,-1.9043e-07,6.8864
0.10808,0.024995,0,10.036,-0.0047785,-2.1112e-07,6.843
0.11639,0.024994,0,10.041,-0.0046661,-2.3425e-07,6.7984
0.12471,0.024994,0,10.045,-0.0044914,-2.6e-07,6.7528
0.13302,0.024993,0,10.05,-0.0042513,-2.89e-07,6.7065
0.14133,0.024993,0,10.054,-0.0039408,-3.2175e-07,6.6596
0.14965,0.024993,0,10.059,-0.0035529,-3.585e-07,6.6122
0.15796,0.024992,0,10.064,-0.0030785,-4.0025e-07,6.5644
0.16627,0.024992,0,10.069,-0.0025056,-4.4737e-07,6.5163
0.17459,0.024991,0,10.074,-0.0018189,-5.0062e-07,6.4682
0.1829,0.024991,0,10.078,-0.00099952,-5.6075e-07,6.42
0.19121,0.024991,0,10.083,-2.4164e-05,-6.2875e-07,6.3721
0.19953,0.02499,0,10.088,0.0011371,-7.0598e-07,6.3245
0.20786,0.02499,0,10.092,0.002523,-7.9374e-07,6.2775
0.21619,0.02499,0,10.097,0.0041794,-8.9338e-07,6.2314
0.22452,0.02499,0,10.101,0.0061639,-1.0059e-06,6.1866
0.23286,0.02499,0,10.106,0.0085506,-1.133e-06,6.1437
0.24119,0.02499,0,10.11,0.011434,-1.2766e-06,6.1032
0.24952,0.02499,0,10.113,0.014933,-1.4382e-06,6.066
0.25785,0.02499,0,10.117,0.019203,-1.6196e-06,6.0332
0.26618,0.02499,0,10.119,0.024444,-1.821e-06,6.0062
0.27451,0.02499,0,10.121,0.030919,-2.0431e-06,5.9867
0.28284,0.02499,0,10.122,0.038972,-2.2823e-06,5.9772
0.29117,0.02499,0,10.121,0.049062,-2.5315e-06,5.9806
0.2995,0.02499,0,10.119,0.061807,-2.7675e-06,6.0009
0.30783,0.02499,0,10.115,0.07805,-2.9502e-06,6.0428
0.31615,0.024989,0,10.108,0.098968,-2.979e-06,6.1124
0.32448,0.024989,0,10.097,0.12623,-2.6742e-06,6.2166
0.3328,0.024995,0,10.082,0.16225,-1.6337e-06,6.3627
0.34112,0.025044,0,10.062,0.2108,8.4084e-07,6.5548
0.34945,0.025132,0,10.036,0.27747,6.2713e-06,6.7927
0.35777,0.025189,0,10.007,0.37028,1.7055e-05,7.0618
0.3661,0.025256,0,9.9794,0.50171,3.7761e-05,7.3039
0.38149,0.025471,0,9.9975,0.91121,0.00013461,6.9853
0.37448,0.025396,0,9.9668,0.68955,7.7706e-05,7.3607
0.3868,0.025529,0,10.066,1.1181,0.00017496,6.1273
0.38286,0.02652,0,10.036,0.94193,0.00013567,6.5881
0.38285,0.025486,0,10.003,0.95421,0.00014565,6.9125
0.38285,0.025486,0,10.003,0.95421,0.00014565,6.9125
0.38285,0.025486,0,10.003,0.95421,0.00014565,6.9125
0.39124,0.025312,0,10.126,1.3138,0.00021345,5.3383
0.39125,0.025577,0,10.137,1.3024,0.0002079,5.2445
0.39125,0.025577,0,10.137,1.3024,0.0002079,5.2445
0.39125,0.025577,0,10.137,1.3024,0.0002079,5.2445
0.39125,0.025577,0,10.137,1.3024,0.0002079,5.2445
0.39971,0.024817,0,10.429,1.6623,0.00022734,1.6889
0.40223,0.025704,0,10.607,1.6804,0.00021188,-0.23252
0.39971,0.025689,0,10.464,1.6115,0.00021407,1.4424
0.39971,0.025689,0,10.464,1.6115,0.00021407,1.4424
0.39971,0.025689,0,10.464,1.6115,0.00021407,1.4424
0.40813,0.025628,0,10.984,1.7363,0.00019069,-4.6391
0.40764,0.025734,0,10.952,1.7283,0.00019091,-4.25
0.40813,0.025736,0,10.985,1.7285,0.00018835,-4.6306
0.40813,0.025736,0,10.985,1.7285,0.00018835,-4.6306
0.41651,0.025765,0,11.494,1.6563,0.00014378,-10.479
0.42488,0.025785,0,11.88,1.4286,0.00016298,-14.574
0.42372,0.025783,0,11.831,1.4636,0.00015761,-14.057
0.43325,0.025799,0,12.135,1.1494,0.00022953,-17.232
0.43909,0.025805,0,12.246,0.95325,0.00026059,-18.357
0.44161,0.025807,0,12.284,0.87047,0.00026858,-18.742
0.45338,0.025813,0,12.368,0.51784,0.00023621,-19.556
0.44997,0.025812,0,12.357,0.61477,0.00025281,-19.464
0.44997,0.025812,0,12.357,0.61477,0.00025281,-19.464
0.45832,0.025815,0,12.376,0.38387,0.00020578,-19.603
0.45832,0.025815,0,12.376,0.38387,0.00020578,-19.603
0.45832,0.025815,0,12.376,0.38387,0.00020578,-19.603
0.45832,0.025815,0,12.376,0.38387,0.00020578,-19.603
0.46667,0.025816,0,12.365,0.18131,0.00012452,-19.43
0.46667,0.025816,0,12.365,0.18131,0.00012452,-19.43
0.46667,0.025816,0,12.365,0.18131,0.00012452,-19.43
0.46667,0.025816,0,12.365,0.18131,0.00012452,-19.43
0.47501,0.025815,0,12.328,0.0067737,4.1737e-05,-18.98
0.47501,0.025815,0,12.328,0.0067737,4.1737e-05,-18.98
0.47501,0.025815,0,12.328,0.0067737,4.1737e-05,-18.98
0.47501,0.025815,0,12.328,0.0067737,4.1737e-05,-18.98
0.48259,0.025813,0,12.279,-0.1313,-2.906e-05,-18.397
0.48336,0.025813,0,12.274,-0.1448,-3.6091e-05,-18.334
0.48336,0.025813,0,12.274,-0.1448,-3.6091e-05,-18.334
0.4917,0.02581,0,12.208,-0.27344,-9.0688e-05,-17.575
0.48822,0.025811,0,12.237,-0.22195,-7.0212e-05,-17.904
0.50004,0.025806,0,12.133,-0.38412,-0.0001319,-16.692
0.50838,0.025801,0,12.051,-0.47952,-0.00016417,-15.739
0.51672,0.025796,0,11.964,-0.56161,-0.00018861,-14.727
0.52308,0.025791,0,11.895,-0.61604,-0.00020208,-13.92
0.52506,0.02579,0,11.873,-0.63212,-0.00020583,-13.666
0.5334,0.02578,0,11.778,-0.69267,-0.00021905,-12.568
0.54174,0.025764,0,11.679,-0.74466,-0.00022711,-11.431
0.53987,0.025768,0,11.702,-0.73346,-0.00022558,-11.688
0.54345,0.02576,0,11.659,-0.75416,-0.00022804,-11.191
0.55007,0.025746,0,11.577,-0.78898,-0.00022969,-10.253
0.55841,0.025726,0,11.468,-0.829,-0.00022838,-9.0219
0.55841,0.025726,0,11.468,-0.829,-0.00022838,-9.0219
0.56675,0.025702,0,11.353,-0.85806,-0.00021698,-7.7308
0.5634,0.025711,0,11.401,-0.84977,-0.00022598,-8.2731
0.56675,0.025702,0,11.353,-0.85806,-0.00021698,-7.7308
0.56675,0.025702,0,11.353,-0.85806,-0.00021698,-7.7308
0.57508,0.025675,0,11.226,-0.87963,-0.00020274,-6.3021
0.57508,0.025675,0,11.226,-0.87963,-0.00020274,-6.3021
0.57508,0.025675,0,11.226,-0.87963,-0.00020274,-6.3021
0.58179,0.025652,0,11.111,-0.88643,-0.00018931,-5.0229
0.58343,0.025646,0,11.082,-0.88438,-0.00018303,-4.694
0.58343,0.025646,0,11.082,-0.88438,-0.00018303,-4.694
0.58343,0.025646,0,11.082,-0.88438,-0.00018303,-4.694
0.5918,0.025614,0,10.925,-0.84737,-0.00015534,-2.8958
0.5918,0.025614,0,10.925,-0.84737,-0.00015534,-2.8958
0.5918,0.025614,0,10.925,-0.84737,-0.00015534,-2.8958
0.5918,0.025614,0,10.925,-0.84737,-0.00015534,-2.8958
0.60833,0.025,0,10.67,-0.67259,-0.00011085,0.10457
0.60022,0.02556,0,10.781,-0.77422,-0.00013179,-1.2253
0.60022,0.02556,0,10.781,-0.77422,-0.00013179,-1.2253
0.6042,0.020125,0,10.608,-0.80812,-0.00026656,0.34013
0.60022,0.02556,0,10.781,-0.77422,-0.00013179,-1.2253
0.60022,0.02556,0,10.781,-0.77422,-0.00013179,-1.2253
0.60022,0.02556,0,10.781,-0.77422,-0.00013179,-1.2253
0.60022,0.02556,0,10.781,-0.77422,-0.00013179,-1.2253
0.60833,0.025,0,10.67,-0.67254,-0.00011084,0.10518
0.60833,0.025,0,10.67,-0.67254,-0.00011084,0.10518
0.60833,0.025,0,10.67,-0.67254,-0.00011084,0.10518
0.61667,0.025,0,10.606,-0.55975,-7.9586e-05,0.88953
0.63333,0.028438,0,10.605,-0.37385,5.218e-06,0.95354
0.64297,0.025,0,10.571,-0.30835,-9.315e-06,1.2617
0.65416,0.025,0,10.577,-0.24507,9.5358e-06,1.2189
0.65,0.025,0,10.574,-0.26527,3.4312e-06,1.2419
0.66664,0.025,0,10.584,-0.19238,2.5388e-05,1.144
0.65833,0.027489,0,10.593,-0.22396,3.2506e-05,1.083
0.66667,0.025,0,10.584,-0.19228,2.5416e-05,1.1438
0.67917,0.025,0,10.592,-0.15525,3.6276e-05,1.0717
0.675,0.025,0,10.589,-0.16597,3.3164e-05,1.0943
0.69167,0.025,0,10.598,-0.12693,4.4427e-05,1.0088
0.68333,0.0275,0,10.603,-0.14404,5.1039e-05,0.98767
0.69167,0.025,0,10.598,-0.12693,4.4428e-05,1.0088
0.70556,0.025,0,10.603,-0.10428,5.0822e-05,0.95209
0.7,0.025,0,10.601,-0.11237,4.855e-05,0.97314
0.71667,0.025,0,10.606,-0.090067,5.4813e-05,0.91324
0.70833,0.02625,0,10.607,-0.099909,5.614e-05,0.92393
0.71667,0.025,0,10.606,-0.090067,5.4813e-05,0.91324
0.725,0.025,0,10.609,-0.081509,5.7248e-05,0.88741
0.73333,0.025,0,10.61,-0.074273,5.9365e-05,0.86344
0.74167,0.025,0,10.612,-0.068129,6.1251e-05,0.84077
0.74167,0.025,0,10.612,-0.068129,6.1251e-05,0.84077
0.75833,0.025,0,10.616,-0.058425,6.4604e-05,0.79755
0.75,0.0275,0,10.619,-0.06213,6.7901e-05,0.80358
0.75833,0.025,0,10.616,-0.058425,6.4604e-05,0.79755
0.76667,0.025,0,10.617,-0.054595,6.617e-05,0.77631
0.76667,0.025,0,10.617,-0.054595,6.617e-05,0.77631
0.775,0.0275,0,10.624,-0.050557,7.0977e-05,0.74532
0.78333,0.025,0,10.62,-0.048474,6.9024e-05,0.73344
0.79444,0.025,0,10.622,-0.045327,7.0891e-05,0.70404
0.79167,0.02625,0,10.624,-0.045671,7.1615e-05,0.70791
0.79167,0.025,0,10.622,-0.046031,7.0431e-05,0.7115
0.8,0.0275,0,10.629,-0.043215,7.3729e-05,0.68288
0.80833,0.025,0,10.625,-0.042089,7.3147e-05,0.66617
0.82083,0.025,0,10.627,-0.039815,7.5056e-05,0.63061
0.81667,0.025,0,10.626,-0.040503,7.4438e-05,0.64266
0.825,0.02625,0,10.631,-0.0388,7.6015e-05,0.61653
0.83333,0.025,0,10.629,-0.037929,7.685e-05,0.59386
0.83333,0.025,0,10.629,-0.037929,7.685e-05,0.59386
0.84583,0.025,0,10.632,-0.036432,7.8459e-05,0.55559
0.84167,0.025,0,10.631,-0.036886,7.7953e-05,0.56854
0.85,0.02625,0,10.636,-0.035675,7.8756e-05,0.5413
0.85833,0.025,0,10.634,-0.035185,7.9882e-05,0.51615
0.85833,0.025,0,10.634,-0.035185,7.9882e-05,0.51615
0.87167,0.025,0,10.637,-0.034132,8.1124e-05,0.47254
0.86667,0.025,0,10.636,-0.034494,8.0698e-05,0.4891
0.88056,0.025,0,10.639,-0.033539,8.1814e-05,0.44276
0.875,0.02625,0,10.641,-0.033608,8.0717e-05,0.46061
0.88333,0.025,0,10.639,-0.033364,8.2016e-05,0.43339
0.89667,0.025,0,10.642,-0.032664,8.2769e-05,0.38731
0.89167,0.025,0,10.641,-0.032904,8.2521e-05,0.40476
0.90556,0.025,0,10.644,-0.032272,8.3155e-05,0.35596
0.9,0.02625,0,10.647,-0.032236,8.1832e-05,0.37507
0.91042,0.025,0,10.645,-0.03208,8.3332e-05,0.33861
0.90833,0.025,0,10.645,-0.032155,8.3266e-05,0.34611
0.91667,0.026875,0,10.653,-0.031464,8.1526e-05,0.31544
0.92976,0.025,0,10.649,-0.031466,8.3835e-05,0.26806
0.925,0.02625,0,10.653,-0.031337,8.2295e-05,0.2853
0.93583,0.025,0,10.651,-0.031315,8.395e-05,0.24548
0.93333,0.025,0,10.65,-0.031371,8.3908e-05,0.25485
0.94167,0.027188,0,10.661,-0.030746,8.1175e-05,0.22315
0.95,0.025,0,10.654,-0.03103,8.417e-05,0.19204
0.96071,0.025,0,10.656,-0.030881,8.4306e-05,0.15091
0.95833,0.025,0,10.656,-0.030908,8.4281e-05,0.16012
0.96667,0.027206,0,10.667,-0.030378,8.1012e-05,0.12763
0.975,0.025,0,10.659,-0.030755,8.4476e-05,0.095551
0.975,0.025,0,10.659,-0.030755,8.4476e-05,0.095551
0.98733,0.025,0,10.662,-0.030666,8.5115e-05,0.047908
0.98333,0.025,0,10.661,-0.03067,8.4916e-05,0.062845
0.99167,0.027031,0,10.673,-0.030258,8.1726e-05,0.031733
0,0.03,0,10,0,0,7.2102
0.0083137,0.03,0,10,-0.00095104,-2.1875e-08,7.2078
0.016627,0.029999,0,10.001,-0.0018696,-4.375e-08,7.1999
0.029809,0.029999,0,10.004,-0.003168,-6.6156e-08,7.1738
0.024941,0.029999,0,10.003,-0.0027224,-5.825e-08,7.1855
0.036539,0.029998,0,10.006,-0.0037431,-7.6886e-08,7.1559
0.033255,0.032021,0,10.005,-0.0037787,-7.1699e-08,7.1674
0.041568,0.029998,0,10.007,-0.0041408,-8.475e-08,7.1411
0.049882,0.029997,0,10.01,-0.0046947,-9.7625e-08,7.1127
0.058196,0.029997,0,10.013,-0.00515,-1.11e-07,7.0811
0.066509,0.029997,0,10.017,-0.0055124,-1.2475e-07,7.0464
0.074823,0.033569,0,10.021,-0.00665,-1.392e-07,7.0104
0.074823,0.029996,0,10.02,-0.0057879,-1.3938e-07,7.0093
0.083137,0.029996,0,10.024,-0.005983,-1.55e-07,6.97
0.09145,0.029995,0,10.028,-0.0061037,-1.7175e-07,6.929
0.099764,0.029995,0,10.032,-0.0061544,-1.905e-07,6.8864
0.10808,0.029995,0,10.037,-0.0061378,-2.1125e-07,6.8425
0.11639,0.029994,0,10.041,-0.006055,-2.3425e-07,6.7976
0.12471,0.029994,0,10.046,-0.0059051,-2.6013e-07,6.7516
0.13302,0.029993,0,10.05,-0.0056855,-2.8912e-07,6.7049
0.14133,0.029993,0,10.055,-0.0053916,-3.2188e-07,6.6575
0.14965,0.029993,0,10.06,-0.0050164,-3.5887e-07,6.6096
0.15796,0.029992,0,10.065,-0.0045505,-4.0063e-07,6.5612
0.16627,0.034871,0,10.071,-0.0054629,-4.4824e-07,6.5088
0.16627,0.029992,0,10.07,-0.0039814,-4.4775e-07,6.5125
0.17459,0.029992,0,10.075,-0.0032932,-5.0088e-07,6.4636
0.1829,0.029991,0,10.079,-0.002466,-5.6087e-07,6.4146
0.19121,0.029991,0,10.084,-0.0014745,-6.29e-07,6.3655
0.19953,0.02999,0,10.089,-0.00028634,-7.0598e-07,6.3167
0.20786,0.02999,0,10.094,0.0011398,-7.93e-07,6.2681
0.21619,0.02999,0,10.099,0.0028533,-8.915e-07,6.2202
0.22453,0.02999,0,10.103,0.0049175,-1.0023e-06,6.1731
0.23286,0.02999,0,10.108,0.0074127,-1.1265e-06,6.1274
0.24119,0.02999,0,10.112,0.010442,-1.2656e-06,6.0834
0.24952,0.02999,0,10.116,0.014137,-1.4204e-06,6.0419
0.25786,0.02999,0,10.12,0.018668,-1.5915e-06,6.0036
0.26619,0.02999,0,10.123,0.024254,-1.7781e-06,5.9696
0.27452,0.02999,0,10.126,0.031183,-1.9788e-06,5.9413
0.28285,0.02999,0,10.128,0.03983,-2.1873e-06,5.9204
0.29118,0.02999,0,10.129,0.050692,-2.3935e-06,5.909
0.29951,0.02999,0,10.129,0.064431,-2.5718e-06,5.91
0.30784,0.02999,0,10.127,0.081944,-2.6771e-06,5.9263
0.31617,0.02999,0,10.123,0.10445,-2.6127e-06,5.9616
0.32449,0.029991,0,10.117,0.13364,-2.2059e-06,6.0192
0.33281,0.030015,0,10.109,0.17193,-1.1138e-06,6.1001
0.34115,0.030119,0,10.098,0.2229,1.2623e-06,6.2
0.34948,0.030171,0,10.085,0.2912,6.0363e-06,6.3096
0.35781,0.030208,0,10.075,0.38331,1.4887e-05,6.3988
0.36617,0.030312,0,10.073,0.50881,3.0621e-05,6.3886
0.37455,0.030418,0,10.093,0.67705,5.7531e-05,6.1258
0.38289,0.03047,0,10.162,0.89502,9.7554e-05,5.3499
0.38289,0.03047,0,10.162,0.89502,9.7554e-05,5.3499
0.39131,0.030566,0,10.322,1.1472,0.00013392,3.5821
0.39131,0.030566,0,10.322,1.1472,0.00013392,3.5821
0.39131,0.030566,0,10.322,1.1472,0.00013392,3.5821
0.39131,0.030566,0,10.322,1.1472,0.00013392,3.5821
0.39975,0.030652,0,10.613,1.3608,0.00014851,0.29967
0.40301,0.02679,0,10.683,1.6468,0.00019693,-0.99106
0.39975,0.030652,0,10.613,1.3608,0.00014851,0.29967
0.39975,0.030652,0,10.613,1.3608,0.00014851,0.29967
0.39975,0.030652,0,10.613,1.3608,0.00014851,0.29967
0.39975,0.030652,0,10.613,1.3608,0.00014851,0.29967
0.39975,0.030652,0,10.613,1.3608,0.00014851,0.29967
0.40818,0.035301,0,11.02,1.2689,0.00010193,-4.1956
0.40577,0.027885,0,10.835,1.6206,0.00018101,-2.6426
0.40816,0.030695,0,11.006,1.4834,0.00014294,-4.315
0.40816,0.030695,0,11.006,1.4834,0.00014294,-4.315
0.40816,0.030695,0,11.006,1.4834,0.00014294,-4.315
0.40816,0.030695,0,11.006,1.4834,0.00014294,-4.315
0.41653,0.030716,0,11.415,1.4173,0.00010869,-9.0427
0.41652,0.030245,0,11.421,1.4394,0.00011035,-9.1722
0.41351,0.030709,0,11.276,1.4677,0.00012549,-7.4905
0.41653,0.030716,0,11.415,1.4173,0.00010869,-9.0427
0.41653,0.030716,0,11.415,1.4173,0.00010869,-9.0427
0.4249,0.03328,0,11.688,1.1684,5.9916e-05,-11.951
0.42489,0.030734,0,11.743,1.2499,6.169e-05,-12.696
0.42489,0.030734,0,11.743,1.2499,6.169e-05,-12.696
0.42489,0.030734,0,11.743,1.2499,6.169e-05,-12.696
0.43326,0.034067,0,11.895,0.95841,3.0541e-05,-14.163
0.43326,0.030746,0,11.979,1.034,2.4166e-05,-15.257
0.43592,0.030748,0,12.039,0.9637,1.5828e-05,-15.897
0.43326,0.030746,0,11.979,1.034,2.4166e-05,-15.257
0.43326,0.030746,0,11.979,1.034,2.4166e-05,-15.257
0.44528,0.030756,0,12.186,0.7067,3.466e-07,-17.413
0.44161,0.030754,0,12.133,0.80354,3.8953e-06,-16.869
0.44161,0.030754,0,12.133,0.80354,3.8953e-06,-16.869
0.44161,0.030754,0,12.133,0.80354,3.8953e-06,-16.869
0.44997,0.030759,0,12.225,0.57867,-6.3884e-06,-17.797
0.44997,0.03005,0,12.244,0.58413,1.9157e-05,-18.031
0.44997,0.032408,0,12.189,0.55764,-1.6182e-05,-17.277
0.44997,0.030759,0,12.225,0.57867,-6.3884e-06,-17.797
0.45832,0.030761,0,12.266,0.37502,-1.4504e-05,-18.085
0.45832,0.033152,0,12.214,0.36717,-3.3611e-05,-17.414
0.46667,0.030762,0,12.273,0.19145,-2.4986e-05,-18.119
0.47501,0.030761,0,12.252,0.030765,-4.1446e-05,-17.843
0.48336,0.030759,0,12.21,-0.10958,-5.8086e-05,-17.346
0.48336,0.030439,0,12.214,-0.11188,-5.3287e-05,-17.408
0.48336,0.030759,0,12.21,-0.10958,-5.8086e-05,-17.346
0.4917,0.030756,0,12.155,-0.23159,-6.9275e-05,-16.721
0.4917,0.030756,0,12.155,-0.23159,-6.9275e-05,-16.721
0.4917,0.030756,0,12.155,-0.23159,-6.9275e-05,-16.721
0.50004,0.034822,0,12.046,-0.30207,-5.7508e-05,-15.367
0.50004,0.030753,0,12.09,-0.33718,-8.3316e-05,-15.951
0.50004,0.030753,0,12.09,-0.33718,-8.3316e-05,-15.951
0.50004,0.030753,0,12.09,-0.33718,-8.3316e-05,-15.951
0.50838,0.030688,0,12.016,-0.42905,-9.5246e-05,-15.103
0.50812,0.030748,0,12.018,-0.42585,-9.4594e-05,-15.124
0.50864,0.030748,0,12.014,-0.43113,-9.5288e-05,-15.068
0.50838,0.030748,0,12.016,-0.42843,-9.4855e-05,-15.095
0.50838,0.030748,0,12.016,-0.42843,-9.4855e-05,-15.095
0.50838,0.030748,0,12.016,-0.42843,-9.4855e-05,-15.095
0.51672,0.033146,0,11.917,-0.48249,-8.0153e-05,-13.907
0.51672,0.030743,0,11.936,-0.50716,-0.00010422,-14.167
0.51672,0.030743,0,11.936,-0.50716,-0.00010422,-14.167
0.51672,0.030743,0,11.936,-0.50716,-0.00010422,-14.167
0.52506,0.032885,0,11.836,-0.55138,-8.6534e-05,-12.979
0.52422,0.030738,0,11.859,-0.56886,-0.00011087,-13.284
0.52506,0.030737,0,11.85,-0.57487,-0.00011098,-13.18
0.52506,0.030737,0,11.85,-0.57487,-0.00011098,-13.18
0.52506,0.030737,0,11.85,-0.57487,-0.00011098,-13.18
0.5334,0.030731,0,11.76,-0.63284,-0.00011567,-12.144
0.5334,0.030731,0,11.76,-0.63284,-0.00011567,-12.144
0.5334,0.030731,0,11.76,-0.63284,-0.00011567,-12.144
0.54173,0.029497,0,11.67,-0.69758,-0.00014051,-11.152
0.54173,0.030719,0,11.666,-0.68215,-0.00011776,-11.063
0.54173,0.030719,0,11.666,-0.68215,-0.00011776,-11.063
0.54173,0.030719,0,11.666,-0.68215,-0.00011776,-11.063
0.55007,0.031239,0,11.565,-0.71682,-0.00010971,-9.9032
0.55007,0.030701,0,11.567,-0.72368,-0.00011685,-9.935
0.55007,0.030701,0,11.567,-0.72368,-0.00011685,-9.935
0.55007,0.030701,0,11.567,-0.72368,-0.00011685,-9.935
0.55942,0.029473,0,11.45,-0.77677,-0.00013989,-8.6722
0.55841,0.030682,0,11.462,-0.75394,-0.00011148,-8.7578
0.55841,0.030421,0,11.464,-0.75727,-0.0001168,-8.7828
0.55818,0.030682,0,11.465,-0.75342,-0.00011185,-8.7909
0.55841,0.030682,0,11.462,-0.75394,-0.00011148,-8.7578
0.55841,0.030682,0,11.462,-0.75394,-0.00011148,-8.7578
0.55841,0.030682,0,11.462,-0.75394,-0.00011148,-8.7578
0.56674,0.03066,0,11.349,-0.78159,-0.00010487,-7.4955
0.56327,0.026536,0,11.402,-0.83674,-0.0002077,-8.2549
0.56674,0.03066,0,11.349,-0.78159,-0.00010487,-7.4955
0.56674,0.03066,0,11.349,-0.78159,-0.00010487,-7.4955
0.56674,0.03066,0,11.349,-0.78159,-0.00010487,-7.4955
0.56674,0.03066,0,11.349,-0.78159,-0.00010487,-7.4955
0.57517,0.030636,0,11.227,-0.79677,-9.4695e-05,-6.1299
0.57508,0.030637,0,11.228,-0.7968,-9.4845e-05,-6.1456
0.57508,0.030637,0,11.228,-0.7968,-9.4845e-05,-6.1456
0.57508,0.030637,0,11.228,-0.7968,-9.4845e-05,-6.1456
0.58342,0.030613,0,11.099,-0.79413,-8.0897e-05,-4.6889
0.57933,0.025751,0,11.155,-0.88788,-0.00019689,-5.5165
0.58342,0.030613,0,11.099,-0.79413,-8.0897e-05,-4.6889
0.58342,0.030613,0,11.099,-0.79413,-8.0897e-05,-4.6889
0.58342,0.030613,0,11.099,-0.79413,-8.0897e-05,-4.6889
0.59179,0.030586,0,10.965,-0.76334,-6.3628e-05,-3.1601
0.59179,0.030586,0,10.965,-0.76334,-6.3628e-05,-3.1601
0.59179,0.030586,0,10.965,-0.76334,-6.3628e-05,-3.1601
0.59179,0.030586,0,10.965,-0.76334,-6.3628e-05,-3.1601
0.60833,0.03,0,10.739,-0.62281,-3.2697e-05,-0.53516
0.60021,0.030538,0,10.84,-0.70356,-4.7994e-05,-1.7133
0.60021,0.030538,0,10.84,-0.70356,-4.7994e-05,-1.7133
0.62759,0.03,0,10.632,-0.42044,1.1328e-05,0.69429
0.64157,0.03,0,10.611,-0.31184,3.2539e-05,0.91318
0.63333,0.03,0,10.62,-0.37067,2.1192e-05,0.81802
0.64176,0.03,0,10.611,-0.31062,3.2775e-05,0.91481
0.64167,0.03415,0,10.638,-0.30351,4.6762e-05,0.64245
0.65,0.03,0,10.608,-0.26253,4.2079e-05,0.95976
0.65833,0.03,0,10.607,-0.22313,4.9495e-05,0.96917
0.66667,0.03,0,10.608,-0.19113,5.5148e-05,0.96023
0.675,0.03,0,10.61,-0.165,5.9425e-05,0.94442
0.68333,0.03,0,10.612,-0.14354,6.2695e-05,0.92617
0.69167,0.03,0,10.613,-0.12585,6.5218e-05,0.90726
0.7,0.03,0,10.615,-0.11117,6.717e-05,0.88874
0.70833,0.03,0,10.617,-0.098936,6.8686e-05,0.87099
0.71667,0.03,0,10.618,-0.088682,6.9874e-05,0.85395
0.725,0.03,0,10.62,-0.080058,7.0822e-05,0.83738
0.73333,0.03,0,10.621,-0.072776,7.1596e-05,0.82106
0.74167,0.03,0,10.623,-0.066606,7.2248e-05,0.80475
0.75,0.03,0,10.624,-0.061363,7.2824e-05,0.78822
0.75833,0.03,0,10.626,-0.056895,7.336e-05,0.77128
0.76667,0.035,0,10.631,-0.051356,7.2022e-05,0.73158
0.76667,0.03,0,10.627,-0.053078,7.3895e-05,0.75379
0.78333,0.03,0,10.631,-0.047004,7.4705e-05,0.71678
0.775,0.03,0,10.629,-0.049809,7.4325e-05,0.73565
0.79667,0.03,0,10.633,-0.043344,7.5456e-05,0.68485
0.79167,0.03375,0,10.635,-0.043461,7.2909e-05,0.68662
0.80833,0.03,0,10.636,-0.040717,7.613e-05,0.6554
0.8,0.03,0,10.634,-0.042512,7.5649e-05,0.67667
0.80833,0.03,0,10.636,-0.040717,7.613e-05,0.6554
0.81667,0.03,0,10.638,-0.039165,7.6596e-05,0.63332
0.825,0.03,0,10.64,-0.037822,7.704e-05,0.61045
0.83333,0.03,0,10.642,-0.036657,7.7452e-05,0.5868
0.84167,0.03,0,10.644,-0.035646,7.7819e-05,0.5624
0.85,0.03,0,10.646,-0.034768,7.8126e-05,0.53729
0.85833,0.03,0,10.648,-0.034004,7.837e-05,0.51148
0.86667,0.03,0,10.65,-0.033339,7.8542e-05,0.48502
0.875,0.03,0,10.653,-0.032759,7.8641e-05,0.45794
0.88333,0.03,0,10.655,-0.032255,7.8669e-05,0.43028
0.89167,0.03,0,10.657,-0.031816,7.8627e-05,0.40205
0.9,0.03,0,10.66,-0.031433,7.8527e-05,0.3733
0.90833,0.03,0,10.662,-0.031102,7.8379e-05,0.34405
0.91667,0.03,0,10.665,-0.030815,7.8187e-05,0.31432
0.925,0.03,0,10.667,-0.030569,7.7966e-05,0.28415
0.93333,0.03,0,10.67,-0.030358,7.7729e-05,0.25354
0.95,0.03,0,10.675,-0.030036,7.7234e-05,0.19114
0.94167,0.03,0,10.672,-0.030182,7.7482e-05,0.22253
0.95,0.03,0,10.675,-0.030036,7.7234e-05,0.19114
0.95833,0.03,0,10.677,-0.02992,7.699e-05,0.15941
0.96667,0.03,0,10.68,-0.029827,7.676e-05,0.12732
0.975,0.03,0,10.683,-0.029764,7.657e-05,0.095139
0.98333,0.03,0,10.685,-0.029688,7.6555e-05,0.062337
1,0.03,0,10.69,-0.029707,7.6295e-05,0
0.99167,0.03,0,10.688,-0.029669,7.6457e-05,0.031742
0,0.035,0,10,0,0,7.2165
0.0083137,0.035,0,10,-0.001155,-2.175e-08,7.2141
0.016627,0.034999,0,10.001,-0.0022687,-4.3625e-08,7.2058
0.024941,0.034999,0,10.003,-0.0032987,-5.825e-08,7.1909
0.033255,0.034998,0,10.005,-0.0042135,-7.1625e-08,7.1702
0.041568,0.034998,0,10.007,-0.0050013,-8.4625e-08,7.1451
0.049882,0.034998,0,10.01,-0.005665,-9.75e-08,7.1161
0.058196,0.034997,0,10.013,-0.006213,-1.1087e-07,7.0838
0.072392,0.034996,0,10.02,-0.0068946,-1.3488e-07,7.0219
0.06651,0.034997,0,10.017,-0.0066534,-1.2463e-07,7.0486
0.079355,0.034996,0,10.023,-0.0071307,-1.4771e-07,6.9892
0.083137,0.034996,0,10.025,-0.0072445,-1.5488e-07,6.9711
0.091451,0.034995,0,10.029,-0.0074119,-1.7175e-07,6.9296
0.099764,0.034995,0,10.033,-0.0075028,-1.905e-07,6.8866
0.10808,0.034995,0,10.037,-0.007521,-2.1125e-07,6.8423
0.11639,0.034994,0,10.042,-0.0074681,-2.3438e-07,6.7969
0.12471,0.034994,0,10.047,-0.0073441,-2.6038e-07,6.7506
0.13302,0.034993,0,10.051,-0.007147,-2.8937e-07,6.7034
0.14133,0.034993,0,10.056,-0.0068723,-3.2225e-07,6.6556
0.14965,0.034993,0,10.061,-0.0065131,-3.5925e-07,6.6071
0.16585,0.034992,0,10.07,-0.0055281,-4.4585e-07,6.5113
0.15796,0.034992,0,10.066,-0.0060596,-4.01e-07,6.5581
0.16647,0.034992,0,10.071,-0.0054834,-4.4951e-07,6.5076
0.17459,0.034991,0,10.076,-0.0048169,-5.015e-07,6.459
0.1829,0.034991,0,10.081,-0.0039903,-5.6175e-07,6.4091
0.19122,0.034991,0,10.086,-0.0029937,-6.2987e-07,6.3589
0.19953,0.03499,0,10.09,-0.001793,-7.0673e-07,6.3087
0.20786,0.03499,0,10.095,-0.00034483,-7.9349e-07,6.2586
0.2162,0.03499,0,10.1,0.001403,-8.9113e-07,6.2087
0.22453,0.03499,0,10.105,0.0035175,-1.0005e-06,6.1592
0.23286,0.03499,0,10.11,0.006084,-1.1225e-06,6.1105
0.2412,0.03499,0,10.115,0.0092122,-1.2579e-06,6.0628
0.24953,0.03499,0,10.119,0.013042,-1.407e-06,6.0166
0.25786,0.03499,0,10.124,0.017753,-1.5694e-06,5.9724
0.26619,0.03499,0,10.128,0.023579,-1.7431e-06,5.931
0.27453,0.03499,0,10.132,0.030824,-1.925e-06,5.8932
0.28286,0.03499,0,10.135,0.039882,-2.1073e-06,5.86
0.29119,0.03499,0,10.137,0.051273,-2.2769e-06,5.8329
0.29952,0.03499,0,10.139,0.065678,-2.4076e-06,5.8133
0.30785,0.03499,0,10.14,0.084008,-2.454e-06,5.8028
0.31618,0.03499,0,10.14,0.10748,-2.3275e-06,5.8024
0.32451,0.034996,0,10.138,0.13769,-1.8748e-06,5.8121
0.33283,0.035044,0,10.136,0.17698,-8.129e-07,5.8278
0.34117,0.035144,0,10.134,0.22845,1.3384e-06,5.8398
0.34951,0.035177,0,10.134,0.29575,5.3686e-06,5.8325
0.35785,0.035242,0,10.139,0.38411,1.2426e-05,5.7643
0.36623,0.035356,0,10.157,0.49981,2.4175e-05,5.5538
0.37459,0.035409,0,10.2,0.64654,4.238e-05,5.0742
0.38293,0.035454,0,10.287,0.8239,6.6891e-05,4.1163
0.39139,0.035565,0,10.448,1.0188,8.9635e-05,2.3529
0.40774,0.035647,0,11.004,1.2491,9.8981e-05,-3.9933
0.39978,0.035614,0,10.699,1.1822,0.00010161,-0.47471
0.39978,0.035614,0,10.699,1.1822,0.00010161,-0.47471
0.40819,0.039862,0,11.029,1.104,7.2695e-05,-4.1187
0.40818,0.035649,0,11.021,1.2528,9.8837e-05,-4.1866
0.40882,0.034889,0,11.052,1.2888,0.00010394,-4.6016
0.40818,0.035649,0,11.021,1.2528,9.8837e-05,-4.1866
0.40818,0.035649,0,11.021,1.2528,9.8837e-05,-4.1866
0.41838,0.03567,0,11.414,1.1864,7.6652e-05,-8.7283
0.41654,0.035667,0,11.351,1.2132,8.1856e-05,-8.0158
0.41323,0.031758,0,11.25,1.4292,0.00012138,-7.1265
0.41654,0.035667,0,11.351,1.2132,8.1856e-05,-8.0158
0.41654,0.035667,0,11.351,1.2132,8.1856e-05,-8.0158
0.42491,0.035682,0,11.636,1.0915,5.8242e-05,-11.249
0.42746,0.032651,0,11.786,1.1298,4.7395e-05,-13.07
0.42491,0.035682,0,11.636,1.0915,5.8242e-05,-11.249
0.42227,0.032565,0,11.611,1.2567,7.5429e-05,-11.159
0.42491,0.035682,0,11.636,1.0915,5.8242e-05,-11.249
0.42491,0.035682,0,11.636,1.0915,5.8242e-05,-11.249
0.43326,0.035692,0,11.853,0.92144,3.3661e-05,-13.628
0.43271,0.035037,0,11.857,0.95219,3.4573e-05,-13.706
0.43326,0.035692,0,11.853,0.92144,3.3661e-05,-13.628
0.43326,0.035692,0,11.853,0.92144,3.3661e-05,-13.628
0.43326,0.035692,0,11.853,0.92144,3.3661e-05,-13.628
0.44162,0.0357,0,12.004,0.7309,1.1935e-05,-15.241
0.44467,0.032082,0,12.142,0.70319,3.0884e-06,-16.887
0.44162,0.0357,0,12.004,0.7309,1.1935e-05,-15.241
0.44162,0.0357,0,12.004,0.7309,1.1935e-05,-15.241
0.44162,0.0357,0,12.004,0.7309,1.1935e-05,-15.241
0.44162,0.0357,0,12.004,0.7309,1.1935e-05,-15.241
0.44162,0.0357,0,12.004,0.7309,1.1935e-05,-15.241
0.44605,0.031067,0,12.187,0.68356,-6.4941e-07,-17.41
0.44997,0.035704,0,12.102,0.54203,-8.0411e-06,-16.216
0.44997,0.035704,0,12.102,0.54203,-8.0411e-06,-16.216
0.44997,0.035704,0,12.102,0.54203,-8.0411e-06,-16.216
0.44997,0.035704,0,12.102,0.54203,-8.0411e-06,-16.216
0.45832,0.035707,0,12.154,0.3572,-2.2115e-05,-16.738
0.45832,0.035707,0,12.154,0.3572,-2.2115e-05,-16.738
0.45832,0.035707,0,12.154,0.3572,-2.2115e-05,-16.738
0.46667,0.035707,0,12.174,0.19447,-3.2122e-05,-16.929
0.46413,0.035707,0,12.174,0.24305,-3.0035e-05,-16.933
0.46667,0.035707,0,12.174,0.19447,-3.2122e-05,-16.929
0.46667,0.035707,0,12.174,0.19447,-3.2122e-05,-16.929
0.47501,0.035707,0,12.167,0.0477,-4.1953e-05,-16.796
0.47501,0.035707,0,12.167,0.0477,-4.1953e-05,-16.796
0.47501,0.035707,0,12.167,0.0477,-4.1953e-05,-16.796
0.48335,0.035895,0,12.136,-0.07959,-4.5936e-05,-16.421
0.48335,0.035705,0,12.139,-0.080315,-4.7147e-05,-16.455
0.48335,0.035705,0,12.139,-0.080315,-4.7147e-05,-16.455
0.48335,0.035705,0,12.139,-0.080315,-4.7147e-05,-16.455
0.48335,0.035705,0,12.139,-0.080315,-4.7147e-05,-16.455
0.49784,0.0357,0,12.051,-0.26812,-5.1066e-05,-15.415
0.4917,0.036241,0,12.086,-0.19144,-4.5346e-05,-15.819
0.4917,0.035702,0,12.092,-0.19438,-4.8611e-05,-15.9
0.4917,0.035702,0,12.092,-0.19438,-4.8611e-05,-15.9
0.4917,0.035702,0,12.092,-0.19438,-4.8611e-05,-15.9
0.4917,0.035702,0,12.092,-0.19438,-4.8611e-05,-15.9
0.4917,0.035702,0,12.092,-0.19438,-4.8611e-05,-15.9
0.50004,0.035699,0,12.036,-0.29451,-5.1944e-05,-15.241
0.49982,0.035445,0,12.041,-0.2942,-5.3242e-05,-15.3
0.50075,0.034858,0,12.04,-0.3102,-5.8525e-05,-15.296
0.50004,0.035699,0,12.036,-0.29451,-5.1944e-05,-15.241
0.50004,0.035699,0,12.036,-0.29451,-5.1944e-05,-15.241
0.50004,0.035699,0,12.036,-0.29451,-5.1944e-05,-15.241
0.50838,0.035695,0,11.971,-0.38139,-5.3859e-05,-14.48
0.50616,0.033064,0,12.016,-0.3843,-7.3439e-05,-15.056
0.5106,0.033054,0,11.975,-0.42961,-7.9443e-05,-14.578
0.50838,0.035695,0,11.971,-0.38139,-5.3859e-05,-14.48
0.50838,0.035695,0,11.971,-0.38139,-5.3859e-05,-14.48
0.50838,0.035695,0,11.971,-0.38139,-5.3859e-05,-14.48
0.52175,0.035687,0,11.85,-0.49521,-5.4674e-05,-13.081
0.51672,0.03569,0,11.898,-0.45637,-5.4681e-05,-13.633
0.515,0.03365,0,11.931,-0.46271,-7.4121e-05,-14.058
0.5181,0.034048,0,11.897,-0.48573,-7.3188e-05,-13.656
0.51672,0.03569,0,11.898,-0.45637,-5.4681e-05,-13.633
0.51672,0.03569,0,11.898,-0.45637,-5.4681e-05,-13.633
0.51672,0.03569,0,11.898,-0.45637,-5.4681e-05,-13.633
0.52926,0.035682,0,11.775,-0.54846,-5.4351e-05,-12.227
0.52505,0.035685,0,11.818,-0.52076,-5.4669e-05,-12.718
0.52625,0.034267,0,11.815,-0.54562,-7.2384e-05,-12.709
0.52505,0.035685,0,11.818,-0.52076,-5.4669e-05,-12.718
0.52505,0.035685,0,11.818,-0.52076,-5.4669e-05,-12.718
0.53339,0.035679,0,11.733,-0.57567,-5.4038e-05,-11.745
0.53339,0.035679,0,11.733,-0.57567,-5.4038e-05,-11.745
0.53339,0.035679,0,11.733,-0.57567,-5.4038e-05,-11.745
0.53339,0.035679,0,11.733,-0.57567,-5.4038e-05,-11.745
0.54656,0.035666,0,11.588,-0.64419,-5.1798e-05,-10.095
0.54173,0.035673,0,11.643,-0.62196,-5.2947e-05,-10.719
0.54173,0.035673,0,11.643,-0.62196,-5.2947e-05,-10.719
0.54173,0.035673,0,11.643,-0.62196,-5.2947e-05,-10.719
0.54173,0.035673,0,11.643,-0.62196,-5.2947e-05,-10.719
0.55007,0.03566,0,11.548,-0.66035,-5.0962e-05,-9.6421
0.54902,0.03442,0,11.565,-0.67194,-6.8559e-05,-9.862
0.55165,0.033768,0,11.536,-0.69231,-7.6578e-05,-9.5384
0.55007,0.03566,0,11.548,-0.66035,-5.0962e-05,-9.6421
0.55007,0.03566,0,11.548,-0.66035,-5.0962e-05,-9.6421
0.5584,0.035642,0,11.447,-0.69092,-4.7992e-05,-8.5103
0.55688,0.033838,0,11.473,-0.71037,-7.3587e-05,-8.8234
0.5584,0.035642,0,11.447,-0.69092,-4.7992e-05,-8.5103
0.5584,0.035642,0,11.447,-0.69092,-4.7992e-05,-8.5103
0.56674,0.035622,0,11.341,-0.71244,-4.3289e-05,-7.3179
0.57517,0.035602,0,11.228,-0.72219,-3.5581e-05,-6.0444
0.58342,0.035583,0,11.111,-0.71614,-2.5753e-05,-4.7353
0.59178,0.035561,0,10.993,-0.68768,-1.3698e-05,-3.3841
0.60833,0.035,0,10.79,-0.57273,8.5999e-06,-1.0583
0.6002,0.035515,0,10.882,-0.63806,-2.3139e-06,-2.1166
0.62532,0.035,0,10.682,-0.41813,3.3871e-05,0.17517
0.63333,0.035,0,10.658,-0.35639,4.2491e-05,0.42429
0.64167,0.035,0,10.643,-0.30195,4.9646e-05,0.58678
0.65,0.035,0,10.634,-0.25637,5.5441e-05,0.68951
0.65833,0.035,0,10.629,-0.21869,5.993e-05,0.74841
0.66667,0.035,0,10.626,-0.18769,6.3268e-05,0.77962
0.675,0.035,0,10.625,-0.16213,6.572e-05,0.79577
0.68333,0.035,0,10.624,-0.14099,6.7525e-05,0.80337
0.69167,0.035,0,10.624,-0.12347,6.8848e-05,0.80548
0.7,0.035,0,10.624,-0.1089,6.9805e-05,0.804
0.70833,0.035,0,10.625,-0.096734,7.0486e-05,0.80011
0.71667,0.035,0,10.625,-0.086544,7.096e-05,0.79443
0.725,0.035,0,10.626,-0.077982,7.1287e-05,0.78725
0.73333,0.035,0,10.627,-0.070765,7.1514e-05,0.7787
0.74167,0.035,0,10.628,-0.064664,7.1671e-05,0.76884
0.75,0.035,0,10.629,-0.059493,7.1794e-05,0.7577
0.76667,0.035,0,10.631,-0.051356,7.2022e-05,0.73158
0.75833,0.04,0,10.632,-0.053136,6.1811e-05,0.7199
0.75833,0.035,0,10.63,-0.055099,7.1902e-05,0.74527
0.76667,0.035,0,10.631,-0.051356,7.2022e-05,0.73158
0.76667,0.035,0,10.631,-0.051356,7.2022e-05,0.73158
0.78333,0.035,0,10.634,-0.045428,7.2061e-05,0.70047
0.775,0.035,0,10.632,-0.048161,7.2057e-05,0.71664
0.78333,0.035,0,10.634,-0.045428,7.2061e-05,0.70047
0.78333,0.035,0,10.634,-0.045428,7.2061e-05,0.70047
0.79167,0.035,0,10.636,-0.043085,7.2156e-05,0.68311
0.80833,0.035,0,10.639,-0.039342,7.2435e-05,0.645
0.8,0.035,0,10.637,-0.041073,7.2287e-05,0.66461
0.80833,0.035,0,10.639,-0.039342,7.2435e-05,0.645
0.81667,0.035,0,10.641,-0.03785,7.2581e-05,0.62434
0.825,0.035,0,10.643,-0.036563,7.2716e-05,0.60268
0.83333,0.035,0,10.645,-0.035451,7.283e-05,0.58007
0.84167,0.035,0,10.647,-0.034488,7.291e-05,0.55657
0.85,0.035,0,10.649,-0.033654,7.2945e-05,0.53222
0.85833,0.035,0,10.652,-0.032931,7.2927e-05,0.50708
0.86667,0.035,0,10.654,-0.032304,7.2855e-05,0.48119
0.875,0.035,0,10.656,-0.031759,7.2726e-05,0.45461
0.88333,0.035,0,10.659,-0.031286,7.254e-05,0.42738
0.89167,0.035,0,10.661,-0.030876,7.2302e-05,0.39953
0.9,0.035,0,10.664,-0.03052,7.2022e-05,0.37111
0.90833,0.035,0,10.667,-0.030213,7.1706e-05,0.34215
0.91667,0.035,0,10.669,-0.029948,7.1361e-05,0.31269
0.925,0.035,0,10.672,-0.029721,7.0997e-05,0.28275
0.93333,0.035,0,10.675,-0.029529,7.0621e-05,0.25236
0.95,0.035,0,10.68,-0.029238,6.987e-05,0.19034
0.94167,0.035,0,10.678,-0.029369,7.0242e-05,0.22155
0.95,0.035,0,10.68,-0.029238,6.987e-05,0.19034
0.95833,0.035,0,10.683,-0.029133,6.9506e-05,0.15878
0.96667,0.035,0,10.686,-0.029051,6.9165e-05,0.12683
0.975,0.035,0,10.689,-0.028993,6.8863e-05,0.094772
0.98333,0.035,0,10.692,-0.028936,6.8641e-05,0.06197
1,0.035,0,10.698,-0.028924,6.8195e-05,0
0.99167,0.035,0,10.695,-0.028912,6.8377e-05,0.031694
0,0.04,0,10,0,0,7.2241
0.0083137,0.04,0,10,-0.0013754,-2.1737e-08,7.2216
0.016627,0.039999,0,10.001,-0.002698,-4.3625e-08,7.2129
0.024941,0.039999,0,10.003,-0.0039147,-5.825e-08,7.1973
0.033255,0.039998,0,10.005,-0.0049872,-7.15e-08,7.1758
0.041569,0.039998,0,10.008,-0.0059051,-8.45e-08,7.1498
0.049882,0.039997,0,10.011,-0.0066768,-9.75e-08,7.12
0.058196,0.039997,0,10.014,-0.0073149,-1.1075e-07,7.087
0.07239,0.039996,0,10.02,-0.0081155,-1.3475e-07,7.024
0.06651,0.039997,0,10.017,-0.0078303,-1.245e-07,7.0511
0.07936,0.039996,0,10.023,-0.0083986,-1.4759e-07,6.9908
0.074824,0.041426,0,10.021,-0.0085981,-1.39e-07,7.0135
0.083137,0.039996,0,10.025,-0.008536,-1.5475e-07,6.9725
0.091451,0.039995,0,10.029,-0.0087481,-1.7175e-07,6.9305
0.099765,0.039995,0,10.034,-0.0088774,-1.905e-07,6.887
0.10808,0.039995,0,10.038,-0.0089292,-2.1138e-07,6.8423
0.11639,0.039994,0,10.043,-0.0089061,-2.3462e-07,6.7965
0.12471,0.039994,0,10.047,-0.0088089,-2.605e-07,6.7497
0.13302,0.039994,0,10.052,-0.0086362,-2.895e-07,6.7021
0.14133,0.039993,0,10.057,-0.0083836,-3.225e-07,6.6537
0.14965,0.039993,0,10.062,-0.0080446,-3.5963e-07,6.6047
0.16584,0.039992,0,10.072,-0.007095,-4.4662e-07,6.5077
0.15796,0.039992,0,10.067,-0.0076098,-4.0162e-07,6.5551
0.16667,0.039992,0,10.072,-0.0070342,-4.5169e-07,6.5026
0.16628,0.040244,0,10.072,-0.007147,-4.4918e-07,6.5049
0.17459,0.039992,0,10.077,-0.0063976,-5.0263e-07,6.4545
0.1829,0.039991,0,10.082,-0.0055826,-5.63e-07,6.4036
0.19122,0.039991,0,10.087,-0.004594,-6.3112e-07,6.3523
0.19954,0.03999,0,10.092,-0.003397,-7.0798e-07,6.3007
0.20787,0.03999,0,10.097,-0.001947,-7.9475e-07,6.2489
0.2162,0.03999,0,10.102,-0.00019009,-8.92e-07,6.1969
0.22454,0.03999,0,10.108,0.0019428,-1.0006e-06,6.145
0.23287,0.03999,0,10.113,0.0045402,-1.1211e-06,6.0931
0.2412,0.03999,0,10.118,0.0077152,-1.2537e-06,6.0416
0.24953,0.03999,0,10.123,0.011613,-1.3985e-06,5.9905
0.25787,0.03999,0,10.128,0.016418,-1.5539e-06,5.9403
0.2662,0.03999,0,10.133,0.022374,-1.717e-06,5.8911
0.27453,0.03999,0,10.137,0.029789,-1.8831e-06,5.8433
0.28287,0.03999,0,10.142,0.039069,-2.0431e-06,5.7975
0.2912,0.03999,0,10.146,0.050738,-2.1823e-06,5.7541
0.29953,0.03999,0,10.15,0.065478,-2.2753e-06,5.7134
0.30786,0.03999,0,10.153,0.08418,-2.2785e-06,5.6754
0.31619,0.039992,0,10.157,0.10799,-2.1147e-06,5.6391
0.32452,0.040014,0,10.16,0.13842,-1.656e-06,5.6013
0.33286,0.040108,0,10.165,0.17759,-6.7273e-07,5.5538
0.3412,0.040157,0,10.171,0.228,1.2003e-06,5.4855
0.34954,0.040192,0,10.181,0.29255,4.5073e-06,5.3745
0.35792,0.040309,0,10.199,0.37527,1.0021e-05,5.1729
0.36629,0.040365,0,10.232,0.47926,1.8674e-05,4.812
0.37462,0.040389,0,10.289,0.60525,3.1127e-05,4.1869
0.38305,0.043473,0,10.435,0.70589,3.8243e-05,2.6447
0.38299,0.040447,0,10.387,0.75018,4.6601e-05,3.127
0.39147,0.044405,0,10.598,0.81781,4.6108e-05,0.87528
0.39144,0.040537,0,10.542,0.90109,6.0911e-05,1.4254
0.3998,0.040569,0,10.761,1.0236,6.9162e-05,-1.0278
0.40833,0.040601,0,11.035,1.0774,6.7946e-05,-4.1607
0.40819,0.040601,0,11.03,1.0778,6.8108e-05,-4.1068
0.41755,0.04062,0,11.339,1.037,5.6802e-05,-7.6596
0.42491,0.04063,0,11.557,0.95134,4.4946e-05,-10.151
0.43327,0.040639,0,11.754,0.81233,3.1009e-05,-12.339
0.44162,0.040646,0,11.898,0.65325,1.8412e-05,-13.91
0.44162,0.040646,0,11.898,0.65325,1.8412e-05,-13.91
0.44997,0.04065,0,11.996,0.4915,8.7605e-06,-14.951
0.44997,0.04065,0,11.996,0.4915,8.7605e-06,-14.951
0.44997,0.04065,0,11.996,0.4915,8.7605e-06,-14.951
0.44997,0.04065,0,11.996,0.4915,8.7605e-06,-14.951
0.46562,0.040653,0,12.079,0.20996,-3.9987e-06,-15.812
0.45832,0.043341,0,12.009,0.32255,3.0901e-06,-15.015
0.45832,0.040652,0,12.055,0.33684,1.5753e-06,-15.571
0.45832,0.040652,0,12.055,0.33684,1.5753e-06,-15.571
0.45832,0.040652,0,12.055,0.33684,1.5753e-06,-15.571
0.45832,0.040652,0,12.055,0.33684,1.5753e-06,-15.571
0.46667,0.040653,0,12.082,0.1917,-4.8006e-06,-15.846
0.46521,0.038927,0,12.114,0.22052,-1.3141e-05,-16.227
0.46667,0.040653,0,12.082,0.1917,-4.8006e-06,-15.846
0.46667,0.040653,0,12.082,0.1917,-4.8006e-06,-15.846
0.48125,0.040651,0,12.069,-0.031165,-1.4336e-05,-15.64
0.47501,0.040652,0,12.084,0.058445,-1.0763e-05,-15.826
0.47501,0.040652,0,12.084,0.058445,-1.0763e-05,-15.826
0.47501,0.040652,0,12.084,0.058445,-1.0763e-05,-15.826
0.48335,0.040651,0,12.065,-0.061395,-1.5542e-05,-15.577
0.48249,0.039624,0,12.084,-0.05288,-2.2317e-05,-15.809
0.48335,0.040651,0,12.065,-0.061395,-1.5542e-05,-15.577
0.48335,0.040651,0,12.065,-0.061395,-1.5542e-05,-15.577
0.48335,0.040651,0,12.065,-0.061395,-1.5542e-05,-15.577
0.49169,0.045337,0,11.975,-0.14433,-6.4281e-06,-14.512
0.49169,0.040648,0,12.029,-0.16733,-1.8643e-05,-15.153
0.49169,0.040648,0,12.029,-0.16733,-1.8643e-05,-15.153
0.50003,0.040645,0,11.982,-0.2601,-2.0283e-05,-14.59
0.50837,0.040641,0,11.924,-0.34093,-2.0925e-05,-13.913
0.52172,0.040634,0,11.812,-0.44708,-2.0711e-05,-12.632
0.51671,0.040637,0,11.857,-0.41094,-2.0929e-05,-13.141
0.52953,0.040629,0,11.74,-0.49873,-2.026e-05,-11.801
0.53339,0.040627,0,11.703,-0.52245,-1.9996e-05,-11.378
0.54717,0.040617,0,11.559,-0.58834,-1.8565e-05,-9.7379
0.54172,0.040621,0,11.618,-0.56544,-1.9293e-05,-10.407
0.57517,0.04057,0,11.227,-0.65161,-8.4609e-06,-5.9928
0.58341,0.040553,0,11.12,-0.64448,-2.2176e-06,-4.7941
0.59177,0.040535,0,11.013,-0.61932,5.2444e-06,-3.5813
0.60833,0.04,0,10.83,-0.52371,2.0725e-05,-1.4863
0.60019,0.040496,0,10.914,-0.5778,1.2844e-05,-2.4497
0.60833,0.04,0,10.83,-0.52371,2.0725e-05,-1.4863
0.62502,0.04,0,10.72,-0.39544,3.6741e-05,-0.24593
0.625,0.044611,0,10.751,-0.37122,3.1198e-05,-0.57617
0.63333,0.04,0,10.691,-0.33885,4.2644e-05,0.07008
0.64167,0.04,0,10.671,-0.28953,4.733e-05,0.28488
0.65,0.04,0,10.658,-0.24738,5.1092e-05,0.43531
0.65833,0.04,0,10.648,-0.21191,5.4011e-05,0.53738
0.66667,0.04,0,10.642,-0.18233,5.6184e-05,0.60509
0.675,0.04,0,10.638,-0.15771,5.7774e-05,0.65102
0.68333,0.04,0,10.635,-0.1372,5.8935e-05,0.68307
0.69167,0.04,0,10.633,-0.1201,5.9779e-05,0.70539
0.7,0.04,0,10.632,-0.10584,6.0385e-05,0.72052
0.70833,0.04,0,10.631,-0.093912,6.0817e-05,0.73026
0.71667,0.04,0,10.631,-0.083914,6.1123e-05,0.73581
0.725,0.04,0,10.63,-0.075515,6.1338e-05,0.73792
0.73333,0.04,0,10.631,-0.068441,6.1493e-05,0.73708
0.74167,0.04,0,10.631,-0.06247,6.1609e-05,0.73363
0.75833,0.04,0,10.632,-0.053136,6.1811e-05,0.7199
0.75,0.04,0,10.631,-0.057419,6.1711e-05,0.72784
0.75833,0.04,0,10.632,-0.053136,6.1811e-05,0.7199
0.76667,0.0425,0,10.634,-0.048447,5.5706e-05,0.69953
0.76667,0.04,0,10.633,-0.049496,6.1923e-05,0.70996
0.775,0.04,0,10.634,-0.046399,6.197e-05,0.69819
0.78333,0.045,0,10.637,-0.041911,4.9796e-05,0.66956
0.78333,0.04,0,10.636,-0.043757,6.2e-05,0.68469
0.79167,0.04,0,10.637,-0.041499,6.211e-05,0.66959
0.80833,0.04,0,10.64,-0.037909,6.241e-05,0.63502
0.8,0.0425,0,10.639,-0.03875,5.6251e-05,0.64747
0.8,0.04,0,10.639,-0.039566,6.2252e-05,0.653
0.80833,0.04,0,10.64,-0.037909,6.241e-05,0.63502
0.81667,0.04,0,10.642,-0.036486,6.2568e-05,0.61574
0.825,0.04375,0,10.645,-0.034232,5.3913e-05,0.59004
0.825,0.04,0,10.644,-0.035263,6.2715e-05,0.59527
0.83333,0.04,0,10.646,-0.03421,6.2841e-05,0.57367
0.84167,0.04,0,10.648,-0.033302,6.2937e-05,0.55103
0.85,0.04,0,10.65,-0.032519,6.2995e-05,0.52743
0.85833,0.04,0,10.653,-0.031843,6.3004e-05,0.50293
0.86667,0.04,0,10.655,-0.031259,6.2962e-05,0.4776
0.875,0.04,0,10.658,-0.030754,6.2874e-05,0.4515
0.88333,0.04,0,10.66,-0.030318,6.2734e-05,0.42468
0.89167,0.04,0,10.663,-0.029942,6.2546e-05,0.3972
0.9,0.04,0,10.665,-0.029617,6.232e-05,0.3691
0.90833,0.040625,0,10.668,-0.029228,6.0723e-05,0.34023
0.90833,0.04,0,10.668,-0.029339,6.206e-05,0.34042
0.91667,0.04,0,10.671,-0.0291,6.1774e-05,0.31121
0.925,0.04,0,10.673,-0.028898,6.1469e-05,0.28149
0.93333,0.04,0,10.676,-0.028728,6.1149e-05,0.25131
0.95,0.04,0,10.682,-0.028476,6.0506e-05,0.18965
0.94167,0.04,0,10.679,-0.028589,6.0825e-05,0.22068
0.95,0.04,0,10.682,-0.028476,6.0506e-05,0.18965
0.95833,0.04,0,10.685,-0.028388,6.0193e-05,0.15824
0.96667,0.04,0,10.688,-0.028321,5.9895e-05,0.12642
0.975,0.04,0,10.691,-0.028274,5.9625e-05,0.094477
0.98333,0.04,0,10.694,-0.028236,5.9434e-05,0.06172
1,0.04,0,10.7,-0.028216,5.8978e-05,0
0.99167,0.04,0,10.697,-0.028216,5.9174e-05,0.031623
0,0.045,0,10,0,0,7.2331
0.0083137,0.045,0,10,-0.0016166,-2.1862e-08,7.2304
0.016627,0.044999,0,10.001,-0.0031658,-4.3625e-08,7.2212
0.024941,0.044999,0,10.003,-0.00458,-5.8e-08,7.2048
0.033255,0.044998,0,10.005,-0.0058137,-7.1375e-08,7.1822
0.041569,0.048092,0,10.008,-0.0074885,-8.4298e-08,7.159
0.041569,0.044998,0,10.008,-0.0068603,-8.4375e-08,7.1552
0.049883,0.044997,0,10.011,-0.0077367,-9.7375e-08,7.1245
0.058196,0.044997,0,10.014,-0.008461,-1.1075e-07,7.0907
0.06651,0.048446,0,10.018,-0.0099175,-1.2424e-07,7.0563
0.06651,0.044997,0,10.018,-0.0090471,-1.245e-07,7.054
0.074824,0.048564,0,10.022,-0.010446,-1.3873e-07,7.0169
0.074824,0.044996,0,10.022,-0.0095087,-1.39e-07,7.0151
0.083138,0.044996,0,10.026,-0.0098605,-1.5463e-07,6.9742
0.091452,0.047606,0,10.031,-0.010844,-1.7156e-07,6.9323
0.091451,0.044996,0,10.03,-0.010115,-1.7162e-07,6.9316
0.099766,0.048918,0,10.035,-0.011405,-1.9038e-07,6.8883
0.099765,0.044995,0,10.035,-0.010282,-1.9037e-07,6.8877
0.10808,0.044995,0,10.039,-0.010366,-2.1125e-07,6.8425
0.11639,0.049153,0,10.045,-0.011618,-2.3452e-07,6.7961
0.11639,0.044994,0,10.044,-0.010372,-2.3463e-07,6.7962
0.12471,0.04927,0,10.049,-0.011609,-2.6084e-07,6.7484
0.12471,0.044994,0,10.048,-0.010301,-2.6062e-07,6.7489
0.13302,0.044994,0,10.053,-0.010152,-2.8975e-07,6.7008
0.14133,0.044993,0,10.058,-0.0099219,-3.2287e-07,6.652
0.14965,0.049622,0,10.064,-0.011105,-3.6106e-07,6.6004
0.14965,0.044993,0,10.063,-0.009604,-3.6025e-07,6.6024
0.15796,0.044992,0,10.068,-0.0091896,-4.025e-07,6.5522
0.16628,0.044992,0,10.073,-0.0086662,-4.5025e-07,6.5014
0.17459,0.044992,0,10.078,-0.0080171,-5.0387e-07,6.4501
0.18291,0.044991,0,10.083,-0.0072212,-5.6438e-07,6.3982
0.19122,0.044991,0,10.089,-0.0062517,-6.3287e-07,6.3458
0.19954,0.04499,0,10.094,-0.0050731,-7.101e-07,6.2928
0.20787,0.04499,0,10.099,-0.0036401,-7.97e-07,6.2393
0.2162,0.04499,0,10.104,-0.0018989,-8.945e-07,6.1853
0.22454,0.04499,0,10.11,0.00022091,-1.003e-06,6.1307
0.23287,0.04499,0,10.115,0.0028082,-1.1226e-06,6.0757
0.24121,0.04499,0,10.121,0.005977,-1.2536e-06,6.0202
0.24954,0.04499,0,10.126,0.0098738,-1.3951e-06,5.9643
0.25787,0.04499,0,10.132,0.014686,-1.5451e-06,5.9077
0.26621,0.04499,0,10.138,0.020655,-1.7e-06,5.8506
0.27454,0.04499,0,10.143,0.028093,-1.8534e-06,5.7928
0.28287,0.04499,0,10.149,0.037401,-1.9952e-06,5.7342
0.29121,0.04499,0,10.155,0.049098,-2.1103e-06,5.6742
0.29954,0.04499,0,10.161,0.063842,-2.1741e-06,5.6124
0.30787,0.044991,0,10.167,0.082486,-2.1469e-06,5.5471
0.31621,0.044996,0,10.174,0.10607,-1.9648e-06,5.4758
0.32454,0.04504,0,10.182,0.13599,-1.5236e-06,5.3922
0.33289,0.045131,0,10.192,0.17409,-6.4216e-07,5.2864
0.34123,0.045159,0,10.205,0.22224,9.4223e-07,5.1462
0.34958,0.045215,0,10.224,0.28283,3.6013e-06,4.9446
0.35801,0.050265,0,10.301,0.33612,5.9712e-06,4.1618
0.35797,0.045318,0,10.253,0.35855,7.8359e-06,4.6362
0.36634,0.050086,0,10.351,0.41784,1.0704e-05,3.6329
0.36632,0.045347,0,10.297,0.4505,1.4154e-05,4.1652
0.37992,0.045427,0,10.428,0.63203,2.8979e-05,2.7473
0.37466,0.045374,0,10.365,0.55793,2.2729e-05,3.4407
0.39838,0.04552,0,10.774,0.87058,4.6499e-05,-1.066
0.39982,0.045523,0,10.808,0.88661,4.7463e-05,-1.4406
0.40829,0.045552,0,11.041,0.92818,4.6888e-05,-4.0867
0.40821,0.045552,0,11.039,0.92839,4.6948e-05,-4.0605
0.4206,0.045573,0,11.383,0.87012,3.6201e-05,-8.0057
0.42493,0.04848,0,11.467,0.76666,2.5702e-05,-8.8934
0.42492,0.045578,0,11.496,0.83047,3.1502e-05,-9.2937
0.43327,0.045586,0,11.674,0.71741,2.2312e-05,-11.305
0.44163,0.045592,0,11.811,0.58512,1.4456e-05,-12.817
0.45458,0.045597,0,11.942,0.37165,6.2625e-06,-14.247
0.44998,0.048366,0,11.866,0.42075,6.5932e-06,-13.356
0.44998,0.045596,0,11.908,0.44679,8.5996e-06,-13.877
0.48014,0.045597,0,12.004,-0.0052528,-3.6466e-06,-14.869
0.488,0.045595,0,11.984,-0.10044,-5.2123e-06,-14.625
0.48335,0.045597,0,11.999,-0.046814,-4.5248e-06,-14.81
0.49497,0.045593,0,11.956,-0.17657,-5.955e-06,-14.288
0.50003,0.045591,0,11.931,-0.22821,-6.2578e-06,-13.995
0.50837,0.045588,0,11.879,-0.30299,-6.3649e-06,-13.391
0.52168,0.045581,0,11.777,-0.40151,-6.2306e-06,-12.216
0.51671,0.045584,0,11.818,-0.36807,-6.3037e-06,-12.686
0.52957,0.045577,0,11.709,-0.45001,-6.0971e-06,-11.433
0.53338,0.045575,0,11.675,-0.47185,-6.0262e-06,-11.04
0.54916,0.045564,0,11.518,-0.54015,-5.3564e-06,-9.2551
0.54172,0.04557,0,11.594,-0.5116,-5.8062e-06,-10.122
0.55005,0.049578,0,11.497,-0.5001,-1.7588e-06,-8.9826
0.57991,0.045531,0,11.17,-0.58318,2.842e-06,-5.322
0.5834,0.048136,0,11.134,-0.5488,5.4656e-06,-4.8857
0.58341,0.045525,0,11.129,-0.58006,4.5258e-06,-4.8544
0.59176,0.04551,0,11.032,-0.55805,9.2899e-06,-3.7534
0.60014,0.045484,0,10.942,-0.52203,1.4483e-05,-2.729
0.61667,0.045,0,10.8,-0.42329,2.5722e-05,-1.1246
0.60859,0.04543,0,10.863,-0.4753,2.0124e-05,-1.8334
0.62234,0.045,0,10.769,-0.38647,2.913e-05,-0.77039
0.61667,0.04964,0,10.829,-0.39113,2.1605e-05,-1.4257
0.625,0.045,0,10.754,-0.36917,3.0731e-05,-0.60395
0.63333,0.0475,0,10.735,-0.30852,3.1221e-05,-0.38784
0.63333,0.045,0,10.721,-0.31916,3.4799e-05,-0.24638
0.64167,0.045,0,10.697,-0.27475,3.8025e-05,0.0094893
0.65,0.0475,0,10.691,-0.22957,3.6198e-05,0.090946
0.65,0.045,0,10.68,-0.23613,4.0624e-05,0.19944
0.65833,0.0475,0,10.676,-0.19787,3.7951e-05,0.24575
0.65833,0.045,0,10.667,-0.20313,4.2676e-05,0.33849
0.66667,0.045,0,10.658,-0.17525,4.4241e-05,0.43866
0.675,0.0475,0,10.658,-0.14821,4.0301e-05,0.44576
0.675,0.045,0,10.651,-0.15182,4.5413e-05,0.51187
0.68333,0.0475,0,10.652,-0.12908,4.1062e-05,0.51114
0.68333,0.045,0,10.646,-0.13216,4.6294e-05,0.56672
0.69167,0.045,0,10.643,-0.11569,4.6966e-05,0.60815
0.7,0.0475,0,10.644,-0.099542,4.2106e-05,0.60009
0.7,0.045,0,10.64,-0.1019,4.7481e-05,0.6392
0.70833,0.04875,0,10.643,-0.087189,3.9764e-05,0.61291
0.70833,0.045,0,10.638,-0.090352,4.7882e-05,0.66212
0.71667,0.045,0,10.636,-0.08066,4.8203e-05,0.6786
0.725,0.0475,0,10.638,-0.070792,4.3024e-05,0.66664
0.725,0.045,0,10.635,-0.072517,4.8465e-05,0.6898
0.73333,0.045,0,10.635,-0.065666,4.8689e-05,0.69652
0.74167,0.05,0,10.638,-0.057,3.8036e-05,0.66653
0.74167,0.045,0,10.634,-0.059891,4.8891e-05,0.69938
0.75833,0.045,0,10.635,-0.050891,4.9284e-05,0.69532
0.75,0.0475,0,10.636,-0.053684,4.3674e-05,0.68499
0.75,0.045,0,10.634,-0.055015,4.9087e-05,0.69886
0.77222,0.045,0,10.636,-0.04542,4.9595e-05,0.68332
0.78333,0.045,0,10.637,-0.041911,4.9796e-05,0.66956
0.775,0.0475,0,10.637,-0.043371,4.4299e-05,0.67201
0.775,0.045,0,10.636,-0.044431,4.9648e-05,0.68043
0.78333,0.045,0,10.637,-0.041911,4.9796e-05,0.66956
0.79444,0.045,0,10.639,-0.039154,5.009e-05,0.65176
0.79167,0.04625,0,10.639,-0.039303,4.7365e-05,0.65363
0.79167,0.045,0,10.639,-0.039764,5.001e-05,0.65667
0.80833,0.045,0,10.641,-0.03637,5.0496e-05,0.62556
0.82083,0.045,0,10.644,-0.034461,5.0861e-05,0.59797
0.81667,0.04625,0,10.644,-0.034652,4.8133e-05,0.60574
0.81667,0.045,0,10.643,-0.035033,5.0743e-05,0.60763
0.82708,0.045,0,10.646,-0.033643,5.1033e-05,0.58315
0.83333,0.05,0,10.648,-0.03155,4.0862e-05,0.56217
0.83333,0.045,0,10.647,-0.032907,5.1195e-05,0.56768
0.84167,0.04625,0,10.649,-0.031744,4.8814e-05,0.5447
0.84167,0.045,0,10.649,-0.032065,5.1383e-05,0.54588
0.85,0.04875,0,10.652,-0.030428,4.3875e-05,0.51996
0.85,0.045,0,10.651,-0.031342,5.1533e-05,0.523
0.85833,0.045625,0,10.654,-0.030575,5.0374e-05,0.49868
0.85833,0.045,0,10.653,-0.03072,5.1641e-05,0.49911
0.86667,0.046875,0,10.656,-0.029772,4.7929e-05,0.47319
0.86667,0.045,0,10.656,-0.030186,5.1704e-05,0.47431
0.875,0.04875,0,10.659,-0.028936,4.4229e-05,0.44675
0.875,0.045,0,10.658,-0.029727,5.172e-05,0.44866
0.88333,0.045625,0,10.661,-0.029206,5.0453e-05,0.42197
0.88333,0.045,0,10.661,-0.029332,5.1691e-05,0.42224
0.89167,0.046875,0,10.664,-0.028631,4.7939e-05,0.3944
0.89167,0.045,0,10.663,-0.028994,5.1619e-05,0.3951
0.90385,0.045,0,10.667,-0.02859,5.1442e-05,0.35419
0.9,0.04875,0,10.667,-0.028007,4.4218e-05,0.36611
0.9,0.045,0,10.666,-0.028704,5.1508e-05,0.3673
0.91319,0.045,0,10.67,-0.028335,5.1267e-05,0.32198
0.91667,0.048125,0,10.672,-0.027707,4.5242e-05,0.30921
0.91667,0.045,0,10.671,-0.028248,5.1196e-05,0.30991
0.925,0.04875,0,10.675,-0.027445,4.3934e-05,0.27971
0.925,0.045,0,10.674,-0.028072,5.1006e-05,0.28041
0.93333,0.045938,0,10.677,-0.027774,4.9051e-05,0.25027
0.93333,0.045,0,10.677,-0.027926,5.0801e-05,0.25041
0.95,0.045,0,10.683,-0.027715,5.038e-05,0.18908
0.94167,0.047813,0,10.68,-0.027366,4.5395e-05,0.21963
0.94167,0.045,0,10.68,-0.027808,5.0591e-05,0.21996
0.95,0.045,0,10.683,-0.027715,5.038e-05,0.18908
0.95833,0.045938,0,10.686,-0.027506,4.8471e-05,0.15776
0.95833,0.045,0,10.686,-0.027645,5.017e-05,0.15782
0.96667,0.047969,0,10.689,-0.027164,4.4642e-05,0.12601
0.96667,0.045,0,10.689,-0.027595,4.9971e-05,0.12612
0.975,0.05,0,10.693,-0.026854,4.0894e-05,0.094178
0.975,0.045,0,10.692,-0.027563,4.9789e-05,0.094281
0.98333,0.046953,0,10.695,-0.027271,4.6222e-05,0.061563
0.98333,0.045,0,10.694,-0.027541,4.9684e-05,0.061582
1,0.045,0,10.7,-0.027529,4.9338e-05,0
0.99167,0.047969,0,10.699,-0.027127,4.43e-05,0.031577
0.99167,0.045,0,10.698,-0.02753,4.9501e-05,0.03158
0,0.05,0,10,0,0,7.2436
0.0083138,0.05,0,10,-0.0018846,-2.175e-08,7.2408
0.016627,0.049999,0,10.001,-0.0036824,-4.35e-08,7.2309
0.024941,0.049999,0,10.003,-0.0053062,-5.8e-08,7.2133
0.034913,0.049998,0,10.006,-0.0069369,-7.3942e-08,7.1839
0.033255,0.049998,0,10.006,-0.0067031,-7.1375e-08,7.1895
0.047622,0.049998,0,10.011,-0.0085871,-9.3715e-08,7.1382
0.049883,0.049998,0,10.012,-0.0088528,-9.725e-08,7.1296
0.061096,0.049997,0,10.016,-0.0098853,-1.1533e-07,7.0817
0.058196,0.049997,0,10.015,-0.0096585,-1.1063e-07,7.0948
0.079373,0.049996,0,10.025,-0.011038,-1.4724e-07,6.9949
0.087276,0.049996,0,10.029,-0.011363,-1.629e-07,6.9546
0.083138,0.049996,0,10.027,-0.011217,-1.5438e-07,6.9761
0.10319,0.049995,0,10.037,-0.011762,-1.9892e-07,6.8697
0.11345,0.049995,0,10.043,-0.011856,-2.2624e-07,6.8126
0.10808,0.049995,0,10.04,-0.011832,-2.1112e-07,6.8428
0.12701,0.049994,0,10.051,-0.011798,-2.69e-07,6.7349
0.13302,0.049994,0,10.054,-0.011713,-2.9025e-07,6.6997
0.14835,0.049993,0,10.064,-0.01127,-3.5526e-07,6.6081
0.14133,0.049993,0,10.059,-0.011513,-3.235e-07,6.6504
0.15083,0.049993,0,10.065,-0.01117,-3.6714e-07,6.593
0.14965,0.050365,0,10.064,-0.011342,-3.6117e-07,6.6001
0.15796,0.049992,0,10.069,-0.01084,-4.035e-07,6.5494
0.16628,0.049992,0,10.074,-0.010347,-4.5137e-07,6.4979
0.17459,0.054938,0,10.081,-0.011386,-5.0711e-07,6.4418
0.17459,0.049991,0,10.08,-0.0097286,-5.0537e-07,6.4458
0.18291,0.049991,0,10.085,-0.0089647,-5.6637e-07,6.3929
0.19122,0.049991,0,10.09,-0.0080283,-6.3537e-07,6.3393
0.19954,0.04999,0,10.096,-0.0068847,-7.1311e-07,6.285
0.20787,0.049991,0,10.101,-0.0054899,-8.0037e-07,6.2298
0.21621,0.049991,0,10.107,-0.0037901,-8.9837e-07,6.1737
0.22454,0.049991,0,10.112,-0.0017157,-1.0072e-06,6.1166
0.23288,0.049991,0,10.118,0.00082121,-1.1268e-06,6.0585
0.24121,0.049991,0,10.124,0.0039324,-1.257e-06,5.9991
0.24954,0.049991,0,10.13,0.0077613,-1.3966e-06,5.9382
0.25788,0.049991,0,10.136,0.012493,-1.543e-06,5.8754
0.26621,0.049991,0,10.143,0.018364,-1.6915e-06,5.8104
0.27455,0.049991,0,10.149,0.02568,-1.8351e-06,5.7426
0.28288,0.049991,0,10.156,0.034831,-1.9634e-06,5.6712
0.29122,0.049991,0,10.164,0.046318,-2.0604e-06,5.595
0.29955,0.049991,0,10.172,0.060762,-2.1028e-06,5.5125
0.30789,0.049992,0,10.181,0.078951,-2.0546e-06,5.421
0.31622,0.05001,0,10.191,0.1018,-1.8661e-06,5.316
0.32456,0.0501,0,10.203,0.13058,-1.4534e-06,5.1892
0.33291,0.050143,0,10.219,0.16683,-6.8055e-07,5.0312
0.34126,0.05017,0,10.238,0.21196,6.3224e-07,4.8273
0.35787,0.050313,0,10.301,0.33472,5.8972e-06,4.1639
0.34964,0.05027,0,10.265,0.26787,2.7418e-06,4.5478
0.35801,0.05037,0,10.302,0.3356,5.9352e-06,4.1524
0.36683,0.050325,0,10.358,0.42155,1.0878e-05,3.56
0.38115,0.050414,0,10.507,0.58178,2.1498e-05,1.9567
0.3747,0.050348,0,10.427,0.5073,1.6445e-05,2.8173
0.39886,0.050477,0,10.823,0.75944,3.2175e-05,-1.5294
0.39985,0.05048,0,10.844,0.76783,3.2604e-05,-1.7586
0.40823,0.050503,0,11.046,0.79957,3.2282e-05,-4.0332
0.40822,0.050749,0,11.046,0.79397,3.1773e-05,-4.0302
0.40822,0.050503,0,11.045,0.79959,3.2286e-05,-4.0314
0.41659,0.053161,0,11.243,0.72389,2.3211e-05,-6.2413
0.43225,0.050532,0,11.59,0.64053,1.5783e-05,-10.23
0.42494,0.052579,0,11.43,0.68079,1.8679e-05,-8.3836
0.43328,0.050533,0,11.61,0.62918,1.4967e-05,-10.456
0.44247,0.050539,0,11.748,0.50659,8.8345e-06,-12.002
0.44163,0.050538,0,11.738,0.51856,9.2646e-06,-11.895
0.47987,0.050543,0,11.944,0.0053634,-2.1695e-06,-14.153
0.48382,0.050542,0,11.941,-0.039954,-2.6049e-06,-14.107
0.48335,0.050542,0,11.942,-0.035051,-2.5841e-06,-14.121
0.49949,0.050538,0,11.888,-0.1953,-2.9262e-06,-13.476
0.49169,0.053118,0,11.897,-0.11373,-2.7188e-06,-13.571
0.50003,0.050538,0,11.885,-0.20038,-2.9242e-06,-13.449
0.50837,0.050534,0,11.839,-0.2691,-2.6912e-06,-12.91
0.52167,0.050528,0,11.746,-0.35981,-2.2064e-06,-11.83
0.5167,0.050531,0,11.784,-0.32905,-2.3887e-06,-12.266
0.52957,0.050524,0,11.682,-0.40456,-1.9188e-06,-11.097
0.53338,0.050522,0,11.65,-0.4246,-1.7812e-06,-10.73
0.54172,0.050518,0,11.574,-0.46099,-1.4462e-06,-9.8632
0.55059,0.050512,0,11.488,-0.49136,-8.7657e-07,-8.8804
0.55005,0.050513,0,11.494,-0.48998,-9.3374e-07,-8.9433
0.58348,0.050492,0,11.137,-0.5204,6.346e-06,-4.9045
0.59176,0.050482,0,11.049,-0.50141,9.7238e-06,-3.9031
0.60012,0.050463,0,10.965,-0.47049,1.3446e-05,-2.961
0.60852,0.050436,0,10.892,-0.43157,1.7388e-05,-2.1327
0.61667,0.05,0,10.831,-0.38863,2.1285e-05,-1.4491
0.625,0.05,0,10.784,-0.34195,2.4763e-05,-0.91648
0.625,0.05,0,10.784,-0.34196,2.4762e-05,-0.91651
0.64167,0.05,0,10.722,-0.25809,2.9936e-05,-0.24034
0.64167,0.05,0,10.722,-0.25808,2.9936e-05,-0.24032
0.64167,0.05,0,10.722,-0.25809,2.9936e-05,-0.24033
0.66667,0.05,0,10.674,-0.16663,3.4345e-05,0.28173
0.66667,0.05,0,10.674,-0.16663,3.4345e-05,0.28173
0.66667,0.05,0,10.674,-0.16663,3.4345e-05,0.28173
0.69167,0.05,0,10.652,-0.11034,3.6331e-05,0.51487
0.69167,0.05,0,10.652,-0.11034,3.6331e-05,0.51487
0.69167,0.05,0,10.652,-0.11034,3.6331e-05,0.51487
0.71667,0.05,0,10.642,-0.076859,3.7336e-05,0.6235
0.70833,0.0525,0,10.648,-0.083695,3.2875e-05,0.56534
0.71667,0.05,0,10.642,-0.076859,3.7336e-05,0.6235
0.71667,0.05,0,10.642,-0.076859,3.7336e-05,0.6235
0.73333,0.05,0,10.639,-0.062515,3.7812e-05,0.65754
0.74167,0.05,0,10.638,-0.057,3.8036e-05,0.66653
0.73333,0.05,0,10.639,-0.062515,3.7812e-05,0.65754
0.73333,0.05,0,10.639,-0.062515,3.7812e-05,0.65754
0.85,0.051667,0,10.653,-0.029704,3.8607e-05,0.51774
0,0.055,0,10,0,0,7.2559
0.0083138,0.055,0,10,-0.0021871,-2.1612e-08,7.2528
0.016628,0.054999,0,10.002,-0.004262,-4.35e-08,7.2421
0.024941,0.054999,0,10.003,-0.0061088,-5.8125e-08,7.2231
0.03491,0.054998,0,10.007,-0.0079235,-7.3813e-08,7.1918
0.033255,0.055946,0,10.006,-0.0078669,-7.1203e-08,7.1994
0.033255,0.054998,0,10.006,-0.0076666,-7.125e-08,7.1977
0.047626,0.054998,0,10.011,-0.0097394,-9.3596e-08,7.1441
0.049883,0.054998,0,10.012,-0.010031,-9.7125e-08,7.1352
0.06109,0.054997,0,10.017,-0.011162,-1.149e-07,7.086
0.058197,0.054997,0,10.016,-0.010915,-1.1025e-07,7.0994
0.079381,0.054996,0,10.026,-0.012423,-1.4702e-07,6.9973
0.087268,0.054996,0,10.03,-0.012778,-1.6276e-07,6.9565
0.083138,0.054996,0,10.028,-0.012618,-1.5425e-07,6.9782
0.1032,0.054995,0,10.039,-0.013224,-1.9892e-07,6.8705
0.11344,0.054995,0,10.044,-0.013342,-2.2633e-07,6.8129
0.10808,0.054995,0,10.041,-0.013305,-2.1125e-07,6.8434
0.11639,0.056689,0,10.047,-0.013922,-2.3463e-07,6.7961
0.12702,0.054994,0,10.052,-0.013315,-2.6924e-07,6.7343
0.13302,0.054994,0,10.056,-0.013245,-2.9062e-07,6.6989
0.14134,0.054993,0,10.061,-0.013067,-3.24e-07,6.649
0.14965,0.059611,0,10.067,-0.014464,-3.6221e-07,6.5966
0.14965,0.054993,0,10.066,-0.012804,-3.6175e-07,6.5984
0.15796,0.054992,0,10.071,-0.012448,-4.0437e-07,6.5469
0.1745,0.054992,0,10.081,-0.011411,-5.0651e-07,6.4423
0.16628,0.054992,0,10.076,-0.011986,-4.5262e-07,6.4947
0.17468,0.054991,0,10.081,-0.011397,-5.0775e-07,6.4412
0.18291,0.054991,0,10.087,-0.010681,-5.6863e-07,6.3879
0.19122,0.054991,0,10.092,-0.0097911,-6.3811e-07,6.3332
0.19954,0.054991,0,10.098,-0.0087004,-7.1661e-07,6.2775
0.20788,0.054991,0,10.103,-0.0073664,-8.0475e-07,6.2206
0.21621,0.054991,0,10.109,-0.0057369,-9.0338e-07,6.1625
0.22455,0.054991,0,10.115,-0.0037448,-1.013e-06,6.103
0.23288,0.054991,0,10.121,-0.0013046,-1.1334e-06,6.0417
0.24122,0.054991,0,10.127,0.0016913,-1.2639e-06,5.9785
0.24955,0.054991,0,10.134,0.0053803,-1.4028e-06,5.9128
0.25788,0.054991,0,10.141,0.0099389,-1.5471e-06,5.844
0.26622,0.054991,0,10.148,0.015595,-1.6918e-06,5.7713
0.27455,0.054991,0,10.155,0.02264,-1.8287e-06,5.6938
0.28289,0.054991,0,10.164,0.031449,-1.9473e-06,5.61
0.29122,0.054991,0,10.173,0.042489,-2.032e-06,5.5182
0.29956,0.054991,0,10.183,0.056345,-2.0603e-06,5.4158
0.3079,0.054993,0,10.194,0.073707,-1.999e-06,5.2995
0.31623,0.055016,0,10.208,0.095384,-1.8082e-06,5.1632
0.32459,0.055118,0,10.224,0.12251,-1.4258e-06,4.9973
0.33293,0.055142,0,10.244,0.15628,-7.5946e-07,4.7927
0.34128,0.055179,0,10.269,0.19783,3.1367e-07,4.5329
0.34968,0.055277,0,10.302,0.24853,1.9689e-06,4.1899
0.36571,0.055299,0,10.398,0.37277,7.4167e-06,3.1741
0.35806,0.059778,0,10.379,0.28147,3.2346e-06,3.4051
0.35803,0.055295,0,10.345,0.30881,4.3822e-06,3.7357
0.36816,0.055305,0,10.419,0.39463,8.5472e-06,2.9491
0.36638,0.056257,0,10.41,0.3705,7.2506e-06,3.0471
0.38017,0.055371,0,10.547,0.5063,1.4588e-05,1.5775
0.37473,0.055327,0,10.48,0.45498,1.1754e-05,2.2972
0.39932,0.055437,0,10.862,0.65867,2.2111e-05,-1.8849
0.40655,0.055451,0,11.015,0.68151,2.2026e-05,-3.6028
0.39988,0.055439,0,10.872,0.66237,2.2264e-05,-2.0035
0.40837,0.055454,0,11.054,0.68613,2.1917e-05,-4.0414
0.41659,0.057796,0,11.227,0.62612,1.6002e-05,-5.9777
0.41659,0.055466,0,11.235,0.67255,1.9034e-05,-6.0954
0.42495,0.05835,0,11.389,0.57126,1.1549e-05,-7.8058
0.42494,0.055474,0,11.407,0.62318,1.4543e-05,-8.0629
0.43329,0.055479,0,11.556,0.54723,9.7369e-06,-9.7581
0.4424,0.055485,0,11.686,0.44557,5.2246e-06,-11.216
0.44163,0.055484,0,11.677,0.45477,5.5176e-06,-11.122
0.47558,0.055489,0,11.892,0.053481,-2.1859e-06,-13.517
0.48335,0.055488,0,11.891,-0.027156,-2.558e-06,-13.503
0.49169,0.060255,0,11.836,-0.092118,-2.5071e-06,-12.826
0.49169,0.055486,0,11.875,-0.10572,-2.5026e-06,-13.305
0.50003,0.055484,0,11.845,-0.1761,-2.1472e-06,-12.953
0.50836,0.055481,0,11.804,-0.23838,-1.6362e-06,-12.473
0.52166,0.055475,0,11.718,-0.3209,-7.4564e-07,-11.479
0.5167,0.055477,0,11.753,-0.29288,-1.0737e-06,-11.884
0.52957,0.055472,0,11.658,-0.36168,-2.3506e-07,-10.794
0.53337,0.05547,0,11.628,-0.37992,6.2767e-09,-10.449
0.54171,0.055466,0,11.557,-0.41298,5.438e-07,-9.6296
0.55092,0.055461,0,11.472,-0.44112,1.2726e-06,-8.6615
0.55005,0.055462,0,11.481,-0.43912,1.1812e-06,-8.758
0.58353,0.055443,0,11.145,-0.46526,7.1209e-06,-4.953
0.59175,0.055434,0,11.063,-0.44904,9.598e-06,-4.0319
0.6001,0.05542,0,10.986,-0.42276,1.2317e-05,-3.1567
0.60849,0.055397,0,10.917,-0.38986,1.5148e-05,-2.3793
0.61667,0.055,0,10.858,-0.35353,1.7902e-05,-1.7225
0.625,0.055,0,10.81,-0.3135,2.0328e-05,-1.1879
0.625,0.055,0,10.81,-0.3135,2.0327e-05,-1.1879
0.64167,0.055,0,10.744,-0.23965,2.3928e-05,-0.46458
0.64167,0.055,0,10.744,-0.23965,2.3928e-05,-0.46458
0.64167,0.055,0,10.744,-0.23965,2.3928e-05,-0.46458
0.66111,0.055,0,10.698,-0.1725,2.6379e-05,0.033441
0.67222,0.055,0,10.681,-0.14293,2.7235e-05,0.21573
0.66667,0.055,0,10.689,-0.15657,2.6869e-05,0.13575
0.69167,0.055,0,10.662,-0.10405,2.8171e-05,0.42663
0.69167,0.055,0,10.662,-0.10405,2.8171e-05,0.42663
0.69167,0.055,0,10.662,-0.10405,2.8171e-05,0.42663
0.70556,0.055,0,10.653,-0.084727,2.8611e-05,0.51838
0.70833,0.0575,0,10.655,-0.078541,2.5483e-05,0.50496
0.70833,0.055,0,10.652,-0.081255,2.8692e-05,0.53417
0.71667,0.055,0,10.648,-0.072501,2.8915e-05,0.57114
0.71667,0.055,0,10.648,-0.072501,2.8915e-05,0.57114
0.84667,0.055,0,10.653,-0.029101,3.3077e-05,0.52395
0.85303,0.055,0,10.655,-0.028686,3.3257e-05,0.50705
0.85,0.058333,0,10.656,-0.028025,2.8978e-05,0.5132
0.85,0.055,0,10.654,-0.028866,3.3178e-05,0.51532
0,0.06,0,10,0,0,7.2701
0.0083138,0.06,0,10.001,-0.0025343,-2.16e-08,7.2666
0.016628,0.059999,0,10.002,-0.004923,-4.3375e-08,7.2548
0.02618,0.059999,0,10.004,-0.0072647,-5.9831e-08,7.2299
0.024942,0.059999,0,10.004,-0.0070092,-5.7875e-08,7.234
0.033255,0.064054,0,10.007,-0.0096743,-7.1e-08,7.2144
0.047631,0.059998,0,10.012,-0.010957,-9.3387e-08,7.1505
0.041569,0.063817,0,10.01,-0.011102,-8.4e-08,7.1812
0.049883,0.059998,0,10.013,-0.011269,-9.6875e-08,7.1412
0.061084,0.059997,0,10.018,-0.01248,-1.1456e-07,7.0907
0.058197,0.059997,0,10.017,-0.012215,-1.0988e-07,7.1043
0.066511,0.063109,0,10.021,-0.013837,-1.2299e-07,7.0676
0.079389,0.059996,0,10.027,-0.013858,-1.4647e-07,6.9999
0.087259,0.059996,0,10.031,-0.014263,-1.6217e-07,6.9586
0.083139,0.059996,0,10.029,-0.014077,-1.5363e-07,6.9805
0.10321,0.059995,0,10.04,-0.014805,-1.9855e-07,6.8712
0.10808,0.059995,0,10.043,-0.014914,-2.11e-07,6.8439
0.12215,0.059994,0,10.051,-0.015028,-2.5289e-07,6.7625
0.11639,0.059994,0,10.047,-0.015014,-2.3463e-07,6.7962
0.12704,0.059994,0,10.054,-0.015017,-2.6933e-07,6.7336
0.12471,0.061462,0,10.053,-0.015426,-2.6096e-07,6.7476
0.13302,0.059994,0,10.057,-0.014973,-2.9075e-07,6.698
0.14832,0.059993,0,10.067,-0.014638,-3.5617e-07,6.6046
0.14134,0.059993,0,10.062,-0.01483,-3.2438e-07,6.6476
0.15087,0.059993,0,10.068,-0.014554,-3.685e-07,6.5888
0.14965,0.06076,0,10.068,-0.014825,-3.6235e-07,6.5962
0.15797,0.059992,0,10.073,-0.014279,-4.05e-07,6.5444
0.17447,0.059992,0,10.083,-0.013318,-5.0759e-07,6.4386
0.16628,0.059992,0,10.078,-0.013854,-4.535e-07,6.4915
0.1747,0.059992,0,10.083,-0.013302,-5.0919e-07,6.4371
0.17459,0.06006,0,10.083,-0.013333,-5.084e-07,6.4377
0.18291,0.059991,0,10.089,-0.012631,-5.705e-07,6.3831
0.19122,0.059991,0,10.094,-0.011791,-6.4074e-07,6.3273
0.19955,0.059991,0,10.1,-0.010758,-7.1999e-07,6.2703
0.20788,0.059991,0,10.106,-0.0094934,-8.0913e-07,6.2118
0.21622,0.059991,0,10.112,-0.0079473,-9.0888e-07,6.1518
0.22455,0.059991,0,10.118,-0.0060568,-1.0197e-06,6.0899
0.23289,0.059991,0,10.124,-0.0037416,-1.1415e-06,6.0257
0.24122,0.059991,0,10.131,-0.00090088,-1.2731e-06,5.9588
0.24956,0.059991,0,10.138,0.0025945,-1.4126e-06,5.8885
0.25789,0.059991,0,10.145,0.0069082,-1.5565e-06,5.8139
0.26623,0.059991,0,10.153,0.012253,-1.6996e-06,5.7339
0.27456,0.059991,0,10.162,0.018902,-1.8324e-06,5.6472
0.2829,0.059991,0,10.171,0.027206,-1.9445e-06,5.5517
0.29123,0.059991,0,10.181,0.0376,-2.0239e-06,5.445
0.29958,0.064965,0,10.204,0.043764,-2.0651e-06,5.2395
0.29957,0.059991,0,10.193,0.050616,-2.0469e-06,5.3242
0.30791,0.059996,0,10.207,0.066824,-1.9792e-06,5.1848
0.31625,0.060037,0,10.223,0.086951,-1.7832e-06,5.0197
0.3246,0.06012,0,10.243,0.11201,-1.4237e-06,4.8191
0.33295,0.060146,0,10.267,0.14287,-8.5593e-07,4.5734
0.34133,0.060211,0,10.297,0.1805,1.413e-08,4.2651
0.35649,0.060273,0,10.373,0.26856,2.7697e-06,3.4628
0.34971,0.060269,0,10.334,0.2257,1.3053e-06,3.8718
0.36002,0.060275,0,10.397,0.29243,3.6605e-06,3.215
0.35806,0.060812,0,10.386,0.27491,2.9977e-06,3.3342
0.36641,0.060279,0,10.444,0.33792,5.4595e-06,2.7158
0.37709,0.06033,0,10.552,0.41988,9.0542e-06,1.5638
0.3748,0.060319,0,10.524,0.40218,8.2593e-06,1.8625
0.38321,0.064696,0,10.656,0.41036,8.0177e-06,0.47849
0.39963,0.060392,0,10.89,0.56619,1.4967e-05,-2.136
0.40478,0.0604,0,10.988,0.57812,1.4819e-05,-3.2373
0.3999,0.060393,0,10.895,0.56759,1.5012e-05,-2.1888
0.43238,0.060426,0,11.498,0.47827,6.2756e-06,-9.0138
0.42495,0.062521,0,11.364,0.49911,7.7958e-06,-7.4686
0.43329,0.060426,0,11.513,0.47147,5.8947e-06,-9.1842
0.44232,0.060431,0,11.634,0.38752,2.5689e-06,-10.557
0.44164,0.060431,0,11.626,0.39443,2.7655e-06,-10.476
0.47981,0.060434,0,11.845,0.010405,-2.7774e-06,-12.94
0.48822,0.060433,0,11.839,-0.062681,-2.6298e-06,-12.869
0.48335,0.060434,0,11.846,-0.0219,-2.8026e-06,-12.954
0.49485,0.060431,0,11.825,-0.11544,-2.3042e-06,-12.695
0.50002,0.06043,0,11.809,-0.1544,-1.9723e-06,-12.509
0.50836,0.060427,0,11.772,-0.21024,-1.3037e-06,-12.08
0.52166,0.060423,0,11.693,-0.28456,-1.4924e-07,-11.162
0.5167,0.060424,0,11.725,-0.25929,-5.7999e-07,-11.539
0.52956,0.060419,0,11.637,-0.32135,5.2632e-07,-10.52
0.53337,0.060418,0,11.609,-0.3378,8.475e-07,-10.195
0.54171,0.060414,0,11.542,-0.36756,1.5475e-06,-9.4202
0.55083,0.06041,0,11.462,-0.39258,2.3828e-06,-8.5109
0.55004,0.06041,0,11.469,-0.39098,2.2988e-06,-8.5932
0.58353,0.060394,0,11.153,-0.41389,7.3845e-06,-5.0033
0.59173,0.060387,0,11.077,-0.39997,9.2597e-06,-4.1426
0.60008,0.060378,0,11.004,-0.37766,1.127e-05,-3.3231
0.60848,0.060356,0,10.938,-0.3499,1.3317e-05,-2.5868
0.61667,0.06,0,10.881,-0.31925,1.5256e-05,-1.9532
0.625,0.06,0,10.834,-0.28502,1.6925e-05,-1.4216
0.625,0.06,0,10.834,-0.28502,1.6925e-05,-1.4216
0.64167,0.06,0,10.764,-0.22026,1.9338e-05,-0.6644
0.64167,0.06,0,10.764,-0.22026,1.9338e-05,-0.6644
0.64167,0.06,0,10.764,-0.22026,1.9338e-05,-0.6644
0.66667,0.06,0,10.703,-0.14543,2.1153e-05,0.0014415
0.66667,0.06,0,10.703,-0.14543,2.1153e-05,0.0014415
0.66667,0.06,0,10.703,-0.14543,2.1153e-05,0.0014415
0.69167,0.06,0,10.671,-0.097021,2.1918e-05,0.34418
0.69167,0.06,0,10.671,-0.097021,2.1918e-05,0.34418
0.69167,0.06,0,10.671,-0.097021,2.1918e-05,0.34418
0.71667,0.06,0,10.655,-0.067679,2.245e-05,0.52206
0.725,0.06,0,10.651,-0.060837,2.2637e-05,0.55827
0.71667,0.065,0,10.662,-0.062416,1.7478e-05,0.4767
0.71667,0.06,0,10.655,-0.067679,2.245e-05,0.52206
0.79167,0.06375,0,10.649,-0.03231,2.0937e-05,0.61588
0.81667,0.06375,0,10.652,-0.029008,2.1968e-05,0.58284
0.84167,0.06375,0,10.657,-0.027074,2.2954e-05,0.53074
0.85833,0.064375,0,10.662,-0.026105,2.2911e-05,0.48794
0.88333,0.064375,0,10.669,-0.025358,2.3542e-05,0.4155
0.90833,0.064375,0,10.677,-0.02496,2.3911e-05,0.33498
0.93333,0.064062,0,10.685,-0.024835,2.4363e-05,0.24847
0.95833,0.064062,0,10.694,-0.024819,2.4417e-05,0.15737
0,0.065,0,10,0,0,7.2866
0.0083139,0.065,0,10.001,-0.0029412,-2.16e-08,7.2827
0.016628,0.064999,0,10.002,-0.0056843,-4.325e-08,7.2694
0.024942,0.064999,0,10.004,-0.0080196,-5.775e-08,7.2462
0.033255,0.064998,0,10.007,-0.0098957,-7.1e-08,7.2162
0.041569,0.064998,0,10.01,-0.011407,-8.4e-08,7.1831
0.049883,0.064998,0,10.014,-0.012632,-9.675e-08,7.1476
0.058197,0.064997,0,10.018,-0.013603,-1.095e-07,7.1096
0.069802,0.064997,0,10.023,-0.014588,-1.2834e-07,7.0525
0.066511,0.064997,0,10.022,-0.014356,-1.2275e-07,7.0692
0.079398,0.064996,0,10.028,-0.015196,-1.4547e-07,7.003
0.087249,0.064996,0,10.033,-0.015579,-1.6109e-07,6.9612
0.083139,0.064996,0,10.03,-0.015403,-1.525e-07,6.9834
0.091453,0.067409,0,10.036,-0.016777,-1.6909e-07,6.939
0.10322,0.064995,0,10.042,-0.016104,-1.9783e-07,6.8727
0.10808,0.064995,0,10.044,-0.016213,-2.1025e-07,6.8451
0.11639,0.064994,0,10.049,-0.016327,-2.3412e-07,6.7969
0.12471,0.064994,0,10.054,-0.016369,-2.6088e-07,6.7478
0.13302,0.064994,0,10.059,-0.016341,-2.9087e-07,6.6978
0.14134,0.064993,0,10.064,-0.016238,-3.2475e-07,6.6469
0.14965,0.064993,0,10.069,-0.016057,-3.6287e-07,6.5951
0.15797,0.064992,0,10.074,-0.015789,-4.06e-07,6.5425
0.16628,0.064992,0,10.08,-0.015425,-4.55e-07,6.489
0.17459,0.064992,0,10.085,-0.01495,-5.1025e-07,6.4344
0.18291,0.064991,0,10.091,-0.014348,-5.7287e-07,6.3788
0.19122,0.064991,0,10.096,-0.013594,-6.4386e-07,6.322
0.19955,0.064991,0,10.102,-0.01266,-7.2386e-07,6.2637
0.20788,0.064991,0,10.108,-0.011508,-8.1413e-07,6.2037
0.21622,0.064991,0,10.114,-0.010094,-9.1537e-07,6.1419
0.22455,0.064991,0,10.121,-0.0083578,-1.0279e-06,6.0777
0.23289,0.064991,0,10.127,-0.0062265,-1.1512e-06,6.0107
0.24123,0.064991,0,10.134,-0.003608,-1.2844e-06,5.9403
0.24956,0.064991,0,10.142,-0.00038712,-1.4255e-06,5.8657
0.2579,0.064991,0,10.15,0.0035857,-1.5703e-06,5.7858
0.26623,0.064991,0,10.158,0.0085015,-1.7136e-06,5.6991
0.27457,0.064991,0,10.168,0.014611,-1.8432e-06,5.6037
0.28291,0.064991,0,10.178,0.022237,-1.9505e-06,5.4973
0.29954,0.064992,0,10.203,0.043661,-2.0651e-06,5.2398
0.29124,0.064991,0,10.19,0.031783,-2.0327e-06,5.377
0.29963,0.064993,0,10.204,0.043803,-2.0649e-06,5.2383
0.29958,0.065021,0,10.204,0.043682,-2.0655e-06,5.2386
0.30792,0.065009,0,10.219,0.058486,-1.9979e-06,5.0789
0.31627,0.065091,0,10.238,0.076725,-1.7825e-06,4.8877
0.32462,0.065128,0,10.261,0.099356,-1.4269e-06,4.6566
0.33298,0.065152,0,10.288,0.12702,-9.4922e-07,4.375
0.34137,0.065389,0,10.323,0.15985,-2.6148e-07,4.0192
0.34137,0.065238,0,10.322,0.16051,-2.5421e-07,4.0255
0.34974,0.065258,0,10.364,0.20021,7.5242e-07,3.5923
0.35808,0.065253,0,10.415,0.24576,2.092e-06,3.0518
0.36644,0.065259,0,10.48,0.29619,3.7565e-06,2.369
0.37485,0.065305,0,10.561,0.34965,5.6594e-06,1.5037
0.38423,0.065319,0,10.675,0.40788,7.7555e-06,0.28034
0.38322,0.065935,0,10.664,0.39447,7.2407e-06,0.40363
0.38322,0.065318,0,10.66,0.40225,7.5658e-06,0.43678
0.39973,0.065345,0,10.909,0.48056,9.8761e-06,-2.2949
0.40421,0.06535,0,10.987,0.48818,9.7041e-06,-3.1681
0.39992,0.065345,0,10.912,0.48131,9.8938e-06,-2.3288
0.4206,0.065366,0,11.275,0.46903,6.8549e-06,-6.4176
0.41661,0.067942,0,11.203,0.4421,6.2499e-06,-5.5587
0.42496,0.065369,0,11.35,0.45196,5.6304e-06,-7.2625
0.4333,0.065373,0,11.477,0.40086,3.0442e-06,-8.7133
0.44224,0.065377,0,11.59,0.33192,5.6466e-07,-10.007
0.44164,0.065377,0,11.584,0.33699,6.9504e-07,-9.9374
0.45833,0.07011,0,11.697,0.16276,-3.109e-06,-11.18
0.47981,0.06538,0,11.804,0.0092103,-3.1764e-06,-12.443
0.48369,0.06538,0,11.807,-0.021401,-3.0964e-06,-12.469
0.48335,0.06538,0,11.807,-0.018901,-3.1145e-06,-12.473
0.49963,0.065376,0,11.778,-0.13263,-2.053e-06,-12.128
0.50002,0.065376,0,11.777,-0.13524,-2.0222e-06,-12.116
0.50836,0.065374,0,11.744,-0.18466,-1.2425e-06,-11.73
0.52165,0.06537,0,11.671,-0.25068,1.1708e-07,-10.88
0.51669,0.065371,0,11.702,-0.2282,-3.9625e-07,-11.232
0.52956,0.065367,0,11.619,-0.28343,9.2562e-07,-10.275
0.53337,0.065366,0,11.592,-0.29808,1.3113e-06,-9.9693
0.5417,0.065362,0,11.528,-0.32454,2.1425e-06,-9.2342
0.55108,0.065359,0,11.451,-0.34717,3.1029e-06,-8.3447
0.55003,0.065359,0,11.46,-0.34531,2.9887e-06,-8.448
0.58352,0.065345,0,11.161,-0.36554,7.5284e-06,-5.0477
0.59172,0.065339,0,11.089,-0.35368,8.9837e-06,-4.2371
0.60007,0.065332,0,11.02,-0.3348,1.0485e-05,-3.4634
0.60846,0.065314,0,10.957,-0.31139,1.1956e-05,-2.7618
0.61667,0.065,0,10.902,-0.28548,1.3301e-05,-2.1486
0.625,0.065,0,10.855,-0.25624,1.442e-05,-1.6229
0.625,0.065,0,10.855,-0.25624,1.442e-05,-1.6229
0.64167,0.065,0,10.784,-0.19978,1.5926e-05,-0.84151
0.64167,0.065,0,10.784,-0.19978,1.5926e-05,-0.84151
0.64167,0.065,0,10.784,-0.19978,1.5926e-05,-0.84151
0.66667,0.065,0,10.717,-0.13318,1.684e-05,-0.1206
0.66667,0.065,0,10.717,-0.13318,1.684e-05,-0.1206
0.66667,0.065,0,10.717,-0.13318,1.684e-05,-0.1206
0.675,0.0675,0,10.71,-0.1106,1.5216e-05,-0.011564
0.69167,0.065,0,10.681,-0.089226,1.7144e-05,0.26823
0.69167,0.065,0,10.681,-0.089226,1.7144e-05,0.26823
0.69167,0.065,0,10.681,-0.089226,1.7144e-05,0.26823
0.70833,0.06625,0,10.67,-0.06825,1.638e-05,0.40954
0.775,0.0675,0,10.653,-0.033779,1.7121e-05,0.6142
0.78333,0.065,0,10.65,-0.033286,1.9367e-05,0.61856
0.79444,0.065,0,10.65,-0.03136,1.981e-05,0.61087
0.79167,0.065,0,10.65,-0.03178,1.9696e-05,0.61356
0.80833,0.065,0,10.652,-0.029468,2.0387e-05,0.59469
0.82083,0.065,0,10.654,-0.02822,2.091e-05,0.57381
0.81667,0.065,0,10.653,-0.028587,2.0738e-05,0.58148
0.83333,0.065,0,10.657,-0.027239,2.1417e-05,0.54889
0.84583,0.065,0,10.659,-0.026516,2.1887e-05,0.51972
0.84167,0.06625,0,10.66,-0.02641,2.0794e-05,0.52926
0.84167,0.065,0,10.658,-0.026728,2.1738e-05,0.52995
0.85556,0.065,0,10.662,-0.026069,2.2218e-05,0.49494
0.85,0.066667,0,10.663,-0.025909,2.0786e-05,0.50873
0.85972,0.065,0,10.663,-0.025903,2.2349e-05,0.48383
0.85833,0.065,0,10.663,-0.025952,2.2309e-05,0.48767
0.88056,0.065,0,10.669,-0.025292,2.289e-05,0.42372
0.88472,0.065,0,10.67,-0.025201,2.2977e-05,0.41101
0.88333,0.065,0,10.67,-0.025227,2.2951e-05,0.41535
0.90556,0.065,0,10.677,-0.024878,2.3301e-05,0.34409
0.91042,0.065,0,10.678,-0.024826,2.3355e-05,0.32784
0.90833,0.065,0,10.677,-0.024845,2.3335e-05,0.3349
0.91667,0.066875,0,10.683,-0.024485,2.2103e-05,0.30653
0.92976,0.065,0,10.685,-0.024697,2.3501e-05,0.26103
0.93583,0.065,0,10.687,-0.024676,2.353e-05,0.23946
0.93333,0.065,0,10.686,-0.024682,2.352e-05,0.24843
0.95,0.065,0,10.692,-0.024664,2.3576e-05,0.18817
0.96096,0.065,0,10.696,-0.024692,2.3598e-05,0.14753
0.95833,0.065,0,10.695,-0.02468,2.3594e-05,0.1574
0,0.07,0,10,0,0,7.3057
0.0083139,0.07,0,10.001,-0.0034451,-2.1587e-08,7.3013
0.016628,0.069999,0,10.002,-0.0065988,-4.325e-08,7.286
0.024942,0.069999,0,10.005,-0.0091251,-5.775e-08,7.2595
0.033256,0.069998,0,10.008,-0.011087,-7.1e-08,7.2267
0.04157,0.069998,0,10.012,-0.012725,-8.3875e-08,7.1916
0.049884,0.069998,0,10.015,-0.01413,-9.65e-08,7.1543
0.058198,0.069997,0,10.019,-0.015283,-1.0875e-07,7.1145
0.069794,0.069997,0,10.025,-0.01647,-1.2673e-07,7.0556
0.066512,0.069997,0,10.023,-0.01619,-1.2125e-07,7.0727
0.079407,0.069996,0,10.03,-0.017202,-1.4374e-07,7.005
0.08314,0.069996,0,10.032,-0.01745,-1.5075e-07,6.9851
0.09596,0.069995,0,10.039,-0.018033,-1.7861e-07,6.9143
0.091454,0.069996,0,10.037,-0.017868,-1.6825e-07,6.9396
0.10324,0.069995,0,10.043,-0.018258,-1.9614e-07,6.8731
0.10808,0.069995,0,10.046,-0.018378,-2.0838e-07,6.8453
0.1164,0.069994,0,10.051,-0.018498,-2.3212e-07,6.7967
0.12471,0.069994,0,10.056,-0.018538,-2.5875e-07,6.7472
0.13303,0.069994,0,10.061,-0.018503,-2.8863e-07,6.6968
0.14134,0.069993,0,10.066,-0.018394,-3.225e-07,6.6456
0.14965,0.069993,0,10.071,-0.018208,-3.6087e-07,6.5934
0.15797,0.069992,0,10.077,-0.01794,-4.045e-07,6.5403
0.16628,0.069992,0,10.082,-0.017584,-4.5388e-07,6.4862
0.1746,0.074932,0,10.091,-0.018699,-5.1135e-07,6.4284
0.1746,0.069992,0,10.087,-0.017127,-5.0962e-07,6.4311
0.18291,0.069991,0,10.093,-0.016554,-5.7288e-07,6.3747
0.19123,0.069991,0,10.099,-0.015843,-6.4449e-07,6.3169
0.19955,0.069991,0,10.105,-0.014971,-7.2561e-07,6.2575
0.20789,0.069991,0,10.111,-0.013902,-8.175e-07,6.1962
0.21622,0.069991,0,10.117,-0.012597,-9.2025e-07,6.1327
0.22456,0.069991,0,10.124,-0.011002,-1.0345e-06,6.0664
0.23289,0.069991,0,10.131,-0.009052,-1.16e-06,5.9969
0.24123,0.069991,0,10.138,-0.0066657,-1.2948e-06,5.9235
0.24957,0.069991,0,10.146,-0.0037436,-1.438e-06,5.845
0.2579,0.069991,0,10.154,-0.00015701,-1.5845e-06,5.7602
0.26624,0.069991,0,10.164,0.0042619,-1.729e-06,5.6674
0.27458,0.069991,0,10.174,0.0097365,-1.8541e-06,5.5643
0.28291,0.069991,0,10.185,0.016559,-1.9466e-06,5.4481
0.29125,0.069991,0,10.199,0.025109,-2.0356e-06,5.3153
0.29959,0.069993,0,10.214,0.035805,-2.1112e-06,5.1621
0.30793,0.070012,0,10.231,0.048912,-2.0652e-06,4.9837
0.31629,0.070107,0,10.252,0.065026,-1.8035e-06,4.7701
0.32464,0.07013,0,10.278,0.08495,-1.4099e-06,4.5122
0.34033,0.07023,0,10.341,0.13468,-5.6261e-07,3.8647
0.333,0.070169,0,10.308,0.10919,-1.0214e-06,4.199
0.34306,0.070239,0,10.354,0.14517,-3.3917e-07,3.7238
0.34976,0.070242,0,10.39,0.17258,2.942e-07,3.3509
0.35811,0.070233,0,10.444,0.21123,1.2914e-06,2.782
0.36647,0.070239,0,10.511,0.25334,2.4608e-06,2.0788
0.3766,0.070273,0,10.612,0.306,3.9849e-06,0.99726
0.37488,0.070272,0,10.593,0.29726,3.7339e-06,1.2114
0.39978,0.070296,0,10.925,0.40132,6.2577e-06,-2.4108
0.40403,0.0703,0,10.993,0.40659,6.0673e-06,-3.1735
0.39993,0.070296,0,10.927,0.40177,6.2643e-06,-2.4351
0.40841,0.070304,0,11.064,0.41142,5.843e-06,-3.9634
0.41662,0.072695,0,11.196,0.36648,3.525e-06,-5.4174
0.41662,0.070311,0,11.199,0.40301,4.6638e-06,-5.4807
0.42496,0.070317,0,11.33,0.37643,2.9037e-06,-6.9734
0.4333,0.07032,0,11.449,0.33482,9.5984e-07,-8.3291
0.44215,0.070323,0,11.555,0.27879,-9.0974e-07,-9.5505
0.44164,0.070323,0,11.55,0.28239,-8.2444e-07,-9.4928
0.45796,0.070326,0,11.693,0.16418,-3.1023e-06,-11.127
0.46213,0.070326,0,11.716,0.13315,-3.3521e-06,-11.388
0.45833,0.070539,0,11.695,0.16013,-3.1669e-06,-11.142
0.45833,0.070326,0,11.696,0.16143,-3.1432e-06,-11.159
0.47981,0.070326,0,11.771,0.0064347,-3.4964e-06,-12.014
0.48822,0.070325,0,11.771,-0.048413,-3.0614e-06,-12.019
0.48334,0.070326,0,11.775,-0.017636,-3.3784e-06,-12.058
0.49484,0.070323,0,11.762,-0.088413,-2.5576e-06,-11.908
0.50002,0.070322,0,11.751,-0.11814,-2.1013e-06,-11.772
0.50835,0.070321,0,11.721,-0.16112,-1.2373e-06,-11.423
0.52165,0.070317,0,11.653,-0.21883,2.7133e-07,-10.631
0.51669,0.070318,0,11.682,-0.19915,-3e-07,-10.962
0.52956,0.070315,0,11.604,-0.24754,1.1765e-06,-10.06
0.53336,0.070313,0,11.579,-0.2604,1.61e-06,-9.7704
0.54169,0.070311,0,11.518,-0.28364,2.5425e-06,-9.0709
0.55248,0.070307,0,11.433,-0.30571,3.7418e-06,-8.0893
0.55003,0.070308,0,11.453,-0.30187,3.465e-06,-8.321
0.55836,0.073396,0,11.385,-0.28781,4.6977e-06,-7.486
0.58351,0.070296,0,11.169,-0.31988,7.6522e-06,-5.0859
0.59172,0.07029,0,11.101,-0.30991,8.8163e-06,-4.3176
0.60006,0.070285,0,11.036,-0.29403,9.9352e-06,-3.5821
0.60844,0.070271,0,10.976,-0.27436,1.0968e-05,-2.9099
0.61667,0.07,0,10.922,-0.25247,1.1872e-05,-2.3146
0.625,0.07,0,10.876,-0.22755,1.2567e-05,-1.7957
0.625,0.07,0,10.876,-0.22755,1.2567e-05,-1.7957
0.64167,0.07,0,10.803,-0.17871,1.3349e-05,-0.99681
0.64167,0.07,0,10.803,-0.17871,1.3349e-05,-0.99681
0.64167,0.07,0,10.803,-0.17871,1.3349e-05,-0.99681
0.66667,0.07,0,10.733,-0.12017,1.3506e-05,-0.23006
0.66667,0.07,0,10.733,-0.12017,1.3506e-05,-0.23006
0.67917,0.07,0,10.711,-0.098473,1.3447e-05,0.011915
0.675,0.0725,0,10.727,-0.099157,1.2082e-05,-0.10127
0.675,0.07,0,10.717,-0.105,1.3466e-05,-0.058915
0.69167,0.07,0,10.693,-0.080807,1.3411e-05,0.19954
0.69167,0.07,0,10.693,-0.080807,1.3411e-05,0.19954
0.69167,0.07,0,10.693,-0.080807,1.3411e-05,0.19954
0.70333,0.07,0,10.682,-0.068184,1.3449e-05,0.32624
0.71667,0.07,0,10.672,-0.056721,1.3573e-05,0.43572
0.70833,0.07375,0,10.69,-0.058437,1.1168e-05,0.34
0.70833,0.07,0,10.678,-0.063408,1.3481e-05,0.3729
0.76667,0.07,0,10.657,-0.034342,1.4866e-05,0.60353
0.78333,0.07,0,10.657,-0.030923,1.5474e-05,0.60878
0.775,0.0725,0,10.664,-0.031123,1.3621e-05,0.60339
0.775,0.07,0,10.657,-0.032474,1.5162e-05,0.60835
0.78333,0.07,0,10.657,-0.030923,1.5474e-05,0.60878
0.79444,0.07,0,10.658,-0.029281,1.5938e-05,0.60315
0.79167,0.07,0,10.657,-0.029637,1.5819e-05,0.6054
0.80833,0.07,0,10.659,-0.027688,1.654e-05,0.58898
0.82083,0.07,0,10.661,-0.026658,1.7088e-05,0.56944
0.81667,0.07,0,10.661,-0.026959,1.6906e-05,0.57672
0.84667,0.07,0,10.667,-0.025254,1.8157e-05,0.5152
0.84167,0.07375,0,10.674,-0.024335,1.5786e-05,0.52578
0.85,0.073333,0,10.675,-0.024184,1.6365e-05,0.5062
0.85,0.07,0,10.668,-0.025121,1.8286e-05,0.5072
0.85972,0.07,0,10.67,-0.024812,1.8629e-05,0.48199
0.85833,0.07,0,10.67,-0.024849,1.8584e-05,0.48578
0.88056,0.07,0,10.676,-0.024358,1.9242e-05,0.42261
0.88472,0.07,0,10.677,-0.024293,1.9345e-05,0.41001
0.88333,0.07,0,10.677,-0.024311,1.9314e-05,0.41431
0.90556,0.07,0,10.684,-0.024074,1.9755e-05,0.34355
0.90833,0.07,0,10.684,-0.024053,1.98e-05,0.33441
0.92262,0.07,0,10.689,-0.023989,1.9984e-05,0.28579
0.91667,0.073125,0,10.691,-0.023406,1.8249e-05,0.30626
0.91667,0.07,0,10.687,-0.024009,1.9916e-05,0.3063
0.92976,0.07,0,10.691,-0.023974,2.0056e-05,0.26085
0.93583,0.07,0,10.693,-0.023969,2.0109e-05,0.23937
0.93333,0.07,0,10.693,-0.023968,2.0089e-05,0.2483
0.95,0.07,0,10.698,-0.023985,2.0209e-05,0.18826
0.96096,0.07,0,10.702,-0.02403,2.0266e-05,0.14778
0.95833,0.07,0,10.701,-0.024013,2.0254e-05,0.1576
0,0.075,0,10,0,0,7.3281
0.0083139,0.075,0,10.001,-0.0040792,-2.1675e-08,7.3232
0.016628,0.074999,0,10.003,-0.0078703,-4.3375e-08,7.3046
0.024942,0.074999,0,10.006,-0.010615,-5.775e-08,7.2729
0.033256,0.074998,0,10.009,-0.012414,-7.1125e-08,7.2371
0.04157,0.074998,0,10.013,-0.013744,-8.4e-08,7.2012
0.049884,0.074998,0,10.017,-0.014843,-9.625e-08,7.1633
0.058198,0.074997,0,10.021,-0.015756,-1.0713e-07,7.1223
0.069785,0.074997,0,10.027,-0.016771,-1.2307e-07,7.0619
0.066512,0.074997,0,10.025,-0.016516,-1.18e-07,7.0793
0.079418,0.074996,0,10.032,-0.017471,-1.395e-07,7.01
0.08314,0.074996,0,10.034,-0.017721,-1.465e-07,6.9898
0.095947,0.074995,0,10.041,-0.018408,-1.7594e-07,6.9178
0.091454,0.074996,0,10.039,-0.018195,-1.65e-07,6.9434
0.10325,0.074995,0,10.046,-0.018721,-1.9462e-07,6.8757
0.10808,0.074995,0,10.048,-0.018906,-2.0763e-07,6.8476
0.1164,0.074994,0,10.053,-0.019149,-2.3237e-07,6.7984
0.12471,0.074994,0,10.058,-0.019321,-2.595e-07,6.7483
0.13303,0.074994,0,10.063,-0.019421,-2.8987e-07,6.6973
0.14134,0.074993,0,10.069,-0.019446,-3.2413e-07,6.6454
0.14965,0.074993,0,10.074,-0.019394,-3.6262e-07,6.5927
0.15797,0.074992,0,10.079,-0.01926,-4.0625e-07,6.539
0.17439,0.074992,0,10.091,-0.018727,-5.0997e-07,6.4298
0.16628,0.074992,0,10.085,-0.019038,-4.555e-07,6.4843
0.17479,0.074992,0,10.091,-0.018709,-5.1284e-07,6.4271
0.1746,0.075112,0,10.091,-0.018776,-5.1116e-07,6.4283
0.18291,0.074991,0,10.096,-0.018286,-5.7513e-07,6.3712
0.19123,0.074991,0,10.102,-0.017725,-6.4736e-07,6.3125
0.19955,0.074991,0,10.109,-0.017012,-7.2936e-07,6.2521
0.20789,0.074991,0,10.115,-0.016121,-8.2262e-07,6.1895
0.21623,0.074991,0,10.122,-0.015015,-9.2625e-07,6.1244
0.22456,0.074991,0,10.128,-0.013647,-1.0424e-06,6.0563
0.2329,0.074991,0,10.136,-0.011963,-1.1694e-06,5.9845
0.24123,0.074991,0,10.144,-0.0098948,-1.3048e-06,5.9082
0.24957,0.074991,0,10.152,-0.0073626,-1.4514e-06,5.8264
0.25791,0.074991,0,10.161,-0.0042629,-1.5981e-06,5.7374
0.26624,0.074991,0,10.171,-0.0004591,-1.7373e-06,5.6393
0.27458,0.074991,0,10.182,0.0042406,-1.8396e-06,5.5295
0.28292,0.074992,0,10.194,0.010101,-1.8619e-06,5.4045
0.29126,0.074992,0,10.209,0.017504,-1.9441e-06,5.2606
0.2996,0.074993,0,10.225,0.026761,-2.175e-06,5.0941
0.30794,0.075015,0,10.245,0.037909,-2.2371e-06,4.9002
0.3163,0.075108,0,10.268,0.051601,-1.8843e-06,4.6674
0.32466,0.075139,0,10.295,0.068665,-1.3701e-06,4.3859
0.33943,0.075231,0,10.359,0.10876,-8.4676e-07,3.7338
0.33305,0.075215,0,10.329,0.089585,-1.0969e-06,4.0455
0.3441,0.075233,0,10.383,0.12408,-5.5856e-07,3.4792
0.34977,0.075226,0,10.415,0.14379,-1.1441e-07,3.1469
0.35813,0.075217,0,10.472,0.17594,6.5022e-07,2.557
0.36654,0.078797,0,10.562,0.17929,9.5923e-07,1.7034
0.36651,0.075225,0,10.54,0.21035,1.4779e-06,1.8399
0.37557,0.075237,0,10.629,0.24841,2.374e-06,0.8936
0.3749,0.075237,0,10.621,0.24569,2.3139e-06,0.97529
0.39987,0.075247,0,10.94,0.32739,3.6881e-06,-2.5043
0.39161,0.079926,0,10.846,0.24728,1.9955e-06,-1.3286
0.40299,0.07525,0,10.987,0.33012,3.5348e-06,-3.0283
0.39994,0.075247,0,10.941,0.32756,3.6891e-06,-2.516
0.42066,0.075261,0,11.253,0.31686,1.6444e-06,-6.0231
0.42497,0.075264,0,11.317,0.30581,9.4438e-07,-6.7417
0.43331,0.075266,0,11.428,0.2724,-5.42e-07,-8.0189
0.44207,0.075269,0,11.529,0.22759,-1.9743e-06,-9.1769
0.44165,0.075269,0,11.525,0.23003,-1.9192e-06,-9.1304
0.47981,0.075271,0,11.745,0.0022678,-3.7256e-06,-11.652
0.48359,0.075271,0,11.749,-0.01923,-3.5529e-06,-11.705
0.48334,0.075271,0,11.749,-0.017906,-3.5711e-06,-11.706
0.49973,0.075269,0,11.731,-0.10148,-2.1872e-06,-11.485
0.50001,0.075269,0,11.731,-0.10288,-2.1596e-06,-11.478
0.50835,0.075267,0,11.704,-0.13949,-1.2266e-06,-11.16
0.52165,0.075264,0,11.641,-0.18886,4.1213e-07,-10.416
0.51669,0.075265,0,11.667,-0.17199,-2.1126e-07,-10.729
0.52955,0.075262,0,11.594,-0.2135,1.4042e-06,-9.8742
0.53336,0.075261,0,11.571,-0.22455,1.8813e-06,-9.598
0.54169,0.075259,0,11.513,-0.24456,2.9038e-06,-8.929
0.55002,0.075257,0,11.451,-0.26027,3.8975e-06,-8.2106
0.56072,0.075254,0,11.366,-0.27339,5.151e-06,-7.2372
0.55836,0.075254,0,11.385,-0.27153,4.8737e-06,-7.4569
0.58351,0.075247,0,11.181,-0.27619,7.8572e-06,-5.1179
0.59171,0.075242,0,11.116,-0.26791,8.795e-06,-4.3852
0.60005,0.075238,0,11.054,-0.25466,9.6269e-06,-3.6817
0.60842,0.07523,0,10.996,-0.23833,1.0336e-05,-3.0343
0.61667,0.075,0,10.944,-0.22013,1.0897e-05,-2.4549
0.625,0.075,0,10.899,-0.19897,1.1244e-05,-1.9439
0.625,0.075,0,10.899,-0.19897,1.1244e-05,-1.9439
0.64167,0.075,0,10.826,-0.157,1.1399e-05,-1.1311
0.64167,0.075,0,10.826,-0.157,1.1399e-05,-1.1311
0.64167,0.075,0,10.826,-0.157,1.1399e-05,-1.1311
0.66667,0.075,0,10.753,-0.1066,1.0886e-05,-0.32751
0.66667,0.075,0,10.753,-0.1066,1.0886e-05,-0.32751
0.66667,0.075,0,10.753,-0.1066,1.0886e-05,-0.32751
0.69167,0.075,0,10.711,-0.072061,1.0439e-05,0.13792
0.69167,0.075,0,10.711,-0.072061,1.0439e-05,0.13792
0.69167,0.08,0,10.737,-0.062619,8.205e-06,0.084493
0.69167,0.075,0,10.711,-0.072061,1.0439e-05,0.13792
0.78333,0.075,0,10.67,-0.028449,1.242e-05,0.60062
0.79444,0.075,0,10.671,-0.027063,1.2914e-05,0.59686
0.79167,0.075,0,10.67,-0.027361,1.2788e-05,0.5987
0.80833,0.075,0,10.672,-0.025738,1.3555e-05,0.58452
0.82083,0.075,0,10.673,-0.024903,1.4133e-05,0.56616
0.81667,0.075,0,10.673,-0.025144,1.3943e-05,0.57309
0.83333,0.075,0,10.675,-0.024274,1.4699e-05,0.54322
0.84583,0.075,0,10.678,-0.023839,1.5232e-05,0.5155
0.84167,0.075,0,10.677,-0.023962,1.506e-05,0.52531
0.85556,0.075,0,10.679,-0.023586,1.5619e-05,0.49163
0.85972,0.075,0,10.68,-0.023496,1.5775e-05,0.48086
0.85833,0.075,0,10.68,-0.023521,1.5726e-05,0.4846
0.88056,0.075,0,10.685,-0.023201,1.6452e-05,0.42203
0.88472,0.075,0,10.686,-0.023163,1.657e-05,0.40951
0.88333,0.075,0,10.686,-0.023173,1.6534e-05,0.41379
0.90556,0.075,0,10.691,-0.02306,1.7048e-05,0.34336
0.91042,0.075,0,10.692,-0.02305,1.7139e-05,0.32725
0.90833,0.075,0,10.691,-0.023052,1.7102e-05,0.33426
0.92976,0.075,0,10.697,-0.023057,1.7433e-05,0.2609
0.93583,0.075,0,10.698,-0.023071,1.7504e-05,0.23946
0.93333,0.075,0,10.697,-0.023063,1.7477e-05,0.24838
0.95,0.075,0,10.701,-0.023123,1.7646e-05,0.18848
0.96096,0.075,0,10.704,-0.023189,1.7723e-05,0.14812
0.95833,0.075,0,10.703,-0.023166,1.7709e-05,0.15789
0,0.08,0,10,0,0,7.3539
0.008314,0.08,0,10.001,-0.0045518,-2.17e-08,7.3501
0.016628,0.079999,0,10.003,-0.009147,-4.3375e-08,7.3278
0.024942,0.079999,0,10.007,-0.012925,-5.775e-08,7.2865
0.033256,0.079998,0,10.011,-0.015771,-7.1375e-08,7.2435
0.04157,0.079998,0,10.015,-0.017868,-8.4625e-08,7.2044
0.049884,0.079998,0,10.019,-0.019342,-9.625e-08,7.1649
0.058198,0.079997,0,10.023,-0.020329,-1.035e-07,7.123
0.069776,0.079997,0,10.03,-0.021177,-1.1634e-07,7.0621
0.066512,0.079997,0,10.028,-0.020995,-1.1187e-07,7.0795
0.079428,0.079996,0,10.035,-0.02164,-1.3017e-07,7.0101
0.083141,0.079996,0,10.037,-0.021786,-1.3575e-07,6.9899
0.095933,0.079995,0,10.045,-0.022089,-1.6095e-07,6.9179
0.091455,0.079996,0,10.042,-0.02201,-1.5125e-07,6.9435
0.10327,0.079995,0,10.049,-0.022193,-1.7824e-07,6.8757
0.10808,0.079995,0,10.052,-0.022243,-1.9062e-07,6.8476
0.1164,0.079994,0,10.058,-0.022278,-2.1525e-07,6.7983
0.12471,0.079994,0,10.063,-0.022266,-2.43e-07,6.748
0.13303,0.079994,0,10.069,-0.02221,-2.7438e-07,6.6969
0.14134,0.079993,0,10.074,-0.022105,-3.0988e-07,6.6448
0.14966,0.079993,0,10.08,-0.021948,-3.495e-07,6.5917
0.15797,0.079993,0,10.086,-0.021735,-3.9437e-07,6.5377
0.16628,0.079992,0,10.092,-0.02146,-4.4513e-07,6.4826
0.1746,0.079992,0,10.098,-0.021113,-5.0238e-07,6.4262
0.18292,0.079991,0,10.105,-0.020678,-5.675e-07,6.3684
0.19123,0.079991,0,10.111,-0.020141,-6.4173e-07,6.309
0.19956,0.079991,0,10.118,-0.019484,-7.2561e-07,6.2477
0.20789,0.079991,0,10.125,-0.018683,-8.2137e-07,6.184
0.21623,0.079991,0,10.132,-0.017707,-9.2625e-07,6.1176
0.22456,0.079991,0,10.139,-0.016514,-1.0459e-06,6.0479
0.2329,0.079991,0,10.147,-0.015055,-1.1715e-06,5.9742
0.24124,0.079991,0,10.156,-0.013276,-1.3059e-06,5.8956
0.24957,0.079991,0,10.165,-0.011118,-1.4625e-06,5.8109
0.25791,0.079991,0,10.174,-0.0085052,-1.6084e-06,5.7185
0.26625,0.079991,0,10.185,-0.005342,-1.7051e-06,5.6161
0.27459,0.079991,0,10.197,-0.0014799,-1.7366e-06,5.5007
0.28293,0.079992,0,10.21,0.0033292,-1.4494e-06,5.3682
0.29127,0.079992,0,10.226,0.0096086,-1.457e-06,5.2144
0.29961,0.079997,0,10.244,0.017534,-2.277e-06,5.0373
0.30795,0.080033,0,10.264,0.026483,-2.7892e-06,4.832
0.31631,0.080108,0,10.289,0.03718,-2.3247e-06,4.5824
0.32467,0.08014,0,10.319,0.050655,-1.3787e-06,4.2785
0.33886,0.080225,0,10.384,0.082098,-1.144e-06,3.6153
0.33308,0.080223,0,10.355,0.067557,-1.1533e-06,3.9136
0.34472,0.080221,0,10.416,0.098164,-9.1008e-07,3.2828
0.34979,0.080212,0,10.445,0.11293,-5.5591e-07,2.9752
0.36639,0.080207,0,10.57,0.16651,7.4202e-07,1.6632
0.35816,0.080205,0,10.503,0.13936,9.6452e-08,2.3729
0.37064,0.080204,0,10.611,0.18075,1.0098e-06,1.2289
0.37537,0.0802,0,10.657,0.19652,1.2981e-06,0.73594
0.37492,0.080201,0,10.652,0.19509,1.2765e-06,0.78956
0.39116,0.08019,0,10.841,0.24267,1.8942e-06,-1.2744
0.39161,0.080447,0,10.849,0.24062,1.8464e-06,-1.34
0.39161,0.08019,0,10.847,0.24386,1.9065e-06,-1.3352
0.40121,0.080199,0,10.977,0.2591,1.7895e-06,-2.7732
0.39996,0.083438,0,10.974,0.21496,1.0311e-06,-2.6
0.39995,0.080198,0,10.959,0.2584,1.8519e-06,-2.574
0.42069,0.080209,0,11.253,0.24851,1.1989e-07,-5.883
0.42497,0.080211,0,11.312,0.23979,-4.2841e-07,-6.5573
0.43331,0.080213,0,11.418,0.21345,-1.5738e-06,-7.7719
0.44199,0.080215,0,11.514,0.17842,-2.6992e-06,-8.8762
0.44165,0.080215,0,11.511,0.17997,-2.6633e-06,-8.84
0.47981,0.080217,0,11.728,-0.0029009,-3.847e-06,-11.353
0.48354,0.080217,0,11.734,-0.020181,-3.6509e-06,-11.414
0.48334,0.080341,0,11.733,-0.019356,-3.6683e-06,-11.409
0.48334,0.080217,0,11.734,-0.019305,-3.6667e-06,-11.414
0.49978,0.080215,0,11.72,-0.088243,-2.1838e-06,-11.236
0.50001,0.080215,0,11.719,-0.089177,-2.1601e-06,-11.232
0.50835,0.080214,0,11.695,-0.11964,-1.178e-06,-10.938
0.52164,0.080211,0,11.635,-0.16105,5.6006e-07,-10.235
0.51668,0.080212,0,11.66,-0.14685,-1.0497e-07,-10.533
0.52955,0.08021,0,11.591,-0.18183,1.6253e-06,-9.718
0.53335,0.080209,0,11.569,-0.19116,2.14e-06,-9.4536
0.54169,0.080207,0,11.514,-0.20812,3.245e-06,-8.8107
0.55002,0.080206,0,11.455,-0.22147,4.3112e-06,-8.1192
0.56225,0.080203,0,11.362,-0.2337,5.7963e-06,-7.0455
0.55835,0.080204,0,11.392,-0.23107,5.335e-06,-7.3936
0.5835,0.080197,0,11.198,-0.23539,8.1969e-06,-5.1466
0.5917,0.080194,0,11.137,-0.22856,8.9625e-06,-4.4438
0.60004,0.080191,0,11.079,-0.21738,9.6322e-06,-3.7667
0.60841,0.080189,0,11.024,-0.20372,1.0131e-05,-3.1385
0.61667,0.08,0,10.974,-0.18886,1.0397e-05,-2.5726
0.625,0.08,0,10.929,-0.17115,1.0478e-05,-2.0725
0.625,0.08,0,10.929,-0.17115,1.0478e-05,-2.0725
0.64167,0.08,0,10.857,-0.13512,1.0102e-05,-1.2456
0.64167,0.08,0,10.857,-0.13512,1.0102e-05,-1.2456
0.64167,0.08,0,10.857,-0.13512,1.0102e-05,-1.2456
0.66667,0.08,0,10.783,-0.092289,8.9887e-06,-0.41188
0.66667,0.08,0,10.783,-0.092289,8.9887e-06,-0.41188
0.66667,0.08,0,10.783,-0.092289,8.9887e-06,-0.41188
0.78333,0.08,0,10.679,-0.026081,9.9562e-06,0.59327
0.79444,0.08,0,10.676,-0.024975,1.0456e-05,0.59113
0.79167,0.08,0,10.677,-0.025212,1.0328e-05,0.59262
0.80833,0.08,0,10.674,-0.023922,1.1107e-05,0.58038
0.82083,0.08,0,10.671,-0.023255,1.1702e-05,0.56309
0.81667,0.08,0,10.672,-0.023448,1.1505e-05,0.5697
0.8375,0.08,0,10.669,-0.022621,1.2477e-05,0.53225
0.84583,0.08,0,10.667,-0.022388,1.285e-05,0.51389
0.84167,0.08,0,10.668,-0.022493,1.2668e-05,0.52351
0.85556,0.08,0,10.666,-0.02217,1.3261e-05,0.49041
0.85972,0.08,0,10.665,-0.022089,1.3428e-05,0.47979
0.85833,0.08,0,10.665,-0.022113,1.3375e-05,0.48348
0.88056,0.08,0,10.661,-0.021792,1.4165e-05,0.42153
0.88472,0.08,0,10.66,-0.021746,1.4294e-05,0.4091
0.88333,0.08,0,10.661,-0.02176,1.4254e-05,0.41335
0.90556,0.08,0,10.656,-0.02157,1.483e-05,0.3433
0.91042,0.08,0,10.655,-0.021537,1.4933e-05,0.32726
0.90833,0.08,0,10.655,-0.02155,1.4892e-05,0.33423
0.92976,0.08,0,10.65,-0.021431,1.5269e-05,0.26112
0.93583,0.08,0,10.648,-0.021404,1.5353e-05,0.23975
0.93333,0.08,0,10.649,-0.021414,1.5322e-05,0.24864
0.95,0.08,0,10.644,-0.021352,1.5509e-05,0.18891
0.96096,0.08,0,10.641,-0.021327,1.5601e-05,0.14871
0.95833,0.08,0,10.642,-0.021326,1.558e-05,0.15842
0,0.085,0,10,0,0,7.3801
0.008314,0.085,0,10.001,-0.0050192,-2.165e-08,7.3788
0.016628,0.084999,0,10.003,-0.0073576,-4.3125e-08,7.3584
0.024942,0.084999,0,10.008,-0.0087773,-5.7625e-08,7.3154
0.033256,0.084998,0,10.013,-0.010639,-7.1e-08,7.2694
0.04157,0.084998,0,10.019,-0.012816,-8.725e-08,7.2257
0.049885,0.084998,0,10.025,-0.014815,-9.325e-08,7.1811
0.058199,0.084997,0,10.031,-0.016485,-8.8375e-08,7.1349
0.069766,0.084997,0,10.04,-0.018375,-1.0622e-07,7.0703
0.066513,0.084997,0,10.037,-0.017898,-9.8e-08,7.0885
0.07944,0.084996,0,10.048,-0.019693,-1.3162e-07,7.016
0.083141,0.084996,0,10.051,-0.020156,-1.4175e-07,6.9951
0.095919,0.084995,0,10.061,-0.021418,-1.7835e-07,6.9212
0.091456,0.084996,0,10.057,-0.021028,-1.66e-07,6.9473
0.10328,0.084995,0,10.067,-0.022007,-1.9898e-07,6.8779
0.10808,0.084995,0,10.071,-0.022353,-2.1263e-07,6.8494
0.1164,0.084994,0,10.078,-0.02284,-2.3775e-07,6.7994
0.12471,0.084994,0,10.085,-0.023226,-2.6538e-07,6.7485
0.13303,0.084994,0,10.092,-0.023517,-2.96e-07,6.6968
0.14134,0.084993,0,10.099,-0.023719,-3.3062e-07,6.6442
0.14966,0.084993,0,10.107,-0.023835,-3.695e-07,6.5906
0.15797,0.084992,0,10.114,-0.023867,-4.135e-07,6.5361
0.16629,0.084992,0,10.121,-0.023817,-4.635e-07,6.4805
0.1746,0.084992,0,10.128,-0.023678,-5.205e-07,6.4236
0.18292,0.084991,0,10.135,-0.023438,-5.8512e-07,6.3652
0.19123,0.084991,0,10.143,-0.023091,-6.5923e-07,6.3051
0.19956,0.084991,0,10.15,-0.022621,-7.4287e-07,6.243
0.2079,0.084991,0,10.157,-0.022018,-8.4087e-07,6.1784
0.21623,0.084991,0,10.165,-0.02126,-9.4338e-07,6.111
0.22457,0.084991,0,10.173,-0.020313,-1.0681e-06,6.0399
0.2329,0.084991,0,10.181,-0.019142,-1.1858e-06,5.9646
0.24124,0.084991,0,10.189,-0.017708,-1.3056e-06,5.8841
0.24958,0.084991,0,10.198,-0.015977,-1.4666e-06,5.7972
0.25792,0.084991,0,10.208,-0.013902,-1.6025e-06,5.7021
0.26625,0.084991,0,10.218,-0.011445,-1.5792e-06,5.5966
0.27459,0.084992,0,10.229,-0.0085549,-1.5329e-06,5.477
0.28293,0.084992,0,10.243,-0.0050819,-3.7287e-07,5.338
0.29127,0.084993,0,10.258,-0.00020615,-3.3206e-07,5.1738
0.29962,0.085008,0,10.276,0.0067752,-2.9502e-06,4.988
0.30797,0.085083,0,10.299,0.014577,-4.5245e-06,4.7803
0.31633,0.085119,0,10.325,0.023708,-3.312e-06,4.5215
0.32469,0.085156,0,10.358,0.034633,-8.3849e-07,4.2006
0.33848,0.085216,0,10.422,0.05758,-1.6906e-06,3.5204
0.33309,0.085218,0,10.395,0.047323,-1.1141e-06,3.8146
0.34542,0.085209,0,10.461,0.072077,-1.5414e-06,3.1094
0.34981,0.085202,0,10.486,0.08187,-1.0237e-06,2.834
0.36656,0.085193,0,10.61,0.12279,2.1872e-07,1.5007
0.35819,0.085201,0,10.543,0.10195,-2.7734e-07,2.2237
0.36709,0.085192,0,10.615,0.12415,2.3935e-07,1.4466
0.36658,0.085802,0,10.605,0.118,1.7878e-07,1.4863
0.37556,0.085165,0,10.695,0.14573,5.5076e-07,0.57127
0.37494,0.085167,0,10.689,0.14421,5.3763e-07,0.64401
0.42073,0.085157,0,11.26,0.18362,-8.9939e-07,-5.7729
0.41665,0.087669,0,11.16,0.15791,-8.2135e-07,-5.1254
0.42498,0.085158,0,11.316,0.17707,-1.3383e-06,-6.4131
0.43332,0.08516,0,11.416,0.15725,-2.1941e-06,-7.5792
0.44191,0.085162,0,11.507,0.13108,-3.1059e-06,-8.6392
0.44166,0.085161,0,11.504,0.13196,-3.0822e-06,-8.6127
0.48334,0.090046,0,11.572,-0.023527,-3.5033e-06,-11.008
0.49983,0.085161,0,11.704,-0.075282,-2.1074e-06,-11.034
0.49167,0.087663,0,11.642,-0.047534,-2.8703e-06,-11.097
0.50001,0.085161,0,11.704,-0.075835,-2.0879e-06,-11.031
0.50834,0.08516,0,11.68,-0.099747,-1.0374e-06,-10.755
0.52164,0.085158,0,11.623,-0.13272,8.2963e-07,-10.084
0.51668,0.085159,0,11.647,-0.12132,1.1252e-07,-10.369
0.52954,0.085157,0,11.581,-0.14954,1.986e-06,-9.5857
0.53335,0.085157,0,11.56,-0.15715,2.5475e-06,-9.3308
0.54168,0.085155,0,11.508,-0.17121,3.7638e-06,-8.7096
0.55001,0.085154,0,11.452,-0.18254,4.9388e-06,-8.0408
0.56242,0.085152,0,11.365,-0.1935,6.5847e-06,-6.9878
0.55835,0.085153,0,11.394,-0.19094,6.0638e-06,-7.3392
0.58733,0.085147,0,11.188,-0.19416,9.3886e-06,-4.8537
0.59169,0.085146,0,11.158,-0.19152,9.7713e-06,-4.4944
0.60003,0.085143,0,11.103,-0.18233,1.0351e-05,-3.8418
0.60839,0.085151,0,11.05,-0.17031,1.0661e-05,-3.2262
0.61672,0.085085,0,11,-0.1581,1.067e-05,-2.6653
0.625,0.085,0,10.954,-0.1442,1.0502e-05,-2.1825
0.625,0.085,0,10.954,-0.1442,1.0502e-05,-2.1825
0.64167,0.085,0,10.874,-0.11475,9.6312e-06,-1.3451
0.64167,0.085,0,10.874,-0.11475,9.6312e-06,-1.3451
0.64167,0.085,0,10.874,-0.11475,9.6312e-06,-1.3451
0.66667,0.085,0,10.783,-0.078406,7.865e-06,-0.4855
0.66667,0.085,0,10.783,-0.078406,7.865e-06,-0.4855
0.66667,0.085,0,10.783,-0.078406,7.865e-06,-0.4855
0.675,0.0875,0,10.565,-0.057352,7.0619e-06,-0.30632
0.7,0.0875,0,10.468,-0.037266,5.9206e-06,0.14405
0.725,0.0875,0,10.391,-0.02537,5.6119e-06,0.39842
0.78333,0.085,0,10.556,-0.020561,7.9825e-06,0.58896
0.79444,0.085,0,10.54,-0.019546,8.4971e-06,0.58813
0.79167,0.085,0,10.544,-0.019766,8.3625e-06,0.58934
0.80833,0.085,0,10.521,-0.018558,9.1762e-06,0.5786
0.82083,0.085,0,10.504,-0.017905,9.8013e-06,0.56205
0.81667,0.085,0,10.51,-0.018098,9.5963e-06,0.56845
0.83333,0.085,0,10.487,-0.017384,1.04e-05,0.54052
0.84583,0.085,0,10.471,-0.016983,1.1e-05,0.5138
0.84167,0.085,0,10.476,-0.017104,1.0803e-05,0.52331
0.85556,0.085,0,10.458,-0.016722,1.144e-05,0.49053
0.85972,0.085,0,10.452,-0.01662,1.1618e-05,0.47997
0.85833,0.085,0,10.454,-0.016651,1.1561e-05,0.48365
0.86667,0.088125,0,10.021,-0.0088925,1.1071e-05,0.46128
0.88056,0.085,0,10.426,-0.016196,1.2405e-05,0.42194
0.88472,0.085,0,10.42,-0.016122,1.2541e-05,0.40954
0.88333,0.085,0,10.422,-0.016145,1.2499e-05,0.41379
0.89167,0.088125,0,9.9826,-0.0087209,1.1927e-05,0.38811
0.90556,0.085,0,10.394,-0.015795,1.3105e-05,0.34381
0.91042,0.085,0,10.388,-0.015726,1.3211e-05,0.32777
0.90833,0.085,0,10.391,-0.015755,1.317e-05,0.33474
0.92976,0.085,0,10.364,-0.015473,1.3541e-05,0.26163
0.93583,0.085,0,10.357,-0.0154,1.3623e-05,0.24026
0.93333,0.085,0,10.36,-0.015429,1.3594e-05,0.24915
0.95,0.085,0,10.34,-0.015242,1.377e-05,0.18942
0.96071,0.085,0,10.327,-0.015135,1.3879e-05,0.15017
0.95833,0.085,0,10.33,-0.015155,1.3846e-05,0.15894
0.98333,0.088047,0,9.8753,-0.0089527,1.3123e-05,0.067215
0,0.09,0,10,0,0,7.422
0.0083141,0.09,0,10.01,-0.019166,-2.125e-08,7.3933
0.016628,0.089999,0,10.024,-0.026925,-4.2625e-08,7.3378
0.024942,0.089999,0,10.037,-0.028172,-5.7625e-08,7.2937
0.033257,0.089998,0,10.05,-0.028036,-7.05e-08,7.2602
0.041571,0.089998,0,10.064,-0.027996,-9.3625e-08,7.2241
0.049885,0.089998,0,10.077,-0.027928,-9.6625e-08,7.1816
0.058199,0.089997,0,10.09,-0.02777,-7.075e-08,7.1365
0.069761,0.089997,0,10.106,-0.027596,-6.7967e-08,7.0733
0.066513,0.089997,0,10.102,-0.027626,-6.45e-08,7.0911
0.079446,0.089996,0,10.118,-0.027532,-8.4277e-08,7.0195
0.083142,0.089996,0,10.123,-0.027519,-9.3e-08,6.9987
0.095911,0.089995,0,10.137,-0.0275,-1.4563e-07,6.9249
0.091456,0.089996,0,10.133,-0.027506,-1.2688e-07,6.951
0.10329,0.089995,0,10.145,-0.027487,-1.7685e-07,6.8813
0.10808,0.089995,0,10.15,-0.027476,-1.9725e-07,6.8528
0.1164,0.089994,0,10.157,-0.027445,-2.3225e-07,6.8025
0.12471,0.089994,0,10.164,-0.027397,-2.68e-07,6.7513
0.13303,0.089994,0,10.17,-0.02731,-3.0538e-07,6.6992
0.14134,0.089993,0,10.176,-0.02718,-3.4513e-07,6.6462
0.14966,0.089993,0,10.18,-0.02701,-3.8825e-07,6.5923
0.15797,0.089993,0,10.185,-0.026795,-4.3525e-07,6.5374
0.16629,0.089992,0,10.189,-0.026538,-4.875e-07,6.4813
0.1746,0.089992,0,10.192,-0.026226,-5.4625e-07,6.4239
0.18292,0.089991,0,10.195,-0.025852,-6.1237e-07,6.3649
0.19123,0.089991,0,10.198,-0.025413,-6.8748e-07,6.3042
0.19956,0.089991,0,10.2,-0.024883,-7.7162e-07,6.2413
0.2079,0.089991,0,10.202,-0.024248,-8.7188e-07,6.176
0.21623,0.089991,0,10.204,-0.023489,-9.7363e-07,6.1076
0.22457,0.089991,0,10.206,-0.022569,-1.1039e-06,6.0354
0.23291,0.089991,0,10.207,-0.021462,-1.2254e-06,5.9588
0.24125,0.089991,0,10.209,-0.020154,-1.3198e-06,5.8768
0.24958,0.089991,0,10.21,-0.018636,-1.4921e-06,5.7883
0.25792,0.089992,0,10.212,-0.016888,-1.6885e-06,5.6915
0.26626,0.089992,0,10.214,-0.014936,-1.5184e-06,5.5842
0.2746,0.089992,0,10.217,-0.012948,-1.5464e-06,5.4629
0.28294,0.089992,0,10.223,-0.01121,-5.787e-07,5.3204
0.29128,0.089993,0,10.232,-0.010246,-6.6188e-07,5.1442
0.29963,0.090011,0,10.257,-0.0089439,-3.3633e-06,4.9404
0.30798,0.0901,0,10.288,-0.0059885,-4.9267e-06,4.7255
0.31634,0.090131,0,10.322,0.0010518,-3.0986e-06,4.457
0.32473,0.090202,0,10.357,0.012514,-6.9747e-08,4.1292
0.33808,0.090212,0,10.405,0.034736,-2.2753e-06,3.4622
0.33311,0.090219,0,10.385,0.026046,-1.4664e-06,3.7423
0.34592,0.090199,0,10.439,0.048439,-2.0331e-06,2.9866
0.34982,0.090192,0,10.457,0.055262,-1.3381e-06,2.737
0.35821,0.090189,0,10.506,0.069336,-5.631e-07,2.1228
0.3666,0.090174,0,10.565,0.083328,-1.162e-07,1.3959
0.37559,0.090133,0,10.645,0.09915,7.4794e-08,0.46575
0.37495,0.090135,0,10.638,0.098039,7.0536e-08,0.53988
0.40837,0.090101,0,11.012,0.13111,-5.6646e-07,-3.8582
0.41665,0.090104,0,11.115,0.1269,-1.1544e-06,-5.0943
0.42499,0.090106,0,11.216,0.11767,-1.8859e-06,-6.3084
0.43332,0.090107,0,11.308,0.10382,-2.5623e-06,-7.439
0.44183,0.090108,0,11.39,0.08584,-3.2746e-06,-8.4637
0.44166,0.090108,0,11.389,0.086247,-3.2626e-06,-8.4464
0.45,0.095,0,10.585,0.036357,-3.6754e-06,-9.1899
0.47981,0.090109,0,11.567,-0.013937,-3.7085e-06,-10.935
0.48334,0.090108,0,11.57,-0.023554,-3.5005e-06,-11.006
0.49167,0.090108,0,11.568,-0.045453,-2.7331e-06,-11.017
0.50001,0.090108,0,11.557,-0.065881,-1.7415e-06,-10.883
0.50834,0.090107,0,11.538,-0.084565,-5.9362e-07,-10.622
0.52163,0.090106,0,11.489,-0.1103,1.4928e-06,-9.9722
0.51667,0.090106,0,11.51,-0.10141,6.8712e-07,-10.25
0.52953,0.090105,0,11.453,-0.12343,2.7932e-06,-9.4875
0.53334,0.090104,0,11.433,-0.12939,3.4276e-06,-9.2379
0.54168,0.090103,0,11.385,-0.14038,4.8013e-06,-8.6309
0.55001,0.090103,0,11.331,-0.14918,6.1212e-06,-7.9774
0.5624,0.090101,0,11.241,-0.15752,7.957e-06,-6.951
0.55834,0.090102,0,11.272,-0.15564,7.38e-06,-7.2923
0.58735,0.090098,0,11.037,-0.15698,1.0902e-05,-4.8738
0.59168,0.090098,0,11,-0.1548,1.1279e-05,-4.5276
0.60002,0.090096,0,10.929,-0.14714,1.1725e-05,-3.903
0.60837,0.090114,0,10.858,-0.13502,1.1842e-05,-3.3027
0.6167,0.090077,0,10.786,-0.12152,1.1669e-05,-2.7375
0.625,0.09,0,10.718,-0.10835,1.1258e-05,-2.2602
0.625,0.09,0,10.718,-0.10835,1.1258e-05,-2.2602
0.64167,0.09,0,10.588,-0.085265,9.8875e-06,-1.4169
0.64167,0.09,0,10.588,-0.085265,9.8875e-06,-1.4169
0.64167,0.09,0,10.588,-0.085265,9.8875e-06,-1.4169
0.65,0.0925,0,9.6417,-0.052294,8.565e-06,-1.1012
0.66667,0.09,0,10.42,-0.054654,7.4312e-06,-0.5443
0.66667,0.095,0,8.6558,-0.014107,6.3337e-06,-0.59707
0.66667,0.09,0,10.42,-0.054654,7.4312e-06,-0.5443
0.67917,0.09,0,10.347,-0.04253,6.4813e-06,-0.24073
0.675,0.09,0,10.371,-0.046139,6.7587e-06,-0.33152
0.69167,0.09,0,10.28,-0.032905,5.7625e-06,0.0021961
0.70556,0.09,0,10.215,-0.025129,5.2708e-06,0.19858
0.7,0.09,0,10.24,-0.027909,5.4275e-06,0.12874
0.71667,0.09,0,10.168,-0.020251,5.0512e-06,0.31957
0.73333,0.09,0,10.104,-0.014916,5.065e-06,0.44564
0.725,0.09,0,10.135,-0.017339,4.9937e-06,0.38953
0.78333,0.09,0,9.9501,-0.0070328,6.565e-06,0.58484
0.79444,0.09,0,9.9216,-0.0062436,7.0883e-06,0.58504
0.79167,0.09,0,9.9285,-0.0064114,6.95e-06,0.58603
0.80833,0.09,0,9.8878,-0.0055016,7.7912e-06,0.57649
0.82083,0.09,0,9.8595,-0.0050504,8.4388e-06,0.56054
0.81667,0.09,0,9.8687,-0.0051775,8.2275e-06,0.56677
0.83333,0.09,0,9.8325,-0.0047257,9.05e-06,0.53943
0.84583,0.09,0,9.8073,-0.0045216,9.6556e-06,0.51301
0.84167,0.09,0,9.8155,-0.0045759,9.4563e-06,0.52244
0.85556,0.09,0,9.7885,-0.0044182,1.0102e-05,0.48991
0.85833,0.09,0,9.7832,-0.0043937,1.0225e-05,0.48307
0.87167,0.09,0,9.7591,-0.0043374,1.0764e-05,0.44715
0.86667,0.09,0,9.7679,-0.0043492,1.0573e-05,0.4611
0.88056,0.09,0,9.7437,-0.0043304,1.1081e-05,0.42157
0.88333,0.09,0,9.739,-0.0043308,1.1176e-05,0.41343
0.89667,0.09,0,9.7173,-0.0043704,1.1571e-05,0.37218
0.89167,0.09,0,9.7253,-0.0043499,1.1433e-05,0.38799
0.90556,0.09,0,9.7035,-0.0044154,1.1799e-05,0.34353
0.91042,0.09,0,9.6962,-0.0044456,1.1909e-05,0.3275
0.90833,0.09,0,9.6993,-0.0044311,1.1866e-05,0.33448
0.92976,0.09,0,9.6684,-0.0046003,1.2262e-05,0.2614
0.93583,0.09,0,9.6601,-0.0046581,1.2353e-05,0.24003
0.93333,0.09,0,9.6634,-0.0046329,1.2319e-05,0.24892
0.95,0.09,0,9.6416,-0.0048066,1.2535e-05,0.18922
0.96096,0.09,0,9.628,-0.0049338,1.267e-05,0.14907
0.95833,0.09,0,9.6312,-0.0049054,1.2632e-05,0.15875
0.975,0.09,0,9.6112,-0.0051145,1.3064e-05,0.096928
0.98742,0.09,0,9.5969,-0.0051334,1.2324e-05,0.049885
0.98333,0.09,0,9.6023,-0.0050724,1.272e-05,0.067037
0,0.095,0,10,0,0,7.6601
0.0083141,0.095,0,9.9937,0.0038208,-2.0925e-08,7.5683
0.016628,0.094999,0,9.9885,-0.0083723,-4.2875e-08,7.4091
0.024943,0.094999,0,9.9782,-0.017246,-5.7625e-08,7.314
0.033257,0.094998,0,9.9635,-0.022872,-7.125e-08,7.2683
0.041571,0.094998,0,9.947,-0.026591,-8.1876e-08,7.228
0.049885,0.094998,0,9.9299,-0.028907,-1.125e-07,7.1812
0.058199,0.094997,0,9.9121,-0.030201,-1.5787e-07,7.1331
0.069797,0.094997,0,9.886,-0.030963,-1.9675e-07,7.0687
0.066514,0.094997,0,9.8935,-0.030856,-1.8836e-07,7.0868
0.079411,0.094996,0,9.8637,-0.031136,-2.1822e-07,7.0153
0.083143,0.094996,0,9.855,-0.031144,-2.2523e-07,6.9943
0.095959,0.094995,0,9.8243,-0.030822,-2.4593e-07,6.9204
0.091457,0.094996,0,9.8352,-0.030981,-2.3761e-07,6.9466
0.10325,0.094995,0,9.8066,-0.030523,-2.603e-07,6.8775
0.10809,0.094995,0,9.7948,-0.030295,-2.7049e-07,6.8488
0.1164,0.094995,0,9.7744,-0.029839,-2.9049e-07,6.7987
0.12472,0.094994,0,9.7539,-0.029337,-3.1349e-07,6.7477
0.13303,0.094994,0,9.7334,-0.028773,-3.4037e-07,6.6955
0.14134,0.094993,0,9.7129,-0.028151,-3.7112e-07,6.6425
0.14966,0.094993,0,9.6924,-0.027489,-4.0724e-07,6.5886
0.15798,0.094993,0,9.672,-0.026791,-4.49e-07,6.5337
0.16629,0.094992,0,9.6518,-0.02607,-4.9737e-07,6.4777
0.1746,0.094992,0,9.6318,-0.025318,-5.53e-07,6.4201
0.18292,0.094991,0,9.6121,-0.024541,-6.18e-07,6.3611
0.19124,0.094991,0,9.5926,-0.023749,-6.9223e-07,6.3002
0.19956,0.094991,0,9.5735,-0.022909,-7.7911e-07,6.237
0.2079,0.094991,0,9.5549,-0.022006,-8.7462e-07,6.1711
0.21624,0.094991,0,9.5367,-0.021022,-9.95e-07,6.102
0.22457,0.094991,0,9.5193,-0.019914,-1.1195e-06,6.0289
0.23291,0.094991,0,9.5026,-0.01866,-1.2916e-06,5.9512
0.24125,0.094991,0,9.4869,-0.017271,-1.4938e-06,5.8682
0.24959,0.094991,0,9.4723,-0.015757,-1.6496e-06,5.7787
0.25793,0.094991,0,9.4591,-0.014113,-1.8372e-06,5.6809
0.26626,0.094992,0,9.4473,-0.012392,-2.2205e-06,5.5735
0.2746,0.094992,0,9.4373,-0.010909,-2.7571e-06,5.4549
0.28295,0.094992,0,9.429,-0.010295,-4.8654e-06,5.3216
0.29129,0.094993,0,9.4231,-0.01316,-4.7011e-06,5.1658
0.29963,0.095012,0,9.416,-0.019216,-8.7083e-07,4.9678
0.30799,0.095101,0,9.401,-0.023628,1.4207e-06,4.7263
0.31635,0.095132,0,9.3918,-0.02156,-1.6203e-07,4.4078
0.32475,0.095212,0,9.3877,-0.011406,-3.1269e-06,4.0366
0.33776,0.095206,0,9.4187,0.011437,-3.3384e-07,3.3812
0.33312,0.095215,0,9.4009,0.003291,-1.4739e-06,3.6382
0.34683,0.095192,0,9.4611,0.025796,9.7321e-08,2.8433
0.34984,0.095188,0,9.4769,0.030191,-1.7176e-07,2.6571
0.35822,0.095177,0,9.5321,0.039947,-3.1328e-07,2.0554
0.3666,0.095157,0,9.6011,0.048506,-1.3308e-07,1.3304
0.37555,0.095108,0,9.6946,0.058044,-8.545e-08,0.40041
0.37496,0.095111,0,9.6875,0.057411,-8.1845e-08,0.46895
0.4,0.1,0,0,0,0,-2.6405
0.40835,0.095051,0,10.114,0.074624,-1.0239e-06,-3.8314
0.41666,0.095052,0,10.225,0.071314,-1.6323e-06,-5.05
0.42499,0.095053,0,10.33,0.065538,-2.3401e-06,-6.2409
0.43333,0.095053,0,10.426,0.057421,-3.1052e-06,-7.3504
0.44166,0.095054,0,10.509,0.047395,-3.576e-06,-8.3423
0.45009,0.095054,0,10.576,0.035894,-3.6739e-06,-9.196
0.45,0.095107,0,10.461,0.035638,-3.6338e-06,-9.1882
0.45,0.095054,0,10.575,0.036025,-3.6734e-06,-9.1886
0.47991,0.095054,0,10.661,-0.011742,-2.4609e-06,-10.802
0.48333,0.1,0,0,0,0,-10.806
0.48333,0.095054,0,10.658,-0.017992,-2.1678e-06,-10.87
0.49167,0.095054,0,10.632,-0.03377,-1.2718e-06,-10.883
0.5,0.1,0,0,0,0,-10.691
0.5,0.095054,0,10.59,-0.049108,-2.3502e-07,-10.759
0.50833,0.1,0,0,0,0,-10.446
0.50834,0.095053,0,10.531,-0.063383,9.6865e-07,-10.509
0.52159,0.095053,0,10.407,-0.08282,3.0762e-06,-9.8806
0.51667,0.095053,0,10.458,-0.07622,2.277e-06,-10.149
0.5294,0.095052,0,10.32,-0.09235,4.329e-06,-9.4142
0.525,0.1,0,0,0,0,-9.6462
0.53334,0.095052,0,10.273,-0.096785,4.9545e-06,-9.1631
0.54167,0.1,0,0,0,0,-8.5395
0.54167,0.095052,0,10.164,-0.10426,6.2124e-06,-8.5702
0.55,0.1,0,0,0,0,-7.9103
0.55001,0.095051,0,10.046,-0.10971,7.3862e-06,-7.9312
0.56202,0.095051,0,9.8643,-0.11351,8.8939e-06,-6.9589
0.55833,0.1,0,0,0,0,-7.2509
0.55834,0.095051,0,9.9215,-0.11304,8.4625e-06,-7.2618
0.56667,0.1,0,0,0,0,-6.5757
0.575,0.1,0,0,0,0,-5.8975
0.58721,0.095049,0,9.4685,-0.10711,1.1174e-05,-4.909
0.58333,0.1,0,0,0,0,-5.2298
0.59167,0.095049,0,9.3997,-0.10447,1.1431e-05,-4.559
0.60001,0.095048,0,9.2729,-0.097775,1.1601e-05,-3.9561
0.60836,0.095084,0,9.1454,-0.085886,1.1469e-05,-3.3932
0.61669,0.095068,0,9.0466,-0.07005,1.1126e-05,-2.8434
0.625,0.095,0,8.9734,-0.055877,1.0594e-05,-2.346
0.625,0.095,0,8.9734,-0.055877,1.0594e-05,-2.346
0.64167,0.095,0,8.8196,-0.03776,9.035e-06,-1.4696
0.64167,0.095,0,8.8196,-0.03776,9.035e-06,-1.4696
0.65417,0.095,0,8.7284,-0.025765,7.6219e-06,-0.98833
0.65,0.095,0,8.7554,-0.029824,8.085e-06,-1.1299
0.66667,0.095,0,8.6558,-0.014107,6.3337e-06,-0.59707
0.67917,0.095,0,8.6015,-0.0048742,5.3925e-06,-0.28151
0.675,0.095,0,8.6174,-0.0075326,5.6525e-06,-0.37641
0.69167,0.095,0,8.5594,0.0018292,4.7512e-06,-0.027102
0.70556,0.095,0,8.5265,0.0062532,4.3517e-06,0.17778
0.7,0.095,0,8.5381,0.0048028,4.475e-06,0.10514
0.71667,0.095,0,8.5065,0.0085647,4.1962e-06,0.30343
0.73333,0.095,0,8.4859,0.010468,4.2187e-06,0.43442
0.725,0.095,0,8.4951,0.0096956,4.1813e-06,0.37607
0.78333,0.095,0,8.4597,0.010788,5.47e-06,0.58116
0.79444,0.095,0,8.4578,0.010317,5.986e-06,0.58219
0.79167,0.095,0,8.4582,0.010448,5.8494e-06,0.583
0.80833,0.095,0,8.4563,0.009625,6.6935e-06,0.57447
0.82083,0.095,0,8.4558,0.0089273,7.3568e-06,0.55906
0.81667,0.095,0,8.4559,0.0091661,7.1323e-06,0.56514
0.83333,0.095,0,8.4555,0.008202,8.0315e-06,0.53837
0.84583,0.095,0,8.4556,0.007466,8.6243e-06,0.5123
0.84167,0.095,0,8.4555,0.0077115,8.4364e-06,0.52162
0.85556,0.095,0,8.4557,0.0068954,9.0565e-06,0.48942
0.85833,0.095,0,8.4558,0.0067329,9.1787e-06,0.48264
0.87167,0.095,0,8.456,0.0059692,9.7097e-06,0.44694
0.86667,0.095,0,8.4559,0.006252,9.5209e-06,0.46082
0.88056,0.095,0,8.4562,0.0054741,1.0025e-05,0.42149
0.88333,0.095,0,8.4562,0.0053208,1.012e-05,0.41339
0.89667,0.095,0,8.4564,0.0046139,1.0519e-05,0.37228
0.89167,0.095,0,8.4563,0.0048738,1.0379e-05,0.38804
0.90556,0.095,0,8.4564,0.0041617,1.0752e-05,0.34371
0.91042,0.095,0,8.4563,0.0039214,1.0868e-05,0.32772
0.90833,0.095,0,8.4564,0.0040222,1.0822e-05,0.33467
0.92976,0.095,0,8.456,0.0030174,1.1256e-05,0.26174
0.93583,0.095,0,8.4558,0.0027499,1.1362e-05,0.2404
0.93333,0.095,0,8.4559,0.0028575,1.1321e-05,0.24928
0.95,0.095,0,8.4551,0.0021564,1.1584e-05,0.18966
0.96096,0.095,0,8.4544,0.0017299,1.1706e-05,0.14951
0.95833,0.095,0,8.4546,0.0018236,1.1697e-05,0.15922
0.975,0.095,0,8.4532,0.0011997,1.1608e-05,0.097277
0.98742,0.095,0,8.452,0.00097368,1.2569e-05,0.049794
0.98333,0.095,0,8.4525,0.0011281,1.2153e-05,0.066131
0,0.1,0,5.7842,0,0,7.8689
0.0083142,0.1,0,0,0,0,7.7427
0.016628,0.1,0,0,0,0,7.5183
0.024943,0.1,0,0,0,0,7.3778
0.033257,0.1,0,0,0,0,7.31
0.041571,0.1,0,0,0,0,7.2568
0.049886,0.1,0,0,0,0,7.2002
0.0582,0.1,0,0,0,0,7.1451
0.069857,0.1,0,0,0,0,7.0742
0.066514,0.1,0,0,0,0,7.0939
0.07935,0.1,0,0,0,0,7.0182
0.083143,0.1,0,0,0,0,6.9959
0.09604,0.1,0,0,0,0,6.919
0.091458,0.1,0,0,0,0,6.9464
0.10317,0.1,0,0,0,0,6.8761
0.10809,0.1,0,0,0,0,6.8463
0.1164,0.1,0,0,0,0,6.7956
0.12472,0.1,0,0,0,0,6.7441
0.13303,0.1,0,0,0,0,6.6915
0.14135,0.1,0,0,0,0,6.6381
0.14966,0.1,0,0,0,0,6.584
0.15798,0.1,0,0,0,0,6.5288
0.16629,0.1,0,0,0,0,6.4727
0.17461,0.1,0,0,0,0,6.4151
0.18292,0.1,0,0,0,0,6.356
0.19124,0.1,0,0,0,0,6.2952
0.19957,0.1,0,0,0,0,6.2319
0.2079,0.1,0,0,0,0,6.1658
0.21624,0.1,0,0,0,0,6.0964
0.22458,0.1,0,0,0,0,6.0227
0.23291,0.1,0,0,0,0,5.9444
0.24125,0.1,0,0,0,0,5.8609
0.24959,0.1,0,0,0,0,5.771
0.25793,0.1,0,0,0,0,5.6728
0.26627,0.1,0,0,0,0,5.5656
0.27461,0.1,0,0,0,0,5.4497
0.28295,0.1,0,0,0,0,5.3261
0.29129,0.1,0,0,0,0,5.1969
0.29964,0.1,0,0,0,0,5.0189
0.308,0.1,0,0,0,0,4.7595
0.31636,0.1,0,0,0,0,4.4001
0.32476,0.1,0,0,0,0,3.9866
0.33722,0.1,0,0,0,0,3.346
0.33312,0.1,0,0,0,0,3.5687
0.34914,0.1,0,0,0,0,2.6556
0.34986,0.1,0,0,0,0,2.6124
0.35823,0.1,0,0,0,0,2.0233
0.36661,0.1,0,0,0,0,1.3016
0.37548,0.1,0,0,0,0,0.37801
0.37496,0.1,0,0,0,0,0.43712
0.4,0.1,0,0,0,0,-2.6405
0.40035,0.1,0,0,0,0,-2.6894
0.4,0.1,0,0,0,0,-2.6405
0.40833,0.1,0,0,0,0,-3.8164
0.41667,0.1,0,0,0,0,-5.0316
0.425,0.1,0,0,0,0,-6.2155
0.43333,0.1,0,0,0,0,-7.3185
0.44167,0.1,0,0,0,0,-8.3057
0.44167,0.1,0,0,0,0,-8.3057
0.48333,0.1,0,0,0,0,-10.806
0.5,0.1,0,0,0,0,-10.691
0.49167,0.1,0,0,0,0,-10.815
0.51578,0.1,0,0,0,0,-10.13
0.51667,0.1,0,0,0,0,-10.092
0.525,0.1,0,0,0,0,-9.6462
0.53577,0.1,0,0,0,0,-8.9524
0.53333,0.1,0,0,0,0,-9.1232
0.56035,0.1,0,0,0,0,-7.0877
0.56667,0.1,0,0,0,0,-6.5757
0.575,0.1,0,0,0,0,-5.8975
0.58333,0.1,0,0,0,0,-5.2298
0.59167,0.1,0,0,0,0,-4.5796
0.6,0.1,0,0,0,0,-3.9833
0.60835,0.1,0,0,0,0,-3.4473
0.61673,0.1,0,0,0,0,-2.9162
0.625,0.1,0,0,0,0,-2.4038
0.625,0.1,0,0,0,0,-2.4038
0.64167,0.1,0,0,0,0,-1.4973
0.64167,0.1,0,0,0,0,-1.4973
0.65417,0.1,0,0,0,0,-1.0195
0.65,0.1,0,0,0,0,-1.1607
0.66667,0.1,0,0,0,0,-0.62605
0.67917,0.1,0,0,0,0,-0.30383
0.675,0.1,0,0,0,0,-0.40121
0.69167,0.1,0,0,0,0,-0.042045
0.70556,0.1,0,0,0,0,0.16846
0.7,0.1,0,0,0,0,0.094044
0.71667,0.1,0,0,0,0,0.29694
0.73333,0.1,0,0,0,0,0.43059
0.725,0.1,0,0,0,0,0.37106
0.78333,0.1,0,0,0,0,0.58103
0.79444,0.1,0,0,0,0,0.58245
0.79167,0.1,0,0,0,0,0.58317
0.80833,0.1,0,0,0,0,0.57511
0.82083,0.1,0,0,0,0,0.55993
0.81667,0.1,0,0,0,0,0.56595
0.83333,0.1,0,0,0,0,0.53939
0.84583,0.1,0,0,0,0,0.51343
0.84167,0.1,0,0,0,0,0.52273
0.85556,0.1,0,0,0,0,0.49062
0.85833,0.1,0,0,0,0,0.48385
0.87167,0.1,0,0,0,0,0.44818
0.86667,0.1,0,0,0,0,0.46205
0.88056,0.1,0,0,0,0,0.42272
0.88333,0.1,0,0,0,0,0.41462
0.89667,0.1,0,0,0,0,0.37348
0.89167,0.1,0,0,0,0,0.38926
0.90556,0.1,0,0,0,0,0.34488
0.91042,0.1,0,0,0,0,0.32886
0.90833,0.1,0,0,0,0,0.33583
0.92976,0.1,0,0,0,0,0.26279
0.93583,0.1,0,0,0,0,0.24142
0.93333,0.1,0,0,0,0,0.25031
0.95,0.1,0,0,0,0,0.19058
0.96096,0.1,0,0,0,0,0.15035
0.95833,0.1,0,0,0,0,0.16009
0.975,0.1,0,0,0,0,0.09796
0.98742,0.1,0,0,0,0,0.050121
0.98333,0.1,0,0,0,0,0.066057
0.42071,-0.015868,0,11.75,-1.614,-0.00090361,-13.851
0.42022,-0.015867,0,11.728,-1.6428,-0.00085531,-13.612
0.42071,-0.016949,0,11.708,-1.5682,-0.00051649,-13.062
0.41651,-0.013353,0,11.634,-2.0206,-0.0016098,-13.766
0.41649,-0.013353,0,11.632,-2.0224,-0.0016079,-13.748
0.41651,-0.013477,0,11.629,-2.0127,-0.0015526,-13.651
0.41651,-0.013353,0,11.634,-2.0206,-0.0016098,-13.766
0.41651,-0.013353,0,11.634,-2.0206,-0.0016098,-13.766
0.41651,-0.013353,0,11.634,-2.0206,-0.0016098,-13.766
0.42909,-0.01588,0,11.971,-1.1406,-0.0013385,-16.165
0.4249,-0.013374,0,11.911,-1.4181,-0.001222,-17.208
0.4249,-0.013374,0,11.911,-1.4181,-0.001222,-17.208
0.4249,-0.013374,0,11.911,-1.4181,-0.001222,-17.208
0.43745,-0.01588,0,12.009,-0.7369,-0.0011661,-16.753
0.43745,-0.01588,0,12.009,-0.7369,-0.0011661,-16.753
0.43745,-0.01588,0,12.009,-0.7369,-0.0011661,-16.753
0.43745,-0.01588,0,12.009,-0.7369,-0.0011661,-16.753
0.43328,-0.013345,0,11.85,-0.91216,0.00015191,-18.204
0.43328,-0.013345,0,11.85,-0.91216,0.00015191,-18.204
0.43328,-0.013345,0,11.85,-0.91216,0.00015191,-18.204
0.44581,-0.015918,0,11.96,-0.40943,-0.00072862,-16.524
0.44581,-0.015918,0,11.96,-0.40943,-0.00072862,-16.524
0.44581,-0.015918,0,11.96,-0.40943,-0.00072862,-16.524
0.44581,-0.015918,0,11.96,-0.40943,-0.00072862,-16.524
0.44163,-0.013439,0,11.669,-0.52488,0.0010061,-17.881
0.45417,-0.01588,0,11.858,-0.14471,-0.00032974,-15.801
0.45417,-0.01588,0,11.858,-0.14471,-0.00032974,-15.801
0.45417,-0.01588,0,11.858,-0.14471,-0.00032974,-15.801
0.45417,-0.01588,0,11.858,-0.14471,-0.00032974,-15.801
0.44999,-0.013037,0,11.14,-0.21445,0.0019144,-17.258
0.44999,-0.013468,0,11.421,-0.23009,0.0014385,-17.145
0.44916,-0.0135,0,11.456,-0.25361,0.001382,-17.213
0.46252,-0.015919,0,11.754,0.065787,-0.00015864,-14.838
0.46252,-0.015919,0,11.754,0.065787,-0.00015864,-14.838
0.46252,-0.015919,0,11.754,0.065787,-0.00015864,-14.838
0.46252,-0.015919,0,11.754,0.065787,-0.00015864,-14.838
0.45834,-0.013505,0,11.193,0.016193,0.0014791,-16.124
0.47087,-0.015886,0,11.64,0.23625,-7.7499e-05,-13.738
0.47087,-0.015886,0,11.64,0.23625,-7.7499e-05,-13.738
0.47087,-0.015886,0,11.64,0.23625,-7.7499e-05,-13.738
0.47087,-0.015886,0,11.64,0.23625,-7.7499e-05,-13.738
0.46669,-0.013447,0,10.983,0.19187,0.0013902,-14.882
0.47847,-0.015876,0,11.542,0.36273,-8.0499e-05,-12.645
0.47921,-0.01588,0,11.534,0.37354,-8.4126e-05,-12.54
0.47503,-0.013306,0,10.763,0.33999,0.0012781,-13.648
0.47503,-0.013306,0,10.763,0.33999,0.0012781,-13.648
0.47503,-0.013306,0,10.763,0.33999,0.0012781,-13.648
0.48755,-0.015877,0,11.434,0.48674,-0.00011979,-11.289
0.48338,-0.013404,0,10.802,0.45811,0.0010185,-12.328
0.48338,-0.013404,0,10.802,0.45811,0.0010185,-12.328
0.48338,-0.013404,0,10.802,0.45811,0.0010185,-12.328
0.49395,-0.015878,0,11.363,0.55718,-0.00016991,-10.339
0.49589,-0.015877,0,11.341,0.57662,-0.0001882,-10.032
0.49172,-0.013389,0,10.796,0.55562,0.00074506,-11.024
0.49172,-0.013389,0,10.796,0.55562,0.00074506,-11.024
0.49172,-0.013389,0,10.796,0.55562,0.00074506,-11.024
0.50423,-0.015874,0,11.25,0.64843,-0.0002606,-8.762
0.50006,-0.013378,0,10.763,0.63363,0.00052652,-9.642
0.50006,-0.013378,0,10.763,0.63363,0.00052652,-9.642
0.50006,-0.013378,0,10.763,0.63363,0.00052652,-9.642
0.50006,-0.013378,0,10.763,0.63363,0.00052652,-9.642
0.51257,-0.015865,0,11.154,0.70542,-0.00031501,-7.4728
0.51257,-0.015865,0,11.154,0.70542,-0.00031501,-7.4728
0.5084,-0.013379,0,10.765,0.69868,0.00031311,-8.3064
0.5084,-0.013379,0,10.765,0.69868,0.00031311,-8.3064
0.5084,-0.013379,0,10.765,0.69868,0.00031311,-8.3064
0.5084,-0.013379,0,10.765,0.69868,0.00031311,-8.3064
0.51674,-0.013378,0,10.754,0.74897,0.00011868,-6.9897
0.40382,-0.010814,0,10.007,-2.9245,-0.0016289,2.1682
0.40382,-0.010814,0,10.007,-2.9245,-0.0016289,2.1682
0.3995,-0.0082084,0,8.6589,-2.8598,-0.002764,15.331
0.3995,-0.0082084,0,8.6589,-2.8598,-0.002764,15.331
0.3995,-0.0082084,0,8.6589,-2.8598,-0.002764,15.331
0.3995,-0.0082084,0,8.6589,-2.8598,-0.002764,15.331
0.3995,-0.0082084,0,8.6589,-2.8598,-0.002764,15.331
0.3995,-0.0082084,0,8.6589,-2.8598,-0.002764,15.331
0.4123,-0.010826,0,11.372,-2.5547,-0.0018062,-13.147
0.4123,-0.010826,0,11.372,-2.5547,-0.0018062,-13.147
0.4123,-0.010826,0,11.372,-2.5547,-0.0018062,-13.147
0.4085,-0.0083651,0,10.823,-3.2446,-0.00013467,-11.307
0.40805,-0.0083636,0,10.768,-3.3028,-0.00064097,-10.466
0.42072,-0.010767,0,11.493,-1.7165,0.0014581,-18.537
0.42909,-0.010923,0,10.736,-1.0212,0.0032436,-19.479
0.47926,-0.011437,0,8.6162,0.38218,0.0020379,-13.211
0.47932,-0.0112,0,8.2295,0.3778,0.0020558,-13.245
0.48806,-0.010725,0,7.8679,0.4339,0.0019137,-11.879
0.48753,-0.010756,0,7.8891,0.43014,0.0019069,-11.953
0.49568,-0.010793,0,8.4624,0.52549,0.0017163,-10.612
0.49599,-0.010776,0,8.4572,0.52804,0.0017114,-10.566
0.49589,-0.010781,0,8.4578,0.52712,0.0017136,-10.583
0.49589,-0.01083,0,8.5219,0.52987,0.0017012,-10.579
0.50408,-0.010825,0,8.967,0.61807,0.0014766,-9.2154
0.50431,-0.010815,0,8.9676,0.61981,0.0014708,-9.175
0.50423,-0.010798,0,8.9409,0.61768,0.0014769,-9.1907
0.50423,-0.010818,0,8.9669,0.61908,0.001473,-9.1892
0.51257,-0.010848,0,9.3525,0.69742,0.0011814,-7.8431
0.51257,-0.010848,0,9.3525,0.69742,0.0011814,-7.8431
0.52091,-0.010839,0,9.6218,0.75002,0.00088683,-6.419
0.52091,-0.010839,0,9.6218,0.75002,0.00088683,-6.419
0.52091,-0.010839,0,9.6218,0.75002,0.00088683,-6.419
0.51676,-0.0085808,0,6.8725,0.57274,0.0013837,-7.3546
0.53115,-0.010885,0,9.8601,0.80391,0.00054899,-4.7791
0.52925,-0.010883,0,9.8244,0.79466,0.00060423,-5.0719
0.52925,-0.010883,0,9.8244,0.79466,0.00060423,-5.0719
0.52925,-0.010883,0,9.8244,0.79466,0.00060423,-5.0719
0.52925,-0.010883,0,9.8244,0.79466,0.00060423,-5.0719
0.52925,-0.010883,0,9.8244,0.79466,0.00060423,-5.0719
0.52925,-0.010883,0,9.8244,0.79466,0.00060423,-5.0719
0.52572,-0.0083325,0,7.358,0.63897,0.0012735,-5.7851
0.52508,-0.0083727,0,7.3524,0.63661,0.0012843,-5.9392
0.5367,-0.010872,0,9.9339,0.82172,0.0003946,-3.803
0.53759,-0.010872,0,9.9456,0.82405,0.00037063,-3.6563
0.53759,-0.011569,0,10.193,0.82662,0.00018341,-3.6398
0.53759,-0.010872,0,9.9456,0.82405,0.00037063,-3.6563
0.53759,-0.010872,0,9.9456,0.82405,0.00037063,-3.6563
0.53759,-0.010872,0,9.9456,0.82405,0.00037063,-3.6563
0.53431,-0.0082787,0,7.9647,0.72184,0.0010814,-4.2639
0.53341,-0.0082954,0,7.9197,0.71312,0.0011049,-4.4356
0.54593,-0.010866,0,10.013,0.84027,0.00015941,-2.2129
0.54176,-0.0083833,0,8.4816,0.77115,0.00078005,-2.9709
0.54176,-0.0083833,0,8.4816,0.77115,0.00078005,-2.9709
0.54176,-0.0083833,0,8.4816,0.77115,0.00078005,-2.9709
0.5553,-0.010847,0,10.025,0.83565,-2.0089e-05,-0.497
0.55426,-0.01085,0,10.027,0.83736,-2.9737e-06,-0.69009
0.55009,-0.0083662,0,8.8072,0.80744,0.00063005,-1.5033
0.55009,-0.0083662,0,8.8072,0.80744,0.00063005,-1.5033
0.55009,-0.0083662,0,8.8072,0.80744,0.00063005,-1.5033
0.56191,-0.010829,0,9.9916,0.81677,-0.0001141,0.75918
0.5626,-0.009643,0,9.6379,0.81589,7.7251e-05,0.95063
0.5626,-0.010827,0,9.9843,0.81441,-0.00012127,0.89286
0.5626,-0.010827,0,9.9843,0.81441,-0.00012127,0.89286
0.55843,-0.0083553,0,9.0051,0.81288,0.00041503,0.14097
0.55843,-0.0083553,0,9.0051,0.81288,0.00041503,0.14097
0.55843,-0.0083553,0,9.0051,0.81288,0.00041503,0.14097
0.55843,-0.0083553,0,9.0051,0.81288,0.00041503,0.14097
0.56677,-0.0083394,0,9.1221,0.79061,0.00022265,1.8718
0.39511,-0.0054195,0,7.6596,-1.626,-0.0025597,25.856
0.39511,-0.0054195,0,7.6596,-1.626,-0.0025597,25.856
0.39088,-0.0026785,0,7.8709,-0.4333,2.0383e-05,25.41
0.39088,-0.0026785,0,7.8709,-0.4333,2.0383e-05,25.41
0.39088,-0.0026785,0,7.8709,-0.4333,2.0383e-05,25.41
0.40394,-0.0056218,0,9.3122,-4.3748,0.0012489,-1.3787
0.39941,-0.0029003,0,5.4274,-3.5238,-0.0027154,35.896
0.54669,-0.0056745,0,6,0.60875,0.00087684,-2.0511
0.54585,-0.0057632,0,5.9464,0.59326,0.00086396,-2.306
0.55396,-0.005816,0,6.7527,0.67823,0.0007692,-0.7055
0.55426,-0.005838,0,6.8041,0.68186,0.00076548,-0.66577
0.55426,-0.0060547,0,7.0297,0.69851,0.00076055,-0.66079
0.56253,-0.0058573,0,7.3625,0.73373,0.0006172,0.9968
0.5626,-0.0058569,0,7.3648,0.73382,0.00061586,1.0143
0.5626,-0.0058569,0,7.3648,0.73382,0.00061586,1.0143
0.57093,-0.0058174,0,7.6848,0.72092,0.00045056,2.9589
0.57093,-0.0058174,0,7.6848,0.72092,0.00045056,2.9589
0.57093,-0.0058174,0,7.6848,0.72092,0.00045056,2.9589
0.56677,-0.0034355,0,5.1684,0.55843,0.00053425,1.9558
0.56577,-0.0035521,0,5.2149,0.56829,0.0005479,1.677
0.57927,-0.0058286,0,7.8706,0.64065,0.00028455,5.0076
0.57927,-0.0058286,0,7.8706,0.64065,0.00028455,5.0076
0.57927,-0.0058286,0,7.8706,0.64065,0.00028455,5.0076
0.57927,-0.0058286,0,7.8706,0.64065,0.00028455,5.0076
0.57577,-0.0032834,0,5.6914,0.58803,0.00045867,4.3248
0.57509,-0.0032353,0,5.5946,0.58637,0.00046435,4.1802
0.58754,-0.0057872,0,7.9594,0.44019,0.00017493,6.4355
0.58341,-0.0033182,0,6.0775,0.49362,0.00041859,6.3674
0.58341,-0.0033182,0,6.0775,0.49362,0.00041859,6.3674
0.58341,-0.0033182,0,6.0775,0.49362,0.00041859,6.3674
0.59633,-0.0055861,0,8.0272,0.234,0.00023016,5.9409
0.59583,-0.0056605,0,8.0536,0.24065,0.00022139,6.044
0.59583,-0.0056605,0,8.0536,0.24065,0.00022139,6.044
0.59168,-0.0033205,0,6.3953,0.25844,0.0018969,6.9262
0.59168,-0.0033205,0,6.3953,0.25844,0.0018969,6.9262
0.59168,-0.0033205,0,6.3953,0.25844,0.0018969,6.9262
0.59168,-0.0033205,0,6.3953,0.25844,0.0018969,6.9262
0.60001,-0.0024928,0,6.2368,0.14197,0.00087923,5.3148
0.60001,-0.0024928,0,6.2368,0.14197,0.00087923,5.3148
0.39503,0.00034462,0,6.4513,0.29703,-0.0023485,35.295
0.39503,-1.2103e-05,0,6.4205,0.11926,-0.0033804,35.555
0.39503,-1.2103e-05,0,6.4205,0.11926,-0.0033804,35.555
0.39503,-1.2103e-05,0,6.4205,0.11926,-0.0033804,35.555
0.39503,-1.2103e-05,0,6.4205,0.11926,-0.0033804,35.555
0.39087,0.0027134,0,7.8794,0.70992,0.0042435,25.16
0.39087,0.0027134,0,7.8794,0.70992,0.0042435,25.16
0.39087,0.0027134,0,7.8794,0.70992,0.0042435,25.16
0.39943,0.0025325,0,4.8551,3.6292,0.01651,38.286
0.39932,0.002928,0,5.3097,3.7172,0.013248,35.695
0.39968,0.0029886,0,5.3394,4.0153,0.016106,34.224
0.58757,-0.0011388,0,4.196,0.25848,0.0006077,7.2245
0.59581,-0.00098735,0,4.6575,0.0043224,0.0020202,6.7175
0.60007,0.0026051,0,4.3051,-0.81542,0.00064783,3.6592
0.60007,0.0026051,0,4.3051,-0.81542,0.00064783,3.6592
0.39508,0.0054326,0,7.6615,1.9231,0.0060269,25.339
0.39508,0.0054326,0,7.6615,1.9231,0.0060269,25.339
0.40378,0.0058426,0,9.2448,4.7655,0.0070184,-2.54
0.39946,0.0082177,0,8.6594,3.2335,-0.0008017,14.073
0.39946,0.0082177,0,8.6594,3.2335,-0.0008017,14.073
0.39946,0.0082177,0,8.6594,3.2335,-0.0008017,14.073
0.39946,0.0082177,0,8.6594,3.2335,-0.0008017,14.073
0.39946,0.0082177,0,8.6594,3.2335,-0.0008017,14.073
0.39946,0.0082177,0,8.6594,3.2335,-0.0008017,14.073
0.40806,0.0082395,0,10.77,3.7868,0.0007925,-14.061
0.5589,0.0082802,0,6.4949,-0.66697,0.0017555,-10.041
0.55841,0.0083329,0,6.5087,-0.66509,0.0017621,-10.106
0.56677,0.0083809,0,7.4682,-0.79824,0.0016636,-8.7828
0.57928,0.0059296,0,6.0463,-0.74485,0.0015363,-7.2795
0.5751,0.0083057,0,8.121,-0.92493,0.001479,-7.6535
0.5751,0.0083057,0,8.121,-0.92493,0.001479,-7.6535
0.58767,0.0058149,0,6.8359,-1.0858,0.0012661,-4.7341
0.58346,0.0083293,0,8.6905,-1.1043,0.001195,-6.0196
0.58346,0.0083293,0,8.6905,-1.1043,0.001195,-6.0196
0.58346,0.0083293,0,8.6905,-1.1043,0.001195,-6.0196
0.59718,0.0056538,0,7.1641,-1.1041,0.00089508,1.3574
0.59604,0.0057113,0,7.1832,-1.1356,0.00092849,0.76513
0.59604,0.0057113,0,7.1832,-1.1356,0.00092849,0.76513
0.59604,0.0057113,0,7.1832,-1.1356,0.00092849,0.76513
0.59604,0.0057113,0,7.1832,-1.1356,0.00092849,0.76513
0.59185,0.0077451,0,8.5117,-1.2135,0.00092969,-2.0139
0.59185,0.0082497,0,8.8335,-1.2196,0.00085516,-2.0379
0.59185,0.0082497,0,8.8335,-1.2196,0.00085516,-2.0379
0.59185,0.0082497,0,8.8335,-1.2196,0.00085516,-2.0379
0.59185,0.0082497,0,8.8335,-1.2196,0.00085516,-2.0379
0.40379,0.010797,0,10.085,3.3744,-0.001246,-0.21008
0.40379,0.010797,0,10.085,3.3744,-0.001246,-0.21008
0.40379,0.010797,0,10.085,3.3744,-0.001246,-0.21008
0.40379,0.010797,0,10.085,3.3744,-0.001246,-0.21008
0.41227,0.010818,0,11.506,3.0377,-0.0051004,-17.131
0.41227,0.010818,0,11.506,3.0377,-0.0051004,-17.131
0.40805,0.013337,0,10.949,2.9624,-6.1116e-05,-7.913
0.42073,0.010906,0,11.304,2.0916,0.0051756,-23.158
0.42072,0.011011,0,11.374,2.1051,0.0045397,-23.064
0.41648,0.013377,0,11.871,2.4984,-0.0048369,-18.112
0.41648,0.013377,0,11.871,2.4984,-0.0048369,-18.112
0.41648,0.013377,0,11.871,2.4984,-0.0048369,-18.112
0.41648,0.013377,0,11.871,2.4984,-0.0048369,-18.112
0.42487,0.013365,0,12.128,1.8666,-0.0029237,-22.58
0.424,0.013359,0,12.127,1.9259,-0.003367,-22.305
0.43325,0.013269,0,11.656,1.2737,0.0022256,-24.275
0.44162,0.013332,0,10.617,0.7759,0.004315,-24.727
0.44101,0.013289,0,10.645,0.80173,0.0043353,-24.677
0.49171,0.013522,0,8.4743,-0.32836,0.0031886,-19.696
0.49983,0.013134,0,8.3096,-0.41645,0.0029418,-18.493
0.50837,0.012871,0,8.292,-0.48139,0.0026806,-17.429
0.50838,0.013222,0,8.8547,-0.50749,0.0026125,-17.403
0.50818,0.01323,0,8.8552,-0.50567,0.0026186,-17.433
0.51672,0.013307,0,9.4189,-0.60894,0.0021186,-16.172
0.52926,0.011107,0,7.3032,-0.58238,0.0022104,-14.57
0.52507,0.013349,0,9.8249,-0.70114,0.0016336,-14.955
0.52507,0.013349,0,9.8249,-0.70114,0.0016336,-14.955
0.53731,0.010935,0,7.8179,-0.661,0.0020635,-13.357
0.53758,0.011103,0,8.0562,-0.68003,0.0020183,-13.284
0.53758,0.010919,0,7.8238,-0.66223,0.0020635,-13.29
0.53341,0.012994,0,9.8379,-0.76013,0.0015525,-13.674
0.5329,0.013379,0,10.118,-0.76943,0.0012943,-13.746
0.53341,0.013377,0,10.151,-0.77376,0.001283,-13.655
0.53341,0.013377,0,10.151,-0.77376,0.001283,-13.655
0.53341,0.013377,0,10.151,-0.77376,0.001283,-13.655
0.54512,0.010858,0,8.3895,-0.75505,0.0018171,-12.125
0.54591,0.01083,0,8.4178,-0.76131,0.0017961,-11.936
0.54175,0.013368,0,10.359,-0.84206,0.00078627,-12.406
0.54175,0.013368,0,10.359,-0.84206,0.00078627,-12.406
0.54138,0.012914,0,9.9882,-0.82234,0.0010545,-12.48
0.54175,0.013368,0,10.359,-0.84206,0.00078627,-12.406
0.54175,0.013368,0,10.359,-0.84206,0.00078627,-12.406
0.54175,0.013368,0,10.359,-0.84206,0.00078627,-12.406
0.54175,0.013368,0,10.359,-0.84206,0.00078627,-12.406
0.55426,0.010855,0,8.9956,-0.84855,0.0014471,-10.582
0.55426,0.010855,0,8.9956,-0.84855,0.0014471,-10.582
0.55426,0.010855,0,8.9956,-0.84855,0.0014471,-10.582
0.55009,0.01337,0,10.538,-0.90289,0.00047859,-11.144
0.55009,0.01337,0,10.538,-0.90289,0.00047859,-11.144
0.55009,0.01337,0,10.538,-0.90289,0.00047859,-11.144
0.55009,0.01337,0,10.538,-0.90289,0.00047859,-11.144
0.56289,0.010859,0,9.4411,-0.93189,0.0011189,-9.3104
0.5626,0.010859,0,9.4362,-0.92813,0.0011253,-9.367
0.5626,0.010859,0,9.4362,-0.92813,0.0011253,-9.367
0.5626,0.010859,0,9.4362,-0.92813,0.0011253,-9.367
0.55843,0.013357,0,10.655,-0.95951,0.00021298,-9.8623
0.57093,0.010844,0,9.7341,-1.002,0.00083089,-8.029
0.57093,0.010844,0,9.7341,-1.002,0.00083089,-8.029
0.57093,0.010844,0,9.7341,-1.002,0.00083089,-8.029
0.57093,0.010844,0,9.7341,-1.002,0.00083089,-8.029
0.57927,0.010817,0,9.9583,-1.0967,0.00059031,-6.5877
0.58765,0.010764,0,10.007,-1.2098,0.0003713,-4.0338
0.41228,0.015847,0,11.439,2.5048,0.00083098,-11.986
0.41228,0.015847,0,11.439,2.5048,0.00083098,-11.986
0.42254,0.015872,0,12.142,1.9561,-0.0024965,-19.53
0.42068,0.015872,0,12.059,2.0687,-0.0019271,-18.62
0.42068,0.015872,0,12.059,2.0687,-0.0019271,-18.62
0.42906,0.015882,0,12.326,1.5706,-0.0034628,-21.838
0.42906,0.015882,0,12.326,1.5706,-0.0034628,-21.838
0.42906,0.015882,0,12.326,1.5706,-0.0034628,-21.838
0.42906,0.015882,0,12.326,1.5706,-0.0034628,-21.838
0.43743,0.015808,0,12.367,1.129,-0.0028947,-23.302
0.43743,0.015878,0,12.375,1.1296,-0.0029698,-23.258
0.43711,0.015878,0,12.375,1.1455,-0.0030175,-23.228
0.43743,0.015878,0,12.375,1.1296,-0.0029698,-23.258
0.43743,0.015878,0,12.375,1.1296,-0.0029698,-23.258
0.44578,0.015915,0,12.267,0.76326,-0.0016688,-23.579
0.44578,0.015915,0,12.267,0.76326,-0.0016688,-23.579
0.44578,0.015915,0,12.267,0.76326,-0.0016688,-23.579
0.44161,0.018381,0,12.466,0.94367,-0.0020827,-22.181
0.44108,0.01838,0,12.463,0.96518,-0.0020494,-22.14
0.45422,0.01581,0,12.013,0.44939,-0.00028924,-23.346
0.45414,0.01581,0,12.014,0.45195,-0.00029345,-23.351
0.45414,0.016122,0,12.119,0.45831,-0.00084741,-23.223
0.45414,0.01581,0,12.014,0.45195,-0.00029345,-23.351
0.45166,0.018361,0,12.457,0.57094,-0.002231,-22.416
0.44997,0.018367,0,12.465,0.62742,-0.0022483,-22.455
0.46241,0.01589,0,11.813,0.2045,0.00026145,-22.749
0.46249,0.01589,0,11.811,0.2023,0.00026605,-22.742
0.45832,0.018378,0,12.412,0.36233,-0.0021194,-22.168
0.45759,0.018375,0,12.418,0.38412,-0.0021367,-22.203
0.45832,0.018378,0,12.412,0.36233,-0.0021194,-22.168
0.45802,0.018014,0,12.378,0.36738,-0.0020338,-22.323
0.45832,0.018378,0,12.412,0.36233,-0.0021194,-22.168
0.45832,0.018378,0,12.412,0.36233,-0.0021194,-22.168
0.47084,0.015889,0,11.595,-0.0010327,0.00064701,-21.935
0.46667,0.01839,0,12.335,0.13698,-0.0018748,-21.614
0.46667,0.01839,0,12.335,0.13698,-0.0018748,-21.614
0.46667,0.01839,0,12.335,0.13698,-0.0018748,-21.614
0.46667,0.01839,0,12.335,0.13698,-0.0018748,-21.614
0.47822,0.015823,0,11.412,-0.15187,0.00089497,-21.152
0.47919,0.015817,0,11.376,-0.16988,0.00093488,-21.032
0.47919,0.015817,0,11.376,-0.16988,0.00093488,-21.032
0.47501,0.018379,0,12.243,-0.052938,-0.0016391,-20.85
0.47501,0.018379,0,12.243,-0.052938,-0.0016391,-20.85
0.47501,0.018379,0,12.243,-0.052938,-0.0016391,-20.85
0.47501,0.018379,0,12.243,-0.052938,-0.0016391,-20.85
0.48753,0.01592,0,11.365,-0.30898,0.00068834,-19.996
0.48753,0.01592,0,11.365,-0.30898,0.00068834,-19.996
0.48753,0.01592,0,11.365,-0.30898,0.00068834,-19.996
0.48336,0.018364,0,12.149,-0.21354,-0.0014209,-19.934
0.49588,0.01587,0,11.295,-0.4276,0.00060723,-18.834
0.49588,0.01587,0,11.295,-0.4276,0.00060723,-18.834
0.49588,0.01587,0,11.295,-0.4276,0.00060723,-18.834
0.49171,0.01839,0,12.067,-0.34867,-0.0012674,-18.947
0.50422,0.015898,0,11.326,-0.53442,0.00032993,-17.714
0.50422,0.015898,0,11.326,-0.53442,0.00032993,-17.714
0.50422,0.015898,0,11.326,-0.53442,0.00032993,-17.714
0.51256,0.01589,0,11.309,-0.62145,0.00012261,-16.52
0.51256,0.01589,0,11.309,-0.62145,0.00012261,-16.52
0.51256,0.01589,0,11.309,-0.62145,0.00012261,-16.52
0.51256,0.01589,0,11.309,-0.62145,0.00012261,-16.52
0.5209,0.015881,0,11.322,-0.70068,-6.8301e-05,-15.295
0.5209,0.015881,0,11.322,-0.70068,-6.8301e-05,-15.295
0.5209,0.015881,0,11.322,-0.70068,-6.8301e-05,-15.295
0.5209,0.015881,0,11.322,-0.70068,-6.8301e-05,-15.295
0.52857,0.015879,0,11.332,-0.76412,-0.00022151,-14.183
0.52924,0.015271,0,11.091,-0.76745,0.00012415,-14.151
0.52924,0.01588,0,11.333,-0.7696,-0.00023364,-14.091
0.53746,0.015871,0,11.324,-0.83114,-0.00034943,-12.879
0.53758,0.015871,0,11.324,-0.832,-0.00035073,-12.862
0.54512,0.015859,0,11.303,-0.88152,-0.00041841,-11.731
0.54592,0.015858,0,11.301,-0.88672,-0.00042442,-11.614
0.55425,0.015839,0,11.252,-0.93606,-0.00047344,-10.338
0.55425,0.015839,0,11.252,-0.93606,-0.00047344,-10.338
0.44579,0.020644,0,12.462,0.77442,-0.00054162,-21.358
0.44579,0.020861,0,12.458,0.77367,-0.00039044,-21.259
0.44579,0.020861,0,12.458,0.77367,-0.00039044,-21.259
0.44579,0.020861,0,12.458,0.77367,-0.00039044,-21.259
0.4527,0.020858,0,12.473,0.54309,-0.00078183,-21.439
0.45414,0.020858,0,12.472,0.49806,-0.00077349,-21.401
0.45414,0.020858,0,12.472,0.49806,-0.00077349,-21.401
0.46249,0.020866,0,12.447,0.26186,-0.001,-21.11
0.47084,0.020866,0,12.395,0.06046,-0.0010881,-20.563
0.47896,0.020859,0,12.327,-0.10645,-0.0010984,-19.841
0.47919,0.020859,0,12.325,-0.11093,-0.0010982,-19.818
0.47919,0.020859,0,12.325,-0.11093,-0.0010982,-19.818
0.48753,0.020862,0,12.247,-0.25624,-0.001015,-18.949
0.48753,0.020862,0,12.247,-0.25624,-0.001015,-18.949
0.48753,0.020862,0,12.247,-0.25624,-0.001015,-18.949
0.42071,-0.013363,0,11.821,-1.7107,-0.001591,-15.944
0.42071,-0.013363,0,11.821,-1.7107,-0.001591,-15.944
0.42071,-0.013363,0,11.821,-1.7107,-0.001591,-15.944
0.42071,-0.013363,0,11.821,-1.7107,-0.001591,-15.944
0.42071,-0.013363,0,11.821,-1.7107,-0.001591,-15.944
0.42071,-0.013363,0,11.821,-1.7107,-0.001591,-15.944
0.42909,-0.01338,0,11.912,-1.1554,-0.00050638,-17.843
0.42909,-0.012802,0,11.833,-1.1482,0.00021855,-18.236
0.42909,-0.01338,0,11.912,-1.1554,-0.00050638,-17.843
0.42909,-0.01338,0,11.912,-1.1554,-0.00050638,-17.843
0.43746,-0.013349,0,11.762,-0.70767,0.00069295,-18.107
0.44581,-0.013501,0,11.562,-0.3659,0.0012212,-17.523
0.44581,-0.013459,0,11.539,-0.3643,0.0012731,-17.54
0.45417,-0.013256,0,11.131,-0.090681,0.0017204,-16.534
0.46252,-0.0135,0,11.09,0.10648,0.0014282,-15.464
0.46253,-0.0135,0,11.09,0.10664,0.0014282,-15.463
0.46252,-0.013494,0,11.086,0.10658,0.0014329,-15.465
0.47086,-0.013378,0,10.883,0.26958,0.0013408,-14.289
0.47921,-0.013375,0,10.797,0.39663,0.001106,-12.958
0.47921,-0.013375,0,10.797,0.39663,0.001106,-12.958
0.47921,-0.013375,0,10.797,0.39663,0.001106,-12.958
0.48755,-0.013351,0,10.764,0.50943,0.00089744,-11.638
0.48755,-0.013351,0,10.764,0.50943,0.00089744,-11.638
0.48755,-0.013351,0,10.764,0.50943,0.00089744,-11.638
0.49589,-0.013372,0,10.779,0.60122,0.0006336,-10.28
0.49589,-0.013372,0,10.779,0.60122,0.0006336,-10.28
0.49589,-0.013372,0,10.779,0.60122,0.0006336,-10.28
0.49589,-0.013372,0,10.779,0.60122,0.0006336,-10.28
0.50424,-0.013379,0,10.766,0.67039,0.00041828,-9.0066
0.50424,-0.013379,0,10.766,0.67039,0.00041828,-9.0066
0.50424,-0.013379,0,10.766,0.67039,0.00041828,-9.0066
0.50424,-0.013379,0,10.766,0.67039,0.00041828,-9.0066
0.51257,-0.013379,0,10.761,0.72559,0.00021218,-7.6548
0.51257,-0.013379,0,10.761,0.72559,0.00021218,-7.6548
0.51257,-0.013379,0,10.761,0.72559,0.00021218,-7.6548
0.51257,-0.013379,0,10.761,0.72559,0.00021218,-7.6548
0.40382,-0.0082824,0,9.7876,-3.5422,-0.0038116,1.2816
0.40382,-0.0082824,0,9.7876,-3.5422,-0.0038116,1.2816
0.40382,-0.0082824,0,9.7876,-3.5422,-0.0038116,1.2816
0.41227,-0.0084098,0,10.971,-2.6416,0.0032939,-16.525
0.4123,-0.0088395,0,11.124,-2.6548,0.0021088,-15.996
0.52084,-0.0082196,0,6.7338,0.5748,0.0013178,-6.5919
0.52925,-0.0084027,0,7.7209,0.68,0.001208,-5.1221
0.52997,-0.0084154,0,7.7942,0.69075,0.0011916,-5.1137
0.53759,-0.0083563,0,8.2571,0.75153,0.00099244,-3.8174
0.54593,-0.0083681,0,8.6506,0.79115,0.0006797,-2.2273
0.54593,-0.0083681,0,8.6506,0.79115,0.0006797,-2.2273
0.54593,-0.0083681,0,8.6506,0.79115,0.0006797,-2.2273
0.55426,-0.0083573,0,8.9073,0.81154,0.00051478,-0.6808
0.55484,-0.0083575,0,8.9222,0.81219,0.00050066,-0.57254
0.55426,-0.0083573,0,8.9073,0.81154,0.00051478,-0.6808
0.55426,-0.0083573,0,8.9073,0.81154,0.00051478,-0.6808
0.55449,-0.0080746,0,8.7085,0.802,0.00055194,-0.6449
0.55426,-0.0083573,0,8.9073,0.81154,0.00051478,-0.6808
0.55426,-0.0083573,0,8.9073,0.81154,0.00051478,-0.6808
0.55426,-0.0083573,0,8.9073,0.81154,0.00051478,-0.6808
0.5626,-0.0083529,0,9.0783,0.80372,0.00031519,0.99284
0.5626,-0.0078093,0,8.7586,0.79495,0.0003964,1.0275
0.56281,-0.0083523,0,9.081,0.80311,0.00031031,1.0382
0.5626,-0.0083529,0,9.0783,0.80372,0.00031519,0.99284
0.5626,-0.0083529,0,9.0783,0.80372,0.00031519,0.99284
0.5626,-0.0083529,0,9.0783,0.80372,0.00031519,0.99284
0.39509,-0.0027582,0,6.8577,-1.0772,-0.0051308,32.237
0.39509,-0.0027582,0,6.8577,-1.0772,-0.0051308,32.237
0.39509,-0.0027582,0,6.8577,-1.0772,-0.0051308,32.237
0.39509,-0.0027582,0,6.8577,-1.0772,-0.0051308,32.237
0.57094,-0.0033492,0,5.418,0.58856,0.00050692,3.0118
0.57026,-0.0032146,0,5.2548,0.57576,0.00050391,2.8833
0.57101,-0.003062,0,5.1073,0.56955,0.00049195,3.0153
0.57927,-0.0033379,0,5.9428,0.57575,0.00042807,5.3365
0.57903,-0.0033354,0,5.9286,0.57875,0.00042968,5.2506
0.57927,-0.0036982,0,6.265,0.58952,0.00041741,5.2885
0.58765,-0.0032351,0,6.1729,0.37813,0.00040263,6.9922
0.58755,-0.003354,0,6.2791,0.38754,0.00039517,6.972
0.58755,-0.0032014,0,6.1471,0.38482,0.00041105,6.9812
0.58755,-0.003354,0,6.2791,0.38754,0.00039517,6.972
0.58755,-0.003354,0,6.2791,0.38754,0.00039517,6.972
0.58755,-0.003354,0,6.2791,0.38754,0.00039517,6.972
0.59582,-0.0032432,0,6.5199,0.16096,0.0016487,6.3569
0.59498,-0.0032667,0,6.4969,0.17477,0.0020913,6.6171
0.59582,-0.0028805,0,6.2488,0.14521,0.003319,6.4247
0.59582,-0.0032432,0,6.5199,0.16096,0.0016487,6.3569
0.59582,-0.0032432,0,6.5199,0.16096,0.0016487,6.3569
0.59582,-0.0032432,0,6.5199,0.16096,0.0016487,6.3569
0.59582,-0.0032432,0,6.5199,0.16096,0.0016487,6.3569
0.59582,-0.0032432,0,6.5199,0.16096,0.0016487,6.3569
0.39505,0.0027584,0,6.8588,1.3442,0.0040871,31.929
0.39505,0.0027584,0,6.8588,1.3442,0.0040871,31.929
0.39505,0.0027584,0,6.8588,1.3442,0.0040871,31.929
0.39505,0.0027584,0,6.8588,1.3442,0.0040871,31.929
0.59606,0.0032547,0,4.6468,-0.95133,0.0005887,0.96158
0.40378,0.0082848,0,9.8243,4.0027,-0.0065129,-1.1199
0.40378,0.0082848,0,9.8243,4.0027,-0.0065129,-1.1199
0.5626,0.0083878,0,7.0563,-0.73964,0.0017381,-9.6232
0.56261,0.0078947,0,6.427,-0.68306,0.0017217,-9.5889
0.56307,0.0083596,0,7.0752,-0.74216,0.0017325,-9.5086
0.57092,0.0082691,0,7.7497,-0.85612,0.0015857,-8.1415
0.57927,0.0083335,0,8.4522,-0.99907,0.0013386,-6.9582
0.57927,0.0083335,0,8.4522,-0.99907,0.0013386,-6.9582
0.57927,0.0083335,0,8.4522,-0.99907,0.0013386,-6.9582
0.58766,0.0082966,0,8.796,-1.1927,0.0010227,-4.2958
0.58766,0.0082966,0,8.796,-1.1927,0.0010227,-4.2958
0.58766,0.0082966,0,8.796,-1.1927,0.0010227,-4.2958
0.58766,0.0082966,0,8.796,-1.1927,0.0010227,-4.2958
0.58766,0.0082966,0,8.796,-1.1927,0.0010227,-4.2958
0.58766,0.0082966,0,8.796,-1.1927,0.0010227,-4.2958
0.41227,0.013357,0,11.502,2.7817,-0.0029331,-13.996
0.41248,0.013358,0,11.522,2.7685,-0.0030384,-14.215
0.41228,0.014086,0,11.484,2.6984,-0.0014823,-13.355
0.41227,0.013357,0,11.502,2.7817,-0.0029331,-13.996
0.4127,0.012851,0,11.555,2.8068,-0.0040966,-15.082
0.41227,0.013357,0,11.502,2.7817,-0.0029331,-13.996
0.41227,0.013357,0,11.502,2.7817,-0.0029331,-13.996
0.42068,0.01338,0,12.073,2.1765,-0.0046945,-20.869
0.42003,0.013382,0,12.052,2.2259,-0.0048697,-20.549
0.42068,0.01338,0,12.073,2.1765,-0.0046945,-20.869
0.42068,0.01338,0,12.073,2.1765,-0.0046945,-20.869
0.42906,0.01336,0,12.016,1.5649,-0.00040234,-23.645
0.43742,0.013417,0,11.298,1.0163,0.0034218,-24.809
0.44578,0.013584,0,10.413,0.60854,0.0042158,-24.544
0.48755,0.013687,0,8.6452,-0.28956,0.0032722,-20.421
0.48754,0.013687,0,8.6454,-0.28956,0.0032723,-20.421
0.48756,0.013686,0,8.645,-0.28959,0.0032721,-20.42
0.49587,0.013333,0,8.3244,-0.36814,0.0030912,-19.17
0.49639,0.013308,0,8.3062,-0.37265,0.0030786,-19.106
0.49587,0.01337,0,8.3866,-0.36994,0.0030763,-19.167
0.50422,0.013428,0,8.922,-0.47015,0.002729,-17.959
0.51256,0.013439,0,9.3601,-0.57275,0.0022803,-16.938
0.5209,0.013358,0,9.6813,-0.65347,0.0018465,-15.521
0.52924,0.013401,0,10.037,-0.7398,0.0013348,-14.364
0.52924,0.013401,0,10.037,-0.7398,0.0013348,-14.364
0.52924,0.013401,0,10.037,-0.7398,0.0013348,-14.364
0.53758,0.013387,0,10.289,-0.81299,0.00096686,-13.101
0.53758,0.013387,0,10.289,-0.81299,0.00096686,-13.101
0.53758,0.013387,0,10.289,-0.81299,0.00096686,-13.101
0.54592,0.013372,0,10.458,-0.87502,0.00063082,-11.816
0.54489,0.013374,0,10.437,-0.8668,0.000667,-11.967
0.54592,0.013372,0,10.458,-0.87502,0.00063082,-11.816
0.54592,0.013372,0,10.458,-0.87502,0.00063082,-11.816
0.54592,0.013372,0,10.458,-0.87502,0.00063082,-11.816
0.55426,0.013362,0,10.602,-0.93003,0.00033728,-10.499
0.55426,0.013362,0,10.602,-0.93003,0.00033728,-10.499
0.44579,0.018385,0,12.475,0.78052,-0.0022302,-22.4
0.44647,0.018382,0,12.475,0.75499,-0.0022375,-22.418
0.45414,0.018366,0,12.443,0.49096,-0.0022017,-22.355
0.45414,0.018366,0,12.443,0.49096,-0.0022017,-22.355
0.45414,0.018366,0,12.443,0.49096,-0.0022017,-22.355
0.45414,0.018366,0,12.443,0.49096,-0.0022017,-22.355
0.46249,0.018387,0,12.376,0.24472,-0.0019985,-21.927
0.4623,0.018387,0,12.378,0.2501,-0.0020043,-21.939
0.46241,0.018287,0,12.365,0.24569,-0.0019618,-21.968
0.46249,0.018387,0,12.376,0.24472,-0.0019985,-21.927
0.46249,0.018387,0,12.376,0.24472,-0.0019985,-21.927
0.46249,0.018387,0,12.376,0.24472,-0.0019985,-21.927
0.47084,0.018387,0,12.29,0.0381,-0.001754,-21.253
0.47084,0.018387,0,12.29,0.0381,-0.001754,-21.253
0.47084,0.018387,0,12.29,0.0381,-0.001754,-21.253
0.47084,0.018387,0,12.29,0.0381,-0.001754,-21.253
0.47919,0.018367,0,12.196,-0.13645,-0.0015249,-20.411
0.47883,0.018368,0,12.2,-0.12933,-0.001535,-20.449
0.47887,0.017988,0,12.13,-0.13584,-0.0013074,-20.534
0.47919,0.018367,0,12.196,-0.13645,-0.0015249,-20.411
0.47919,0.018367,0,12.196,-0.13645,-0.0015249,-20.411
0.47919,0.018367,0,12.196,-0.13645,-0.0015249,-20.411
0.48753,0.018386,0,12.11,-0.28209,-0.0013485,-19.453
0.48937,0.018391,0,12.092,-0.31258,-0.001313,-19.245
0.41231,-0.015842,0,11.219,-2.065,-0.00021033,-8.3932
0.41231,-0.015842,0,11.219,-2.065,-0.00021033,-8.3932
0.40808,-0.013343,0,10.8,-2.5048,-0.00055838,-4.9792
0.52091,-0.015855,0,11.057,0.74669,-0.00034658,-6.1732
0.52091,-0.015855,0,11.057,0.74669,-0.00034658,-6.1732
0.52091,-0.015855,0,11.057,0.74669,-0.00034658,-6.1732
0.52925,-0.015847,0,10.961,0.7761,-0.00037674,-4.8669
0.52925,-0.015847,0,10.961,0.7761,-0.00037674,-4.8669
0.52925,-0.015847,0,10.961,0.7761,-0.00037674,-4.8669
0.52508,-0.013372,0,10.723,0.78786,-3.7486e-05,-5.649
0.52478,-0.013372,0,10.724,0.78659,-3.2199e-05,-5.6957
0.53275,-0.013366,0,10.681,0.81262,-0.00015065,-4.4037
0.53342,-0.013365,0,10.676,0.81443,-0.00015947,-4.2935
0.41019,-0.010848,0,11.146,-2.7414,-0.0023485,-10.408
0.41019,-0.010848,0,11.146,-2.7414,-0.0023485,-10.408
0.41019,-0.010848,0,11.146,-2.7414,-0.0023485,-10.408
0.40807,-0.0096111,0,10.838,-3.0853,-0.0025982,-8.6098
0.40807,-0.0096111,0,10.838,-3.0853,-0.0025982,-8.6098
0.41461,-0.010802,0,11.529,-2.3297,-0.0010034,-15.314
0.41442,-0.010805,0,11.52,-2.3483,-0.001074,-15.168
0.41442,-0.010805,0,11.52,-2.3483,-0.001074,-15.168
0.41862,-0.01081,0,11.603,-1.932,0.00050258,-17.572
0.41675,-0.0093348,0,11.101,-2.0802,0.0030376,-18.264
0.4249,-0.012103,0,11.78,-1.4179,0.00020861,-18.309
0.42281,-0.010817,0,11.4,-1.5355,0.0019863,-18.862
0.42707,-0.010733,0,10.83,-1.1543,0.0031685,-19.362
0.43419,-0.011972,0,11.219,-0.80992,0.0023344,-18.865
0.43328,-0.012027,0,11.315,-0.8588,0.0021445,-19.064
0.43116,-0.011095,0,10.637,-0.89287,0.003284,-19.397
0.44163,-0.012212,0,10.856,-0.46398,0.0026503,-18.427
0.45073,-0.012285,0,10.254,-0.14623,0.0026493,-17.544
0.44999,-0.012344,0,10.428,-0.17275,0.002617,-17.429
0.45835,-0.012576,0,10.306,0.036267,0.0022577,-16.361
0.45818,-0.012362,0,10.056,0.037019,0.0024155,-16.454
0.45835,-0.012365,0,10.055,0.039889,0.0024098,-16.407
0.46669,-0.012225,0,9.7026,0.20349,0.0022235,-15.13
0.47503,-0.011828,0,9.1405,0.32801,0.0020704,-13.904
0.47404,-0.011995,0,9.4008,0.3182,0.0020653,-14.037
0.47594,-0.011939,0,9.3521,0.34549,0.002023,-13.741
0.47503,-0.011961,0,9.3667,0.33257,0.0020457,-13.889
0.48338,-0.011787,0,9.2855,0.43433,0.0018427,-12.508
0.48338,-0.012158,0,9.779,0.44768,0.0017086,-12.467
0.4813,-0.011101,0,8.1574,0.37968,0.0020171,-12.985
0.48546,-0.010876,0,7.9673,0.4157,0.0019037,-12.275
0.49173,-0.012161,0,9.9721,0.54899,0.001347,-11.245
0.48942,-0.010643,0,7.926,0.46004,0.0018426,-11.517
0.49475,-0.010847,0,8.4838,0.51805,0.0017288,-10.746
0.49381,-0.010902,0,8.5064,0.51134,0.0017424,-10.896
0.50006,-0.012118,0,10.069,0.62191,0.0011022,-9.7522
0.50006,-0.012118,0,10.069,0.62191,0.0011022,-9.7522
0.50006,-0.012118,0,10.069,0.62191,0.0011022,-9.7522
0.49797,-0.010722,0,8.4775,0.55287,0.0016569,-10.23
0.50215,-0.010909,0,8.9655,0.60683,0.0015218,-9.6225
0.50215,-0.011424,0,9.5284,0.63158,0.0013346,-9.5788
0.50017,-0.0099163,0,7.4187,0.52609,0.0016552,-9.9055
0.49898,-0.010003,0,7.5534,0.51785,0.0016697,-9.9995
0.50631,-0.010774,0,9.0213,0.64111,0.0014116,-8.8111
0.51049,-0.010886,0,9.3339,0.68426,0.0012385,-8.2514
0.51109,-0.010873,0,9.3411,0.68809,0.0012247,-8.1376
0.5084,-0.010146,0,8.3562,0.61648,0.0014848,-8.5232
0.50841,-0.009685,0,7.7245,0.58691,0.0015367,-8.5433
0.50788,-0.0095598,0,7.5398,0.57295,0.0015361,-8.5997
0.5148,-0.010859,0,9.4356,0.70884,0.0010881,-7.3877
0.51453,-0.010854,0,9.42,0.70737,0.0010998,-7.4283
0.51466,-0.010857,0,9.4324,0.7082,0.0010918,-7.4052
0.51466,-0.010973,0,9.5091,0.71068,0.0010472,-7.403
0.51466,-0.010857,0,9.4324,0.7082,0.0010918,-7.4052
0.51466,-0.010857,0,9.4324,0.7082,0.0010918,-7.4052
0.51883,-0.01086,0,9.5801,0.74042,0.00094906,-6.8278
0.51883,-0.01086,0,9.5801,0.74042,0.00094906,-6.8278
0.51883,-0.01086,0,9.5801,0.74042,0.00094906,-6.8278
0.51675,-0.009666,0,8.3284,0.66644,0.0013551,-7.3465
0.51605,-0.0096489,0,8.2567,0.65581,0.0013743,-7.3391
0.523,-0.010863,0,9.6984,0.76166,0.00081018,-6.0897
0.523,-0.010863,0,9.6984,0.76166,0.00081018,-6.0897
0.523,-0.010863,0,9.6984,0.76166,0.00081018,-6.0897
0.52717,-0.010875,0,9.8007,0.78991,0.00066787,-5.3599
0.52717,-0.010875,0,9.8007,0.78991,0.00066787,-5.3599
0.52717,-0.010875,0,9.8007,0.78991,0.00066787,-5.3599
0.52717,-0.010875,0,9.8007,0.78991,0.00066787,-5.3599
0.52508,-0.0096258,0,8.7904,0.73755,0.0011201,-5.893
0.52517,-0.0096244,0,8.7927,0.73801,0.0011181,-5.8764
0.53134,-0.010885,0,9.8635,0.80481,0.00054365,-4.7508
0.53134,-0.010885,0,9.8635,0.80481,0.00054365,-4.7508
0.5311,-0.01061,0,9.6697,0.79586,0.00063557,-4.8054
0.53134,-0.011665,0,10.192,0.81002,0.00030782,-4.7128
0.53134,-0.010885,0,9.8635,0.80481,0.00054365,-4.7508
0.53134,-0.010885,0,9.8635,0.80481,0.00054365,-4.7508
0.53342,-0.0096158,0,9.1194,0.78235,0.00085084,-4.41
0.53342,-0.0096158,0,9.1194,0.78235,0.00085084,-4.41
0.53342,-0.0096158,0,9.1194,0.78235,0.00085084,-4.41
0.56973,-0.0108,0,9.9088,0.76371,-0.00019499,2.351
0.57093,-0.010795,0,9.908,0.75155,-0.00021339,2.594
0.57093,-0.01045,0,9.8236,0.75433,-0.00017047,2.6254
0.57093,-0.010795,0,9.908,0.75155,-0.00021339,2.594
0.57093,-0.010795,0,9.908,0.75155,-0.00021339,2.594
0.57926,-0.010754,0,9.8192,0.6377,-0.00029141,4.2249
0.57926,-0.010754,0,9.8192,0.6377,-0.00029141,4.2249
0.57926,-0.010754,0,9.8192,0.6377,-0.00029141,4.2249
0.5751,-0.0080203,0,9.0102,0.71798,9.5377e-05,3.7619
0.5751,-0.0083119,0,9.1494,0.7194,5.4169e-05,3.7324
0.57543,-0.0083105,0,9.1488,0.7148,4.8181e-05,3.8053
0.58341,-0.0082213,0,9.0918,0.56992,-6.4998e-05,5.3711
0.58341,-0.0082653,0,9.1105,0.57017,-7.0401e-05,5.3609
0.58346,-0.0082649,0,9.1092,0.56878,-7.0971e-05,5.3702
0.58341,-0.0090229,0,9.3623,0.57489,-0.00016024,5.1959
0.58341,-0.0082653,0,9.1105,0.57017,-7.0401e-05,5.3609
0.40163,-0.0056746,0,8.3929,-4.1958,-0.0040608,10.856
0.39946,-0.0042675,0,6.8174,-3.6169,-0.0050413,26.575
0.39946,-0.0042675,0,6.8174,-3.6169,-0.0050413,26.575
0.408,-0.0072309,0,10.573,-3.4219,0.0030479,-12.463
0.40823,-0.0072997,0,10.602,-3.3821,0.0030213,-12.673
0.5339,-0.0069837,0,6.3274,0.59142,0.0010877,-4.409
0.5334,-0.0070338,0,6.3435,0.59055,0.0011009,-4.4824
0.54176,-0.0071561,0,7.2637,0.68872,0.00097807,-2.9813
0.54384,-0.0059737,0,6.0141,0.59305,0.00086576,-2.6947
0.55009,-0.0071124,0,7.8138,0.75416,0.00078415,-1.548
0.54684,-0.0056883,0,6.0293,0.612,0.0008762,-2.024
0.54805,-0.0058225,0,6.2301,0.63313,0.00084737,-1.8729
0.54802,-0.0059361,0,6.3667,0.64207,0.00085802,-1.8699
0.55213,-0.0053635,0,6.0646,0.61811,0.00076575,-1.1207
0.55216,-0.0057328,0,6.5108,0.65855,0.00078974,-1.1001
0.55634,-0.0058271,0,6.957,0.70219,0.00073022,-0.32487
0.56052,-0.0058714,0,7.283,0.72712,0.00065725,0.51826
0.55821,-0.0044174,0,5.5983,0.59685,0.00065999,0.19867
0.5577,-0.0044745,0,5.572,0.58823,0.00066465,0.032713
0.56468,-0.0058633,0,7.4776,0.73036,0.00057109,1.5091
0.56468,-0.0058633,0,7.4776,0.73036,0.00057109,1.5091
0.56468,-0.0058633,0,7.4776,0.73036,0.00057109,1.5091
0.56885,-0.0058092,0,7.6068,0.72821,0.00049242,2.4664
0.56885,-0.0058092,0,7.6068,0.72821,0.00049242,2.4664
0.56885,-0.0058092,0,7.6068,0.72821,0.00049242,2.4664
0.56677,-0.0040126,0,5.8251,0.61397,0.00056549,1.9331
0.56677,-0.0045953,0,6.4394,0.66515,0.00057616,1.9271
0.57302,-0.006498,0,8.1755,0.72643,0.00033301,3.422
0.57302,-0.0058223,0,7.7544,0.71762,0.00040367,3.4878
0.57302,-0.0058223,0,7.7544,0.71762,0.00040367,3.4878
0.57302,-0.0058223,0,7.7544,0.71762,0.00040367,3.4878
0.57302,-0.0058223,0,7.7544,0.71762,0.00040367,3.4878
0.57718,-0.0058302,0,7.8372,0.67293,0.00032135,4.4943
0.57718,-0.0058302,0,7.8372,0.67293,0.00032135,4.4943
0.57718,-0.0058302,0,7.8372,0.67293,0.00032135,4.4943
0.57718,-0.0058302,0,7.8372,0.67293,0.00032135,4.4943
0.5751,-0.0045581,0,6.8372,0.65872,0.00044306,4.095
0.5751,-0.0045581,0,6.8372,0.65872,0.00044306,4.095
0.5751,-0.0045581,0,6.8372,0.65872,0.00044306,4.095
0.60417,-0.0049969,0,7.8022,0.15865,0.00033702,5.5683
0.60417,-0.0049969,0,7.8022,0.15865,0.00033702,5.5683
0.60834,-0.0024911,0,6.287,0.089496,0.00091663,5.4331
0.60834,-0.0024911,0,6.287,0.089496,0.00091663,5.4331
0.60834,-0.0024911,0,6.287,0.089496,0.00091663,5.4331
0.39932,-0.0014574,0,3.6039,-2.4418,0.0041708,47.658
0.39712,-1.4161e-05,0,5.0647,0.087026,-0.0020316,43.103
0.39712,-1.4161e-05,0,5.0647,0.087026,-0.0020316,43.103
0.39712,-1.4161e-05,0,5.0647,0.087026,-0.0020316,43.103
0.39926,0.0014406,0,3.4917,2.5301,0.019631,47.707
0.39845,0.001447,0,4.2526,1.9987,0.011495,45.482
0.58341,-0.0020219,0,4.8366,0.42096,0.00047671,6.5566
0.59168,-0.0021145,0,5.3995,0.20107,-0.0025926,7.2099
0.59168,-0.0021145,0,5.3995,0.20107,-0.0025926,7.2099
0.59168,-0.0021145,0,5.3995,0.20107,-0.0025926,7.2099
0.59,-0.0010339,0,4.2594,0.18053,0.00053086,7.3974
0.58962,-0.001564,0,4.7498,0.22454,0.00038329,7.33
0.58962,-0.0010454,0,4.2437,0.19172,0.00052007,7.3979
0.59375,-0.00097979,0,4.4858,0.069496,0.00068747,7.1456
0.60417,2.7698e-05,0,3.4917,-0.034835,0.0012609,6.0394
0.60417,2.7698e-05,0,3.4917,-0.034835,0.0012609,6.0394
0.60417,2.7698e-05,0,3.4917,-0.034835,0.0012609,6.0394
0.60417,2.7698e-05,0,3.4917,-0.034835,0.0012609,6.0394
0.60002,-0.0012406,0,5.1274,0.13692,0.00069504,4.9608
0.59789,-0.00077981,0,4.568,-0.089012,0.0010941,5.8929
0.59789,-0.00065421,0,4.2902,-0.10474,0.0011233,6.0178
0.59789,-0.00077981,0,4.568,-0.089012,0.0010941,5.8929
0.59962,0.00061303,0,1.199,-0.42947,0.0003657,3.5115
0.60005,0.0012956,0,2.3938,-0.62067,0.00049812,3.853
0.60833,0.002501,0,5.1573,-0.47207,0.0011642,5.1652
0.60833,0.002501,0,5.1573,-0.47207,0.0011642,5.1652
0.60833,0.002501,0,5.1573,-0.47207,0.0011642,5.1652
0.39937,0.0043356,0,6.7553,3.8854,0.00049974,26.004
0.39937,0.0043356,0,6.7553,3.8854,0.00049974,26.004
0.40152,0.0058151,0,8.3479,4.5398,-0.0032101,9.7491
0.56688,0.0073994,0,6.2854,-0.7023,0.0016764,-8.8251
0.57509,0.007005,0,6.7966,-0.78308,0.0016268,-7.6952
0.58115,0.0056965,0,6.1029,-0.79818,0.0014788,-6.9562
0.58556,0.0057969,0,6.6205,-0.99672,0.0013477,-5.6594
0.58346,0.0070943,0,7.7385,-1.0368,0.0014111,-6.3241
0.59167,0.0038554,0,5.0017,-0.98832,0.0007608,-2.1114
0.59185,0.0044699,0,5.7118,-1.0565,0.00092574,-2.0438
0.59284,0.0044845,0,5.8291,-1.0756,0.00091525,-1.3142
0.58976,0.0057898,0,6.9631,-1.1355,0.001183,-3.3793
0.59022,0.0057811,0,6.9815,-1.1443,0.001165,-3.1316
0.59333,0.0057424,0,7.0662,-1.162,0.0010313,-1.0356
0.59395,0.0057413,0,7.1138,-1.16,0.0010073,-0.65267
0.59395,0.0057413,0,7.1138,-1.16,0.0010073,-0.65267
0.59395,0.0057413,0,7.1138,-1.16,0.0010073,-0.65267
0.60417,0.0049962,0,6.8991,-0.77917,0.0007903,4.7833
0.60417,0.0049962,0,6.8991,-0.77917,0.0007903,4.7833
0.60013,0.0076275,0,8.5292,-1.0624,0.00066564,2.2237
0.59902,0.0080288,0,8.7453,-1.1019,0.00065706,1.64
0.60014,0.0078873,0,8.678,-1.0683,0.0006382,2.1379
0.60016,0.0087669,0,9.0995,-1.0804,0.00046843,1.8836
0.60014,0.0078873,0,8.678,-1.0683,0.0006382,2.1379
0.40805,0.0095404,0,10.918,3.5857,-0.0057939,-12.004
0.40889,0.009545,0,11.049,3.5174,-0.0051158,-13.622
0.40805,0.0095404,0,10.918,3.5857,-0.0057939,-12.004
0.41016,0.010833,0,11.273,3.2319,-0.0062071,-13.962
0.41016,0.010833,0,11.273,3.2319,-0.0062071,-13.962
0.41016,0.010833,0,11.273,3.2319,-0.0062071,-13.962
0.4147,0.010844,0,11.641,2.7931,-0.0026705,-19.514
0.41438,0.010836,0,11.635,2.829,-0.0031073,-19.21
0.41804,0.010909,0,11.588,2.4115,0.0019376,-21.938
0.41857,0.010928,0,11.553,2.3456,0.0026914,-22.296
0.41647,0.012128,0,11.851,2.5608,-0.0049461,-19.576
0.41647,0.012128,0,11.851,2.5608,-0.0049461,-19.576
0.42487,0.012394,0,11.819,1.833,0.00095124,-23.35
0.42496,0.012121,0,11.679,1.8048,0.0023765,-23.611
0.42487,0.012118,0,11.69,1.814,0.0022916,-23.567
0.51672,0.012077,0,7.6555,-0.51636,0.0024928,-16.265
0.51598,0.01213,0,7.6791,-0.5127,0.0025108,-16.357
0.52506,0.011743,0,7.8595,-0.58391,0.0022806,-15.033
0.52506,0.012027,0,8.2838,-0.61044,0.0022568,-15.018
0.53132,0.010934,0,7.2352,-0.58357,0.0021698,-14.145
0.53426,0.010691,0,7.2666,-0.61353,0.0021381,-13.608
0.5355,0.010972,0,7.6838,-0.64887,0.0020716,-13.488
0.5356,0.010602,0,7.1709,-0.6208,0.0020752,-13.515
0.53341,0.012074,0,8.9448,-0.71693,0.0020317,-13.728
0.53965,0.010776,0,7.8279,-0.67409,0.0020187,-12.897
0.54384,0.010897,0,8.3275,-0.74201,0.0018528,-12.409
0.54175,0.0121,0,9.4293,-0.79665,0.0014554,-12.437
0.54116,0.012091,0,9.363,-0.79083,0.0015056,-12.536
0.54175,0.0121,0,9.4293,-0.79665,0.0014554,-12.437
0.54175,0.0121,0,9.4293,-0.79665,0.0014554,-12.437
0.5501,0.0096958,0,7.4041,-0.70382,0.0018823,-11.52
0.54833,0.010844,0,8.62,-0.78777,0.0016966,-11.496
0.548,0.010635,0,8.3456,-0.76687,0.0017618,-11.53
0.548,0.010832,0,8.5822,-0.78409,0.0017135,-11.524
0.55114,0.010875,0,8.8423,-0.82575,0.0015862,-11.259
0.55217,0.010858,0,8.8735,-0.83399,0.0015494,-11.027
0.55217,0.010858,0,8.8735,-0.83399,0.0015494,-11.027
0.55842,0.0095699,0,8.0343,-0.80462,0.0016808,-10.058
0.55634,0.010879,0,9.1434,-0.87262,0.0013539,-10.377
0.55634,0.010879,0,9.1434,-0.87262,0.0013539,-10.377
0.55634,0.010879,0,9.1434,-0.87262,0.0013539,-10.377
0.56051,0.010856,0,9.3318,-0.90639,0.0012053,-9.6452
0.56051,0.010856,0,9.3318,-0.90639,0.0012053,-9.6452
0.56051,0.010856,0,9.3318,-0.90639,0.0012053,-9.6452
0.56676,0.013337,0,10.724,-1.0122,2.3704e-05,-8.5272
0.56828,0.013332,0,10.731,-1.0226,-3.1632e-06,-8.2834
0.56677,0.0096152,0,8.6835,-0.90069,0.0013904,-8.7384
0.56677,0.0096152,0,8.6835,-0.90069,0.0013904,-8.7384
0.56677,0.0096152,0,8.6835,-0.90069,0.0013904,-8.7384
0.56468,0.010856,0,9.5267,-0.95105,0.0010387,-8.9695
0.56468,0.010856,0,9.5267,-0.95105,0.0010387,-8.9695
0.56468,0.010856,0,9.5267,-0.95105,0.0010387,-8.9695
0.56468,0.010856,0,9.5267,-0.95105,0.0010387,-8.9695
0.59602,0.010677,0,9.8476,-1.1551,0.00016615,-0.15631
0.59602,0.010677,0,9.8476,-1.1551,0.00016615,-0.15631
0.59602,0.010677,0,9.8476,-1.1551,0.00016615,-0.15631
0.42487,0.018361,0,12.158,1.7242,0.00022612,-18.677
0.43324,0.018374,0,12.383,1.3103,-0.0012532,-21.131
0.43325,0.014602,0,12.237,1.3331,-0.0021328,-23.518
0.43325,0.014602,0,12.237,1.3331,-0.0021328,-23.518
0.43115,0.01588,0,12.352,1.4532,-0.0034361,-22.327
0.43115,0.015031,0,12.296,1.4556,-0.0030223,-22.948
0.43115,0.01588,0,12.352,1.4532,-0.0034361,-22.327
0.43133,0.015666,0,12.334,1.4427,-0.0032519,-22.52
0.43115,0.01588,0,12.352,1.4532,-0.0034361,-22.327
0.43115,0.01588,0,12.352,1.4532,-0.0034361,-22.327
0.43115,0.01588,0,12.352,1.4532,-0.0034361,-22.327
0.43115,0.01588,0,12.352,1.4532,-0.0034361,-22.327
0.43534,0.015881,0,12.378,1.2351,-0.0032818,-22.982
0.43534,0.015881,0,12.378,1.2351,-0.0032818,-22.982
0.43534,0.015881,0,12.378,1.2351,-0.0032818,-22.982
0.44161,0.014559,0,11.923,0.90124,0.00054761,-24.15
0.44159,0.014558,0,11.924,0.90239,0.00054347,-24.148
0.43952,0.015863,0,12.354,1.0285,-0.0025943,-23.383
0.43952,0.015863,0,12.354,1.0285,-0.0025943,-23.383
0.43952,0.015863,0,12.354,1.0285,-0.0025943,-23.383
0.4437,0.0159,0,12.303,0.84837,-0.0019787,-23.543
0.4437,0.0159,0,12.303,0.84837,-0.0019787,-23.543
0.4437,0.0159,0,12.303,0.84837,-0.0019787,-23.543
0.44997,0.014427,0,11.186,0.52993,0.0025709,-23.926
0.44701,0.0159,0,12.232,0.71504,-0.0013821,-23.631
0.44787,0.015875,0,12.214,0.6783,-0.0012363,-23.659
0.44787,0.015875,0,12.214,0.6783,-0.0012363,-23.659
0.44787,0.015875,0,12.214,0.6783,-0.0012363,-23.659
0.45206,0.015786,0,12.053,0.52336,-0.00043816,-23.428
0.45205,0.016888,0,12.304,0.54399,-0.0018032,-22.995
0.45206,0.015786,0,12.053,0.52336,-0.00043816,-23.428
0.45206,0.015786,0,12.053,0.52336,-0.00043816,-23.428
0.45832,0.014575,0,10.762,0.2622,0.0029404,-23.492
0.4591,0.014587,0,10.729,0.24093,0.0029495,-23.423
0.45623,0.015837,0,11.972,0.38525,-0.00014606,-23.246
0.4604,0.015878,0,11.865,0.25974,0.00014391,-22.919
0.46667,0.014227,0,9.6867,0.039302,0.0035208,-22.762
0.46667,0.014642,0,10.415,0.054824,0.0029791,-22.681
0.46458,0.015897,0,11.757,0.1475,0.0003764,-22.557
0.46875,0.015896,0,11.649,0.046043,0.00056663,-22.15
0.47501,0.014575,0,10.081,-0.11104,0.0029618,-21.758
0.47293,0.015877,0,11.543,-0.045998,0.00072057,-21.712
0.4771,0.015841,0,11.444,-0.13014,0.0008483,-21.254
0.48335,0.014415,0,9.8046,-0.24594,0.002934,-20.75
0.4838,0.014426,0,9.8121,-0.25525,0.0029122,-20.687
0.48127,0.015793,0,11.315,-0.20692,0.00097971,-20.753
0.48127,0.015793,0,11.315,-0.20692,0.00097971,-20.753
0.48127,0.015793,0,11.315,-0.20692,0.00097971,-20.753
0.48544,0.015843,0,11.314,-0.2739,0.00083842,-20.128
0.48544,0.015843,0,11.314,-0.2739,0.00083842,-20.128
0.48544,0.015843,0,11.314,-0.2739,0.00083842,-20.128
0.49171,0.014682,0,10.254,-0.36443,0.0023113,-19.564
0.48929,0.015936,0,11.354,-0.33727,0.00067255,-19.748
0.48962,0.015935,0,11.36,-0.34157,0.00064848,-19.688
0.48962,0.015935,0,11.36,-0.34157,0.00064848,-19.688
0.48962,0.015935,0,11.36,-0.34157,0.00064848,-19.688
0.49379,0.015894,0,11.314,-0.3986,0.00062396,-19.105
0.49379,0.015894,0,11.314,-0.3986,0.00062396,-19.105
0.49379,0.015894,0,11.314,-0.3986,0.00062396,-19.105
0.50005,0.018379,0,11.984,-0.46223,-0.0011324,-17.863
0.50004,0.014427,0,10.095,-0.46664,0.0021647,-18.33
0.50004,0.014562,0,10.272,-0.47073,0.0020396,-18.319
0.49796,0.015856,0,11.285,-0.4554,0.00056983,-18.536
0.49796,0.015856,0,11.285,-0.4554,0.00056983,-18.536
0.49796,0.015856,0,11.285,-0.4554,0.00056983,-18.536
0.50194,0.015895,0,11.317,-0.50382,0.00039981,-18.026
0.50213,0.015898,0,11.324,-0.50675,0.00038188,-18.009
0.50213,0.015719,0,11.217,-0.50601,0.00058867,-18.046
0.50213,0.015898,0,11.324,-0.50675,0.00038188,-18.009
0.50213,0.015898,0,11.324,-0.50675,0.00038188,-18.009
0.50839,0.018375,0,11.905,-0.56182,-0.0010198,-16.747
0.50839,0.014572,0,10.44,-0.56863,0.0016038,-17.279
0.50794,0.014576,0,10.443,-0.5636,0.0016238,-17.353
0.50839,0.014572,0,10.44,-0.56863,0.0016038,-17.279
0.5073,0.015871,0,11.295,-0.57081,0.00030655,-17.207
0.5063,0.015878,0,11.314,-0.55677,0.0002978,-17.391
0.5063,0.015878,0,11.314,-0.55677,0.0002978,-17.391
0.5063,0.015878,0,11.314,-0.55677,0.0002978,-17.391
0.51047,0.015872,0,11.291,-0.59982,0.00019181,-16.776
0.51047,0.015872,0,11.291,-0.59982,0.00019181,-16.776
0.51047,0.015872,0,11.291,-0.59982,0.00019181,-16.776
0.51047,0.015872,0,11.291,-0.59982,0.00019181,-16.776
0.51047,0.015872,0,11.291,-0.59982,0.00019181,-16.776
0.51047,0.015872,0,11.291,-0.59982,0.00019181,-16.776
0.51673,0.018373,0,11.831,-0.64739,-0.0009187,-15.618
0.51673,0.014622,0,10.646,-0.65297,0.0010709,-16.042
0.51673,0.014622,0,10.646,-0.65297,0.0010709,-16.042
0.51673,0.014622,0,10.646,-0.65297,0.0010709,-16.042
0.51464,0.015892,0,11.314,-0.64392,7.7079e-05,-16.246
0.51464,0.015892,0,11.314,-0.64392,7.7079e-05,-16.246
0.51464,0.015892,0,11.314,-0.64392,7.7079e-05,-16.246
0.51464,0.015892,0,11.314,-0.64392,7.7079e-05,-16.246
0.56448,0.015813,0,11.169,-0.99077,-0.00046832,-8.7239
0.56259,0.015819,0,11.191,-0.97977,-0.00047037,-9.0212
0.56259,0.015819,0,11.191,-0.97977,-0.00047037,-9.0212
0.56259,0.015819,0,11.191,-0.97977,-0.00047037,-9.0212
0.42906,0.020845,0,12.207,1.4432,0.00074271,-18.616
0.42906,0.020845,0,12.207,1.4432,0.00074271,-18.616
0.42906,0.020845,0,12.207,1.4432,0.00074271,-18.616
0.43743,0.020855,0,12.382,1.09,0.00020853,-20.458
0.43743,0.02029,0,12.398,1.0972,-0.00012459,-20.757
0.43743,0.020855,0,12.382,1.09,0.00020853,-20.458
0.43743,0.020855,0,12.382,1.09,0.00020853,-20.458
0.49588,0.02086,0,12.164,-0.381,-0.00092528,-17.983
0.49588,0.02086,0,12.164,-0.381,-0.00092528,-17.983
0.49588,0.02086,0,12.164,-0.381,-0.00092528,-17.983
0.50422,0.020856,0,12.078,-0.48738,-0.0008309,-16.954
0.50422,0.019699,0,12.041,-0.5006,-0.0010418,-17.132
0.50422,0.020856,0,12.078,-0.48738,-0.0008309,-16.954
0.50422,0.020856,0,12.078,-0.48738,-0.0008309,-16.954
0.51256,0.020851,0,11.99,-0.57812,-0.00073793,-15.869
0.51256,0.020851,0,11.99,-0.57812,-0.00073793,-15.869
0.51256,0.020851,0,11.99,-0.57812,-0.00073793,-15.869
0.42281,-0.01337,0,11.876,-1.5638,-0.0014623,-16.646
0.42281,-0.01337,0,11.876,-1.5638,-0.0014623,-16.646
0.42281,-0.01337,0,11.876,-1.5638,-0.0014623,-16.646
0.42281,-0.01337,0,11.876,-1.5638,-0.0014623,-16.646
0.427,-0.013367,0,11.918,-1.2806,-0.00082772,-17.585
0.427,-0.013367,0,11.918,-1.2805,-0.00082746,-17.585
0.427,-0.013366,0,11.918,-1.2805,-0.00082647,-17.586
0.427,-0.013367,0,11.918,-1.2805,-0.00082746,-17.585
0.427,-0.013367,0,11.918,-1.2805,-0.00082746,-17.585
0.43118,-0.013391,0,11.894,-1.0352,-0.00022995,-18.043
0.43118,-0.013391,0,11.894,-1.0352,-0.00022995,-18.043
0.43118,-0.013391,0,11.894,-1.0352,-0.00022995,-18.043
0.43537,-0.013317,0,11.8,-0.80789,0.00046958,-18.132
0.43537,-0.013317,0,11.8,-0.80789,0.00046958,-18.132
0.43955,-0.013397,0,11.717,-0.61316,0.00086726,-18.01
0.44372,-0.013474,0,11.616,-0.44261,0.0011281,-17.711
0.44372,-0.013035,0,11.392,-0.42567,0.0016943,-17.898
0.4479,-0.013512,0,11.502,-0.29416,0.0013137,-17.321
0.45208,-0.01331,0,11.244,-0.14688,0.0016706,-17.055
0.45626,-0.0134,0,11.183,-0.042855,0.0015755,-16.336
0.46043,-0.013516,0,11.144,0.061323,0.0014457,-15.747
0.46461,-0.013476,0,11.036,0.15026,0.0014093,-15.172
0.46878,-0.013415,0,10.932,0.23161,0.0013662,-14.585
0.47295,-0.013339,0,10.818,0.30599,0.0013103,-14
0.47295,-0.013339,0,10.818,0.30599,0.0013103,-14
0.47784,-0.013328,0,10.745,0.38066,0.001202,-13.148
0.47712,-0.013312,0,10.756,0.37272,0.00121,-13.276
0.47712,-0.013312,0,10.756,0.37272,0.00121,-13.276
0.47712,-0.013312,0,10.756,0.37272,0.00121,-13.276
0.4813,-0.01342,0,10.824,0.43317,0.001012,-12.715
0.4813,-0.01342,0,10.824,0.43317,0.001012,-12.715
0.4813,-0.01342,0,10.824,0.43317,0.001012,-12.715
0.48547,-0.013374,0,10.78,0.4837,0.00079652,-11.983
0.48547,-0.013374,0,10.78,0.4837,0.00079652,-11.983
0.48547,-0.013374,0,10.78,0.4837,0.00079652,-11.983
0.48964,-0.013354,0,10.77,0.52972,0.00091964,-11.276
0.48964,-0.013354,0,10.77,0.52972,0.00091964,-11.276
0.48964,-0.013354,0,10.77,0.52972,0.00091964,-11.276
0.49326,-0.01339,0,10.786,0.57467,0.00071278,-10.79
0.49381,-0.01339,0,10.794,0.57988,0.0006876,-10.685
0.49381,-0.01339,0,10.794,0.57988,0.0006876,-10.685
0.49381,-0.01339,0,10.794,0.57988,0.0006876,-10.685
0.49798,-0.013365,0,10.752,0.61618,0.00058873,-9.9657
0.49798,-0.013365,0,10.752,0.61618,0.00058873,-9.9657
0.49798,-0.013365,0,10.752,0.61618,0.00058873,-9.9657
0.49798,-0.013365,0,10.752,0.61618,0.00058873,-9.9657
0.49798,-0.013365,0,10.752,0.61618,0.00058873,-9.9657
0.49798,-0.013365,0,10.752,0.61618,0.00058873,-9.9657
0.50215,-0.013386,0,10.769,0.65307,0.00046907,-9.3492
0.50215,-0.013386,0,10.769,0.65307,0.00046907,-9.3492
0.50215,-0.013386,0,10.769,0.65307,0.00046907,-9.3492
0.50215,-0.013386,0,10.769,0.65307,0.00046907,-9.3492
0.41231,-0.0095387,0,11.289,-2.6472,0.00016448,-14.945
0.40594,-0.0083176,0,10.364,-3.4895,-0.0026341,-5.5122
0.40594,-0.0083176,0,10.364,-3.4895,-0.0026341,-5.5122
0.41017,-0.0083761,0,10.972,-2.9931,0.0017026,-14.178
0.42071,-0.012086,0,11.783,-1.7357,-0.00082892,-17.185
0.42071,-0.012086,0,11.783,-1.7357,-0.00082892,-17.185
0.42071,-0.012086,0,11.783,-1.7357,-0.00082892,-17.185
0.42909,-0.012109,0,11.644,-1.1286,0.0013284,-18.718
0.43746,-0.012049,0,11.031,-0.64344,0.0025846,-18.786
0.44581,-0.012322,0,10.669,-0.31051,0.0026369,-17.975
0.45411,-0.011877,0,9.4342,-0.038812,0.0026883,-16.952
0.46252,-0.012316,0,9.885,0.12615,0.0023142,-15.729
0.47086,-0.011889,0,9.1607,0.26775,0.0021796,-14.546
0.47086,-0.012103,0,9.5273,0.27162,0.0021344,-14.517
0.47921,-0.012156,0,9.6837,0.39378,0.0018252,-13.121
0.47822,-0.012034,0,9.4965,0.3817,0.0019108,-13.205
0.48755,-0.012013,0,9.7138,0.49631,0.0017252,-11.817
0.49589,-0.012095,0,9.97,0.58909,0.0012771,-10.489
0.49589,-0.012095,0,9.97,0.58909,0.0012771,-10.489
0.50423,-0.012112,0,10.141,0.66264,0.00096155,-9.1057
0.50423,-0.012112,0,10.141,0.66264,0.00096155,-9.1057
0.50423,-0.012112,0,10.141,0.66264,0.00096155,-9.1057
0.50423,-0.0096118,0,7.2743,0.52541,0.0015976,-9.2635
0.51256,-0.0095076,0,7.8314,0.6067,0.0014679,-7.8875
0.5124,-0.0095301,0,7.8498,0.60686,0.0014711,-7.9168
0.51257,-0.0095203,0,7.85,0.60791,0.0014682,-7.8869
0.51262,-0.0095191,0,7.8517,0.60871,0.0014671,-7.8777
0.5209,-0.0095311,0,8.4482,0.69677,0.0012639,-6.4675
0.51882,-0.0083993,0,6.796,0.56949,0.0013523,-6.8984
0.52925,-0.0096352,0,8.9731,0.7566,0.0009788,-5.0946
0.52925,-0.0096352,0,8.9731,0.7566,0.0009788,-5.0946
0.52925,-0.0096352,0,8.9731,0.7566,0.0009788,-5.0946
0.52309,-0.0080914,0,6.7675,0.60267,0.00129,-6.196
0.523,-0.0084261,0,7.2178,0.62756,0.0013162,-6.1778
0.52716,-0.0082782,0,7.3944,0.65272,0.0012447,-5.5066
0.52714,-0.0080697,0,7.1145,0.63013,0.001236,-5.5218
0.53134,-0.00839,0,7.8732,0.70345,0.0011566,-4.8745
0.5355,-0.0082937,0,8.061,0.72967,0.0010495,-4.0086
0.53967,-0.0083576,0,8.3509,0.76623,0.00094962,-3.3871
0.53967,-0.0083576,0,8.3509,0.76623,0.00094962,-3.3871
0.54317,-0.0083893,0,8.5305,0.78063,0.00083063,-2.7886
0.54384,-0.0083861,0,8.5822,0.78649,0.00081916,-2.6675
0.54384,-0.0078004,0,8.0842,0.7589,0.00088144,-2.6847
0.54384,-0.0083861,0,8.5822,0.78649,0.00081916,-2.6675
0.54384,-0.0083861,0,8.5822,0.78649,0.00081916,-2.6675
0.54801,-0.0083692,0,8.7362,0.79636,0.00074474,-1.8475
0.54801,-0.0083692,0,8.7362,0.79636,0.00074474,-1.8475
0.54801,-0.0083692,0,8.7362,0.79636,0.00074474,-1.8475
0.55218,-0.0083548,0,8.8649,0.81303,0.00056984,-1.0198
0.55218,-0.0083548,0,8.8649,0.81303,0.00056984,-1.0198
0.55218,-0.0083548,0,8.8649,0.81303,0.00056984,-1.0198
0.55218,-0.0083548,0,8.8649,0.81303,0.00056984,-1.0198
0.40382,-0.0069597,0,9.6077,-3.9527,-0.002788,0.11894
0.39724,-0.0028159,0,6.1626,-1.9286,-0.006337,35.927
0.39724,-0.0028159,0,6.1626,-1.9286,-0.006337,35.927
0.39724,-0.0028159,0,6.1626,-1.9286,-0.006337,35.927
0.52928,-0.0077737,0,6.9196,0.6311,0.0012097,-5.1394
0.52936,-0.0074258,0,6.4653,0.60472,0.0011707,-5.1563
0.53759,-0.0071286,0,6.8812,0.64982,0.0010628,-3.9189
0.54592,-0.0070669,0,7.4946,0.72305,0.0008919,-2.2226
0.55426,-0.0070949,0,8.0026,0.76425,0.00069914,-0.66507
0.55465,-0.0070958,0,8.0096,0.76602,0.00069213,-0.61123
0.55426,-0.0070949,0,8.0026,0.76425,0.00069914,-0.66507
0.55426,-0.0070949,0,8.0026,0.76425,0.00069914,-0.66507
0.55437,-0.0048439,0,5.6543,0.60384,0.00071622,-0.67788
0.55463,-0.0048157,0,5.6471,0.60036,0.00071165,-0.65087
0.56257,-0.0042935,0,5.7706,0.608,0.00061411,1.0332
0.56238,-0.0045638,0,6.0653,0.63365,0.00063185,0.988
0.56259,-0.0045551,0,6.0698,0.63506,0.00062917,1.0453
0.57093,-0.0045503,0,6.6569,0.66926,0.00051595,2.996
0.5648,-0.0036649,0,5.2496,0.58261,0.00056377,1.528
0.56882,-0.0036579,0,5.5889,0.59818,0.00053156,2.4692
0.56877,-0.0032006,0,5.0773,0.55229,0.00050863,2.4491
0.57927,-0.0045927,0,7.0033,0.61716,0.00037915,5.171
0.57927,-0.0045927,0,7.0033,0.61716,0.00037915,5.171
0.57927,-0.0045927,0,7.0033,0.61716,0.00037915,5.171
0.57301,-0.0032607,0,5.4978,0.58062,0.00048035,3.4909
0.57685,-0.0033235,0,5.8013,0.59083,0.00044841,4.5319
0.57718,-0.0033299,0,5.8279,0.59171,0.00044507,4.5917
0.57719,-0.0029656,0,5.4554,0.56666,0.00044228,4.5922
0.58135,-0.0033617,0,6.0435,0.54814,0.0004235,5.7734
0.58135,-0.0033617,0,6.0435,0.54814,0.0004235,5.7734
0.58548,-0.003319,0,6.1576,0.43556,0.00042477,6.7735
0.58548,-0.003319,0,6.1576,0.43556,0.00042477,6.7735
0.58548,-0.003319,0,6.1576,0.43556,0.00042477,6.7735
0.59168,-0.0027147,0,5.9329,0.22765,-0.0011594,7.068
0.59271,-0.0033048,0,6.4005,0.22476,0.0040478,6.8712
0.58961,-0.0033491,0,6.3433,0.32417,0.00027502,6.9745
0.58961,-0.0033491,0,6.3433,0.32417,0.00027502,6.9745
0.58941,-0.0031213,0,6.1266,0.31849,0.0003129,7.0128
0.58961,-0.0033491,0,6.3433,0.32417,0.00027502,6.9745
0.58961,-0.0033491,0,6.3433,0.32417,0.00027502,6.9745
0.58961,-0.0033491,0,6.3433,0.32417,0.00027502,6.9745
0.58961,-0.0033491,0,6.3433,0.32417,0.00027502,6.9745
0.59375,-0.0032903,0,6.469,0.20072,0.0030859,6.7795
0.59458,-0.0032758,0,6.4871,0.18247,0.00237,6.6983
0.59375,-0.0032903,0,6.469,0.20072,0.0030859,6.7795
0.59375,-0.0032903,0,6.469,0.20072,0.0030859,6.7795
0.59375,-0.0032903,0,6.469,0.20072,0.0030859,6.7795
0.59375,-0.0032903,0,6.469,0.20072,0.0030859,6.7795
0.59791,-0.0030168,0,6.5127,0.11654,0.0011204,5.8007
0.59791,-0.0030168,0,6.5127,0.11654,0.0011204,5.8007
0.59791,-0.0030168,0,6.5127,0.11654,0.0011204,5.8007
0.39507,-0.0013897,0,6.5413,-0.56214,-0.0053734,34.723
0.39507,-0.0013897,0,6.5413,-0.56214,-0.0053734,34.723
0.39507,-0.0013897,0,6.5413,-0.56214,-0.0053734,34.723
0.39507,-0.0013897,0,6.5413,-0.56214,-0.0053734,34.723
0.39504,0.0013713,0,6.5399,0.80867,0.00062135,34.545
0.39504,0.0013713,0,6.5399,0.80867,0.00062135,34.545
0.39672,0.00084771,0,5.2923,0.79112,0.0012351,41.591
0.39504,0.0013713,0,6.5399,0.80867,0.00062135,34.545
0.39504,0.0013713,0,6.5399,0.80867,0.00062135,34.545
0.39718,0.0028212,0,6.1267,2.1674,0.00392,35.626
0.39718,0.0028212,0,6.1267,2.1674,0.00392,35.626
0.39718,0.0028212,0,6.1267,2.1674,0.00392,35.626
0.57906,-0.0019563,0,4.5669,0.49564,0.00042256,5.3831
0.58694,-0.0021591,0,5.1633,0.34488,0.00051638,7.0267
0.58755,-0.0021841,0,5.2192,0.33122,0.00050482,7.0184
0.58755,-0.0021841,0,5.2192,0.33122,0.00050482,7.0184
0.59582,-0.0020559,0,5.5998,0.083447,0.0042068,6.4985
0.59582,-0.0025851,0,6.0247,0.12987,0.0043981,6.4722
0.59582,-0.0020559,0,5.5998,0.083447,0.0042068,6.4985
0.59582,-0.0020559,0,5.5998,0.083447,0.0042068,6.4985
0.59376,0.0031706,0,4.3531,-0.93952,0.00053796,-0.61164
0.59812,0.0031144,0,4.7253,-0.92733,0.00062577,2.3214
0.59814,0.0031074,0,4.7204,-0.92602,0.00062573,2.3367
0.40372,0.0070764,0,9.5969,4.3852,-0.0038062,-1.7127
0.40594,0.0082293,0,10.389,4.0118,-0.0043949,-8.4689
0.41012,0.0084001,0,10.934,3.433,0.0051855,-17.623
0.41013,0.0085277,0,10.97,3.4314,0.0041992,-17.448
0.41023,0.0084318,0,10.944,3.418,0.0051277,-17.699
0.55636,0.0085498,0,6.5646,-0.66699,0.0017887,-10.528
0.56037,0.0081501,0,6.5763,-0.69175,0.0017438,-9.7209
0.56028,0.0081316,0,6.5491,-0.68896,0.0017431,-9.7298
0.56033,0.0083082,0,6.7549,-0.70674,0.0017409,-9.7162
0.57052,0.0069802,0,6.2018,-0.69571,0.0016372,-8.3012
0.57085,0.0069419,0,6.1936,-0.69715,0.0016342,-8.2599
0.56467,0.0082854,0,7.1406,-0.75954,0.0017092,-9.1382
0.56461,0.0076793,0,6.3794,-0.68256,0.0016952,-9.1801
0.56793,0.0083815,0,7.5874,-0.82,0.001638,-8.7534
0.56885,0.008346,0,7.6386,-0.83137,0.0016215,-8.5652
0.57927,0.0070735,0,7.3244,-0.89196,0.0015517,-7.1916
0.57301,0.0083074,0,7.9743,-0.88516,0.0015301,-7.8575
0.57718,0.0083042,0,8.2737,-0.95363,0.0014081,-7.1908
0.57718,0.0083042,0,8.2737,-0.95363,0.0014081,-7.1908
0.57718,0.0083042,0,8.2737,-0.95363,0.0014081,-7.1908
0.58762,0.0046185,0,5.495,-0.95343,0.001064,-4.9503
0.58766,0.0070612,0,7.9368,-1.1574,0.0012253,-4.4874
0.58766,0.0070612,0,7.9368,-1.1574,0.0012253,-4.4874
0.58766,0.0070612,0,7.9368,-1.1574,0.0012253,-4.4874
0.58136,0.0083376,0,8.5853,-1.0483,0.0012699,-6.5468
0.58136,0.0083376,0,8.5853,-1.0483,0.0012699,-6.5468
0.58136,0.0083376,0,8.5853,-1.0483,0.0012699,-6.5468
0.58556,0.0083135,0,8.7645,-1.1573,0.0011068,-5.1934
0.58556,0.0083135,0,8.7645,-1.1573,0.0011068,-5.1934
0.58556,0.0083135,0,8.7645,-1.1573,0.0011068,-5.1934
0.58556,0.0083135,0,8.7645,-1.1573,0.0011068,-5.1934
0.59605,0.0044737,0,6.0644,-1.0848,0.00086022,0.82113
0.59605,0.0044737,0,6.0644,-1.0848,0.00086022,0.82113
0.41228,0.0096927,0,11.33,3.1009,0.00038119,-18.703
0.41228,0.0095432,0,11.297,3.105,0.0013628,-18.921
0.42068,0.012123,0,11.921,2.1947,-0.0017129,-22.059
0.41869,0.013384,0,11.998,2.3268,-0.0050601,-19.701
0.41857,0.013342,0,11.992,2.3376,-0.0050663,-19.663
0.41857,0.013384,0,11.993,2.3357,-0.0050704,-19.619
0.41857,0.013384,0,11.993,2.3357,-0.0050704,-19.619
0.41857,0.013384,0,11.993,2.3357,-0.0050704,-19.619
0.42907,0.012461,0,11.42,1.4822,0.0035609,-24.249
0.42907,0.012155,0,11.122,1.4369,0.0049864,-24.443
0.42278,0.013364,0,12.118,2.0127,-0.0038781,-21.907
0.42278,0.013364,0,12.118,2.0127,-0.0038781,-21.907
0.42697,0.013336,0,12.083,1.7045,-0.0015151,-23.337
0.43065,0.013383,0,11.945,1.4577,0.00042463,-24.027
0.43115,0.013378,0,11.904,1.4202,0.0007732,-24.196
0.43532,0.013369,0,11.539,1.1521,0.0026824,-24.499
0.43534,0.01332,0,11.477,1.1435,0.0028743,-24.528
0.43534,0.013371,0,11.538,1.1509,0.0026859,-24.501
0.43935,0.013168,0,10.753,0.88312,0.0043707,-24.648
0.43959,0.013187,0,10.721,0.86702,0.0043826,-24.574
0.4437,0.013465,0,10.517,0.68934,0.0042613,-24.671
0.44777,0.013685,0,10.282,0.5299,0.0042495,-24.606
0.48962,0.013608,0,8.5582,-0.30592,0.0032403,-19.959
0.49354,0.013441,0,8.4059,-0.3467,0.0031471,-19.467
0.49379,0.01343,0,8.3968,-0.34916,0.0031413,-19.435
0.49379,0.0135,0,8.5157,-0.35217,0.0031104,-19.428
0.4982,0.013218,0,8.2514,-0.3873,0.0030267,-18.864
0.49794,0.013231,0,8.2602,-0.38515,0.0030363,-18.893
0.50214,0.013503,0,8.9228,-0.45391,0.002794,-18.476
0.51222,0.012388,0,7.8047,-0.50135,0.0026028,-16.976
0.51258,0.012364,0,7.798,-0.49919,0.0025933,-16.982
0.51355,0.012298,0,7.7661,-0.49914,0.0025718,-16.759
0.5063,0.013318,0,8.8771,-0.48932,0.0026724,-17.695
0.51036,0.012892,0,8.4848,-0.51578,0.002562,-16.985
0.51047,0.013282,0,9.0277,-0.53936,0.002474,-16.932
0.5209,0.012173,0,8.1388,-0.58278,0.0023711,-15.604
0.51464,0.013393,0,9.4134,-0.59148,0.0021865,-16.467
0.51464,0.012988,0,8.867,-0.56319,0.0023765,-16.493
0.51881,0.013273,0,9.4829,-0.63467,0.0020189,-15.815
0.52924,0.012186,0,8.7882,-0.67671,0.0020245,-14.546
0.52299,0.013384,0,9.8,-0.68408,0.001725,-15.333
0.52715,0.013362,0,9.9152,-0.71639,0.0014817,-14.537
0.52715,0.013362,0,9.9152,-0.71639,0.0014817,-14.537
0.52715,0.013362,0,9.9152,-0.71639,0.0014817,-14.537
0.53758,0.012147,0,9.2818,-0.76582,0.0016585,-13.229
0.53133,0.013392,0,10.098,-0.75913,0.0012412,-14.03
0.53133,0.014582,0,10.832,-0.78256,0.00048577,-13.93
0.53133,0.013392,0,10.098,-0.75913,0.0012412,-14.03
0.53133,0.013392,0,10.098,-0.75913,0.0012412,-14.03
0.53628,0.013387,0,10.23,-0.7982,0.00099422,-13.276
0.53549,0.013387,0,10.227,-0.78992,0.00093938,-13.355
0.53549,0.013387,0,10.227,-0.78992,0.00093938,-13.355
0.53549,0.013387,0,10.227,-0.78992,0.00093938,-13.355
0.54639,0.0095599,0,6.8256,-0.63427,0.0019283,-11.925
0.5459,0.0096073,0,6.8401,-0.63227,0.0019372,-11.99
0.54592,0.012114,0,9.6448,-0.8386,0.0012674,-11.893
0.54592,0.012114,0,9.6448,-0.8386,0.0012674,-11.893
0.54592,0.012114,0,9.6448,-0.8386,0.0012674,-11.893
0.53974,0.013278,0,10.258,-0.82872,0.00091084,-12.684
0.53966,0.01337,0,10.331,-0.83197,0.00086224,-12.689
0.53966,0.013199,0,10.213,-0.82797,0.00096487,-12.724
0.53966,0.01337,0,10.331,-0.83197,0.00086224,-12.689
0.53966,0.01337,0,10.331,-0.83197,0.00086224,-12.689
0.53966,0.01337,0,10.331,-0.83197,0.00086224,-12.689
0.54383,0.013376,0,10.415,-0.8584,0.000704,-12.121
0.54383,0.013376,0,10.415,-0.8584,0.000704,-12.121
0.54464,0.012407,0,9.7611,-0.83583,0.0011886,-12.114
0.54383,0.013376,0,10.415,-0.8584,0.000704,-12.121
0.54383,0.013376,0,10.415,-0.8584,0.000704,-12.121
0.55425,0.0095532,0,7.6169,-0.74633,0.0018007,-10.595
0.5626,0.0096069,0,8.4109,-0.85942,0.0015443,-9.4995
0.56294,0.0096042,0,8.4312,-0.86409,0.0015358,-9.4501
0.42906,0.014633,0,12.273,1.583,-0.0034685,-22.741
0.42906,0.014633,0,12.273,1.583,-0.0034685,-22.741
0.42906,0.014633,0,12.273,1.583,-0.0034685,-22.741
0.43743,0.014606,0,12.143,1.1116,-0.00082487,-24.095
0.4383,0.014566,0,12.084,1.0586,-0.00038259,-24.163
0.44578,0.014703,0,11.774,0.71957,0.0010755,-24.118
0.45456,0.014495,0,10.92,0.37204,0.0028745,-23.814
0.45415,0.014484,0,10.938,0.38448,0.0028644,-23.851
0.46249,0.014831,0,10.835,0.16187,0.0025358,-23.047
0.46251,0.014626,0,10.587,0.15205,0.002971,-23.1
0.46249,0.014626,0,10.587,0.15255,0.002971,-23.102
0.47084,0.014624,0,10.245,-0.032677,0.0029733,-22.232
0.47918,0.014194,0,9.3854,-0.17893,0.0032125,-21.3
0.47918,0.014498,0,9.9225,-0.18048,0.0029517,-21.258
0.48754,0.014736,0,10.264,-0.31384,0.0024301,-20.32
0.49587,0.014554,0,10.176,-0.41639,0.0022662,-19.036
0.50422,0.014662,0,10.46,-0.5243,0.0017209,-17.857
0.51256,0.014652,0,10.599,-0.61265,0.0012434,-16.712
0.51256,0.014652,0,10.599,-0.61265,0.0012434,-16.712
0.51256,0.014652,0,10.599,-0.61265,0.0012434,-16.712
0.4123,-0.013352,0,11.304,-2.3114,-0.0011851,-10.288
0.4123,-0.013352,0,11.304,-2.3114,-0.0011851,-10.288
0.52091,-0.013371,0,10.738,0.77109,3.7301e-05,-6.3099
0.52925,-0.01337,0,10.702,0.80221,-0.00010261,-4.9687
0.57093,-0.0083237,0,9.1432,0.76202,0.00013603,2.8106
0.57188,-0.0083208,0,9.1457,0.75332,0.00011712,3.0195
0.57926,-0.008293,0,9.1405,0.65494,-1.8198e-05,4.6333
0.60417,-0.0024873,0,6.2185,0.11987,0.00088459,5.7686
0.60417,-0.0024873,0,6.2185,0.11987,0.00088459,5.7686
0.60417,-0.0024873,0,6.2185,0.11987,0.00088459,5.7686
0.60417,-0.0024873,0,6.2185,0.11987,0.00088459,5.7686
0.60416,0.0024902,0,4.5928,-0.58284,0.00094478,5.5008
0.60416,0.0024902,0,4.5928,-0.58284,0.00094478,5.5008
0.60416,0.0024902,0,4.5928,-0.58284,0.00094478,5.5008
0.60416,0.0024902,0,4.5928,-0.58284,0.00094478,5.5008
0.59603,0.0081955,0,8.8378,-1.1725,0.00068711,0.30665
0.5968,0.0081757,0,8.8235,-1.1564,0.00068159,0.65149
0.56259,0.013348,0,10.694,-0.98519,0.00010799,-9.1878
0.56272,0.013347,0,10.695,-0.98603,0.00010523,-9.1674
0.42906,0.018369,0,12.292,1.5122,-0.0005452,-20.135
0.43743,0.018377,0,12.438,1.1203,-0.0017685,-21.793
0.43694,0.018377,0,12.433,1.142,-0.0017149,-21.723
0.49588,0.018381,0,12.024,-0.40812,-0.001194,-18.408
0.50422,0.01838,0,11.946,-0.51481,-0.0010744,-17.336
0.503,0.018381,0,11.957,-0.49931,-0.0010919,-17.492
0.50506,0.018379,0,11.938,-0.52466,-0.0010629,-17.218
0.51256,0.018375,0,11.869,-0.60517,-0.00096909,-16.193
0.41018,-0.009594,0,11.13,-2.8936,-0.0014329,-12.177
0.41018,-0.0093417,0,11.108,-2.9194,-0.00088244,-12.569
0.41861,-0.0096507,0,11.055,-1.8505,0.0032118,-18.752
0.50215,-0.0097692,0,7.3587,0.51774,0.0016341,-9.6487
0.51049,-0.0096488,0,7.8585,0.5971,0.0015021,-8.3124
0.51015,-0.0096655,0,7.8528,0.59598,0.0015075,-8.4028
0.51049,-0.0094899,0,7.6267,0.58268,0.0014973,-8.3106
0.51882,-0.0095892,0,8.3794,0.67916,0.0013118,-6.8634
0.52716,-0.0096063,0,8.8509,0.74875,0.0010578,-5.4703
0.52716,-0.0096063,0,8.8509,0.74875,0.0010578,-5.4703
0.40174,-0.0043136,0,7.6704,-4.7255,5.0663e-05,12.841
0.56052,-0.0046638,0,6.0256,0.62924,0.00065698,0.45955
0.56884,-0.0045074,0,6.4878,0.66735,0.00054728,2.507
0.57719,-0.0045873,0,6.9418,0.6457,0.00040906,4.5824
0.57719,-0.0045873,0,6.9418,0.6457,0.00040906,4.5824
0.57719,-0.0045873,0,6.9418,0.6457,0.00040906,4.5824
0.56885,0.0071739,0,6.243,-0.69078,0.0016524,-8.5783
0.56885,0.0074125,0,6.5437,-0.72074,0.0016626,-8.5817
0.57717,0.0069793,0,6.9816,-0.82735,0.0015995,-7.2528
0.58556,0.0070721,0,7.8365,-1.1051,0.0013275,-5.4849
0.58556,0.0070721,0,7.8365,-1.1051,0.0013275,-5.4849
0.41857,0.012138,0,11.921,2.3817,-0.0036499,-20.963
0.41857,0.011989,0,11.89,2.3817,-0.0030004,-21.127
0.41857,0.012382,0,11.944,2.3745,-0.0041831,-20.692
0.42719,0.011913,0,11.245,1.588,0.0047714,-24.352
0.42697,0.011954,0,11.301,1.6093,0.0045055,-24.301
0.42712,0.012157,0,11.423,1.6146,0.003673,-24.207
0.51874,0.011931,0,7.5996,-0.52696,0.0024361,-15.992
0.52715,0.012059,0,8.4599,-0.64202,0.002161,-14.571
0.5355,0.012138,0,9.1517,-0.73654,0.0016116,-13.425
0.53549,0.012733,0,9.7227,-0.76453,0.0012783,-13.399
0.54383,0.01213,0,9.5663,-0.82018,0.001345,-12.249
0.54479,0.012122,0,9.5684,-0.8284,0.0013325,-12.124
0.54383,0.01213,0,9.5663,-0.82018,0.001345,-12.249
0.54383,0.01213,0,9.5663,-0.82018,0.001345,-12.249
0.42281,-0.012103,0,11.795,-1.5722,-0.00036796,-17.776
0.42281,-0.012103,0,11.795,-1.5722,-0.00036796,-17.776
0.427,-0.012051,0,11.7,-1.2641,0.00093386,-18.548
0.43118,-0.012172,0,11.58,-1.0038,0.0015252,-18.79
0.43118,-0.011986,0,11.457,-0.98881,0.0018397,-18.894
0.43096,-0.012168,0,11.587,-1.0163,0.0015004,-18.788
0.43538,-0.011966,0,11.131,-0.7485,0.0024832,-18.846
0.43501,-0.011965,0,11.157,-0.7673,0.0024414,-18.842
0.43955,-0.012138,0,10.944,-0.55066,0.0026318,-18.607
0.43968,-0.012143,0,10.938,-0.5448,0.0026332,-18.595
0.43955,-0.012013,0,10.776,-0.53871,0.0027693,-18.654
0.43955,-0.012518,0,11.248,-0.57426,0.0020951,-18.433
0.43931,-0.012128,0,10.954,-0.56086,0.0026275,-18.627
0.44372,-0.012273,0,10.763,-0.38423,0.0026536,-18.201
0.44278,-0.012247,0,10.805,-0.4193,0.0026549,-18.306
0.4479,-0.012355,0,10.568,-0.24017,0.0026109,-17.723
0.44733,-0.012347,0,10.596,-0.25899,0.0026195,-17.797
0.45229,-0.011875,0,9.6301,-0.097953,0.0027455,-17.423
0.45097,-0.011867,0,9.5431,-0.11414,0.0028532,-17.637
0.45626,-0.012262,0,9.9731,0.0060805,0.0025113,-16.672
0.45632,-0.011985,0,9.5172,0.021593,0.0025943,-16.734
0.46043,-0.012349,0,9.9755,0.08405,0.0023575,-16.015
0.46043,-0.012475,0,10.127,0.081821,0.0022704,-15.987
0.46461,-0.012274,0,9.7925,0.16612,0.0022665,-15.426
0.46878,-0.012168,0,9.6139,0.23841,0.0021782,-14.82
0.47295,-0.012033,0,9.4427,0.30177,0.0020868,-14.199
0.47395,-0.011998,0,9.404,0.3169,0.002067,-14.05
0.47295,-0.01183,0,9.0965,0.29679,0.0021272,-14.225
0.47712,-0.011948,0,9.3635,0.36803,0.0019798,-13.546
0.47694,-0.011946,0,9.3613,0.36462,0.0019864,-13.574
0.47711,-0.011852,0,9.2068,0.36309,0.001998,-13.562
0.4813,-0.012221,0,9.8098,0.42823,0.0017124,-12.912
0.4813,-0.011749,0,9.1753,0.40916,0.0019059,-12.954
0.48546,-0.012078,0,9.737,0.47088,0.0015613,-12.16
0.48963,-0.012058,0,9.815,0.52153,0.0015469,-11.352
0.48963,-0.011562,0,9.1889,0.50437,0.0017027,-11.393
0.49381,-0.012148,0,9.9973,0.57053,0.0013056,-10.813
0.49395,-0.012145,0,9.9961,0.57165,0.0013047,-10.793
0.49381,-0.012646,0,10.377,0.57681,0.0010524,-10.769
0.49797,-0.012077,0,9.9857,0.60735,0.0011923,-10.064
0.49797,-0.012077,0,9.9857,0.60735,0.0011923,-10.064
0.49797,-0.012077,0,9.9857,0.60735,0.0011923,-10.064
0.50215,-0.012139,0,10.129,0.6477,0.0010215,-9.5028
0.50215,-0.012139,0,10.129,0.6477,0.0010215,-9.5028
0.50215,-0.012139,0,10.129,0.6477,0.0010215,-9.5028
0.40594,-0.0070271,0,10.218,-3.7995,0.00056772,-7.5809
0.41443,-0.0095037,0,11.318,-2.3859,0.0015568,-16.771
0.41447,-0.0095049,0,11.316,-2.38,0.0015824,-16.802
0.41443,-0.0094743,0,11.305,-2.3836,0.0016363,-16.807
0.50624,-0.0094551,0,7.2086,0.53322,0.0015522,-8.9627
0.50625,-0.0095171,0,7.3,0.53934,0.001552,-8.957
0.50662,-0.0094259,0,7.2393,0.54165,0.0015451,-8.8442
0.50564,-0.0095022,0,7.23,0.53086,0.0015664,-9.0499
0.51465,-0.0095458,0,8.0156,0.63612,0.0014191,-7.4199
0.51463,-0.0094864,0,7.9395,0.6315,0.0014192,-7.4258
0.52299,-0.0096049,0,8.6575,0.71306,0.0011868,-6.1344
0.53134,-0.0096413,0,9.0662,0.77455,0.0009113,-4.8228
0.53054,-0.009644,0,9.0088,0.76687,0.00094663,-4.956
0.53134,-0.0096413,0,9.0662,0.77455,0.0009113,-4.8228
0.53134,-0.0096413,0,9.0662,0.77455,0.0009113,-4.8228
0.53134,-0.0072349,0,6.4106,0.58983,0.0011415,-4.8709
0.53527,-0.0068487,0,6.3766,0.60966,0.0010594,-4.0675
0.53966,-0.0070442,0,6.9514,0.66193,0.0010542,-3.3857
0.54384,-0.0071356,0,7.4132,0.71087,0.00087522,-2.7043
0.54323,-0.0071555,0,7.3859,0.70647,0.0009628,-2.8464
0.54384,-0.0077433,0,8.0326,0.75573,0.00088527,-2.6863
0.54801,-0.0071144,0,7.6886,0.73523,0.00087537,-1.8498
0.55217,-0.0070775,0,7.8775,0.76066,0.00075163,-1.0987
0.55217,-0.0070775,0,7.8775,0.76066,0.00075163,-1.0987
0.3972,-0.0014166,0,5.3932,-1.1429,-0.0056624,41.274
0.3972,-0.0014166,0,5.3932,-1.1429,-0.0056624,41.274
0.3972,-0.0014166,0,5.3932,-1.1429,-0.0056624,41.274
0.55633,-0.0046263,0,5.5936,0.58291,0.00068325,-0.31278
0.55633,-0.0047819,0,5.7791,0.59915,0.00069372,-0.31791
0.56469,-0.0046426,0,6.332,0.65316,0.0006081,1.5312
0.57301,-0.0045577,0,6.7512,0.67537,0.00047735,3.4235
0.57301,-0.0045577,0,6.7512,0.67537,0.00047735,3.4235
0.57719,-0.0021862,0,4.632,0.50979,0.00042439,4.646
0.58136,-0.0021724,0,4.8659,0.47613,0.00044722,5.9057
0.58548,-0.0020391,0,4.9619,0.37617,0.0005138,6.9982
0.58962,-0.002161,0,5.3165,0.26479,0.00024815,7.2217
0.58935,-0.0021674,0,5.2956,0.27274,0.00030579,7.2082
0.58962,-0.002161,0,5.3165,0.26479,0.00024815,7.2217
0.58962,-0.002161,0,5.3165,0.26479,0.00024815,7.2217
0.59271,-0.0033048,0,6.4005,0.22476,0.0040478,6.8712
0.59375,-0.0026873,0,6.0025,0.17076,0.00086636,6.8755
0.59375,-0.0020867,0,5.4977,0.14031,-0.00068452,6.9688
0.59375,-0.0020867,0,5.4977,0.14031,-0.00068452,6.9688
0.59375,-0.0020867,0,5.4977,0.14031,-0.00068452,6.9688
0.59791,-0.0018275,0,5.6364,0.032423,0.0010257,5.8513
0.59791,-0.0018275,0,5.6364,0.032423,0.0010257,5.8513
0.39716,0.0013998,0,5.3588,1.3361,0.003466,41.103
0.39714,0.00086045,0,5.0582,0.90301,0.0018295,42.889
0.39716,0.0013998,0,5.3588,1.3361,0.003466,41.103
0.39716,0.0013998,0,5.3588,1.3361,0.003466,41.103
0.4016,0.0044346,0,7.5464,5.0239,0.011764,12.312
0.58977,0.0045785,0,5.6561,-1.0283,0.001001,-3.5265
0.58977,0.0045974,0,5.6775,-1.0299,0.0010048,-3.5238
0.58977,0.0045714,0,5.6475,-1.0276,0.00099893,-3.5265
0.58976,0.0045773,0,5.654,-1.0278,0.0010009,-3.5326
0.59793,0.0018191,0,2.9334,-0.72646,0.00030756,2.4337
0.59844,0.0017232,0,2.8411,-0.70638,0.00033516,2.7193
0.59793,0.0018191,0,2.9334,-0.72646,0.00030756,2.4337
0.59395,0.0044876,0,5.9327,-1.0901,0.0008962,-0.61186
0.40605,0.0069261,0,10.175,4.2622,0.0051648,-10.455
0.41017,0.0095516,0,11.196,3.3858,-0.0031819,-15.842
0.41016,0.010046,0,11.241,3.3314,-0.0051441,-15.091
0.41444,0.0095902,0,11.226,2.7911,0.0050009,-20.814
0.4144,0.010001,0,11.406,2.8227,0.0020142,-20.294
0.54385,0.0098045,0,6.8996,-0.63357,0.0019675,-12.42
0.54384,0.010242,0,7.4982,-0.67805,0.0019695,-12.45
0.54778,0.0094247,0,6.8821,-0.6567,0.0019049,-11.609
0.55217,0.0095571,0,7.4431,-0.71347,0.0018518,-11.032
0.55176,0.0095856,0,7.4378,-0.71111,0.0018574,-11.126
0.55216,0.0091897,0,6.9481,-0.67128,0.0018503,-11.043
0.55634,0.0096453,0,7.9334,-0.78408,0.00173,-10.519
0.5605,0.0095591,0,8.198,-0.8283,0.0016198,-9.654
0.56468,0.0095965,0,8.5259,-0.88365,0.0014835,-9.1121
0.56468,0.0095965,0,8.5259,-0.88365,0.0014835,-9.1121
0.57302,0.0070931,0,6.6407,-0.76255,0.0016473,-7.9102
0.58136,0.0070774,0,7.5411,-0.95809,0.0014904,-6.7135
0.42278,0.012062,0,11.793,1.9929,0.00086635,-23.166
0.42286,0.011774,0,11.619,1.963,0.0023505,-23.375
0.43104,0.012388,0,11.027,1.3021,0.0051132,-24.764
0.43115,0.014626,0,12.269,1.4568,-0.002825,-23.245
0.43107,0.014626,0,12.269,1.4619,-0.0028492,-23.228
0.43115,0.014626,0,12.269,1.4568,-0.002825,-23.245
0.43115,0.014626,0,12.269,1.4568,-0.002825,-23.245
0.43534,0.014625,0,12.206,1.224,-0.0015927,-23.753
0.43496,0.014618,0,12.213,1.2438,-0.0016994,-23.701
0.43952,0.014526,0,12.006,0.99878,0.00010827,-24.073
0.4437,0.01464,0,11.857,0.80575,0.00081205,-24.167
0.44787,0.014643,0,11.578,0.62823,0.0017011,-24.289
0.44787,0.014346,0,11.221,0.59901,0.0025952,-24.418
0.44745,0.014666,0,11.637,0.64994,0.0015243,-24.206
0.45206,0.014429,0,11.034,0.45516,0.0027745,-23.986
0.45623,0.014535,0,10.85,0.32205,0.0029082,-23.682
0.46041,0.014605,0,10.675,0.20534,0.0029608,-23.31
0.46458,0.014638,0,10.501,0.10166,0.0029765,-22.904
0.46875,0.014636,0,10.329,0.0096612,0.002977,-22.459
0.46875,0.014105,0,9.3898,-0.006287,0.0036272,-22.556
0.47293,0.014603,0,10.162,-0.072636,0.0029685,-21.992
0.4771,0.01454,0,10.001,-0.14666,0.0029558,-21.513
0.47688,0.014544,0,10.01,-0.14293,0.0029563,-21.538
0.4771,0.014768,0,10.306,-0.14421,0.0026115,-21.471
0.48127,0.01445,0,9.8485,-0.2144,0.0029505,-21.014
0.48122,0.014451,0,9.8503,-0.21357,0.0029505,-21.019
0.48127,0.014513,0,9.9324,-0.21424,0.0028646,-21.002
0.48544,0.014529,0,9.9551,-0.28087,0.0027351,-20.275
0.48531,0.014046,0,9.2412,-0.27279,0.0030767,-20.368
0.48962,0.014735,0,10.287,-0.33979,0.0023473,-19.836
0.48916,0.014741,0,10.289,-0.33481,0.002361,-19.943
0.49379,0.014619,0,10.213,-0.39057,0.0022909,-19.3
0.49795,0.01451,0,10.166,-0.44436,0.0022138,-18.735
0.50213,0.014669,0,10.433,-0.50026,0.0018193,-18.257
0.50127,0.014633,0,10.379,-0.48443,0.0018963,-18.251
0.50213,0.015126,0,10.822,-0.50319,0.0012785,-18.165
0.5063,0.014611,0,10.454,-0.54446,0.001664,-17.562
0.51464,0.012223,0,7.7237,-0.50501,0.0025447,-16.538
0.51047,0.014598,0,10.5,-0.58698,0.0014153,-16.866
0.51047,0.014598,0,10.5,-0.58698,0.0014153,-16.866
0.51047,0.014598,0,10.5,-0.58698,0.0014153,-16.866
0.51465,0.014649,0,10.632,-0.63461,0.0011464,-16.387
0.51465,0.014649,0,10.632,-0.63461,0.0011464,-16.387
0.51465,0.014649,0,10.632,-0.63461,0.0011464,-16.387
0.52299,0.012146,0,8.2841,-0.59622,0.0023053,-15.416
0.52299,0.011778,0,7.7352,-0.56326,0.0023322,-15.415
0.53132,0.012124,0,8.8615,-0.695,0.001932,-14.09
0.53966,0.012098,0,9.3217,-0.78144,0.0015813,-12.859
0.53888,0.012113,0,9.3083,-0.77568,0.0016141,-13.005
0.53966,0.012098,0,9.3217,-0.78144,0.0015813,-12.859
0.57606,0.0063223,0,6.0838,-0.715,0.0015848,-7.54
0.42581,0.011721,0,11.194,1.6547,0.0053522,-24.294
0.52604,0.01137,0,7.3867,-0.5613,0.0022802,-14.925
0.42385,-0.011493,0,11.648,-1.4861,0.00093859,-18.507
0.42596,-0.011406,0,11.464,-1.304,0.0017967,-19.056
0.44268,-0.01171,0,10.039,-0.37675,0.0031518,-18.498
0.47399,-0.011437,0,8.4499,0.30165,0.0021734,-14.114
0.47606,-0.01135,0,8.3658,0.32413,0.0021277,-13.79
0.48442,-0.011482,0,8.9133,0.43634,0.00188,-12.387
0.49277,-0.011559,0,9.3364,0.54084,0.0015978,-11.112
0.41547,-0.010148,0,11.464,-2.2593,0.0006096,-16.748
0.41758,-0.010119,0,11.409,-2.0198,0.0016483,-17.875
0.42384,-0.010379,0,10.936,-1.3817,0.0032341,-19.396
0.49277,-0.010429,0,7.7012,0.46775,0.0017827,-11.161
0.50111,-0.010347,0,8.1488,0.55682,0.0016602,-9.9189
0.50735,-0.010146,0,8.2859,0.60904,0.0015152,-8.5979
0.50945,-0.010283,0,8.609,0.63935,0.001441,-8.5382
0.54049,-0.0063212,0,6.2081,0.60983,0.00095117,-3.1458
0.54281,-0.0065839,0,6.6825,0.64886,0.0010208,-2.9732
0.54907,-0.0054201,0,5.8458,0.59762,0.00079539,-1.7971
0.55112,-0.0051993,0,5.7733,0.58818,0.00076426,-1.309
0.55738,-0.0051463,0,6.29,0.65014,0.00070776,-0.063434
0.55947,-0.005247,0,6.5769,0.67068,0.0006863,0.38644
0.58238,-0.0015564,0,4.2676,0.4096,0.00046239,6.3364
0.58438,-0.0013647,0,4.2004,0.35244,0.00051772,6.8063
0.59065,-0.0015365,0,4.7919,0.19408,0.00034308,7.3294
0.59271,-0.0014984,0,4.8987,0.13547,-0.00090173,7.1991
0.59899,-0.00098667,0,4.7517,-0.020982,0.00068152,4.5703
0.41542,0.010258,0,11.463,2.6899,0.0022991,-20.996
0.41757,0.010296,0,11.296,2.4111,0.0051349,-22.2
0.5428,0.010308,0,7.4714,-0.67582,0.0019881,-12.407
0.54905,0.010264,0,8.0085,-0.74505,0.0018282,-11.472
0.55113,0.010252,0,8.181,-0.77221,0.0017676,-11.261
0.46562,0.01527,0,11.243,0.10222,0.0017303,-22.633
0.46771,0.015269,0,11.173,0.052994,0.0017868,-22.424
0.53236,0.011422,0,8.051,-0.64668,0.0020871,-13.962
0.53445,0.011443,0,8.226,-0.67659,0.0021068,-13.536
0.43222,-0.011575,0,11.028,-0.88188,0.0027707,-19.333
0.43439,-0.011323,0,10.497,-0.73185,0.0032541,-19.089
0.44059,-0.011636,0,10.154,-0.45652,0.0032088,-18.72
0.44894,-0.011847,0,9.6893,-0.17277,0.0029177,-17.739
0.45094,-0.011867,0,9.5406,-0.1146,0.0028562,-17.643
0.45731,-0.011861,0,9.2873,0.036472,0.0026051,-16.743
0.45939,-0.011838,0,9.1719,0.073593,0.0025515,-16.264
0.46565,-0.011715,0,8.8413,0.18452,0.0023814,-15.357
0.46774,-0.011657,0,8.7392,0.21726,0.0023283,-15.055
0.48234,-0.011584,0,8.9828,0.4139,0.0019812,-12.703
0.49068,-0.011519,0,9.1968,0.51183,0.0016334,-11.337
0.49079,-0.010557,0,7.7663,0.47286,0.0017956,-11.419
0.4988,-0.010016,0,7.5738,0.51661,0.0016719,-10.014
0.54905,-0.0065162,0,7.1376,0.70135,0.00082709,-1.8156
0.39821,-0.00076165,0,4.1463,-0.88453,-0.00023179,47.323
0.39818,0.00073723,0,4.1081,1.0118,0.0067075,47.25
0.58253,0.0055036,0,5.972,-0.83188,0.0014175,-6.8678
0.58445,0.0052036,0,5.8572,-0.87642,0.0012993,-6.3612
0.59911,0.0010968,0,1.9691,-0.55595,0.00028338,2.9872
0.54063,0.010108,0,6.9786,-0.61671,0.0020291,-12.797
0.57407,0.0065616,0,6.1282,-0.71173,0.0016081,-7.9025
0.58242,0.0064875,0,7.0522,-0.93274,0.0014907,-6.6736
0.4239,0.011436,0,11.265,1.8195,0.0050822,-23.798
0.52402,0.01153,0,7.4461,-0.55181,0.0023256,-15.209
0.50947,-0.0091967,0,7.1126,0.55186,0.0015005,-8.551
0.51779,-0.0090254,0,7.5938,0.62008,0.0013941,-7.1245
0.51986,-0.0088834,0,7.583,0.63002,0.001362,-6.707
0.40282,-0.0050196,0,8.6158,-4.6175,0.00060194,4.5084
0.40075,-0.0034991,0,6.5248,-4.5632,4.026e-05,23.138
0.56988,-0.0038564,0,5.8837,0.62143,0.00053058,2.8069
0.59507,0.0028052,0,3.956,-0.8979,0.00042384,0.21323
0.56988,0.0076301,0,6.9426,-0.7665,0.001666,-8.3688
0.57823,0.0064671,0,6.5305,-0.79164,0.001593,-7.2389
0.41963,0.011495,0,11.733,2.2691,0.00055569,-22.305
0.43431,0.012731,0,10.934,1.1269,0.0047024,-24.668
0.5012,0.01306,0,8.1534,-0.43122,0.0029241,-18.425
0.50318,0.012949,0,8.0977,-0.42925,0.0028756,-18.216
0.50936,0.012576,0,7.8846,-0.47082,0.002691,-17.319
0.42805,-0.011404,0,11.329,-1.1572,0.0022459,-19.08
0.43013,-0.011544,0,11.245,-1.0219,0.002412,-19.168
0.44477,-0.011769,0,9.9244,-0.30502,0.0030796,-18.25
0.44477,-0.012895,0,11.275,-0.38099,0.0019247,-17.862
0.44685,-0.011814,0,9.8105,-0.23669,0.0030025,-18.016
0.44686,-0.012926,0,11.201,-0.30703,0.0019652,-17.649
0.45103,-0.012803,0,10.888,-0.16772,0.0021639,-17.399
0.45312,-0.012543,0,10.492,-0.093568,0.0023661,-16.856
0.4573,-0.012896,0,10.723,0.0061908,0.0020461,-16.544
0.45521,-0.012642,0,10.513,-0.041249,0.0022589,-16.574
0.45939,-0.012939,0,10.707,0.051807,0.0019738,-16.042
0.46148,-0.012922,0,10.647,0.095541,0.0019372,-15.748
0.4719,-0.011517,0,8.5439,0.27479,0.0022228,-14.424
0.48026,-0.011649,0,9.005,0.39594,0.0019885,-13.256
0.4865,-0.011378,0,8.8482,0.4573,0.0017915,-12.077
0.48858,-0.011335,0,8.8535,0.48539,0.0019373,-11.73
0.41125,-0.0089435,0,11.142,-2.8171,0.00093613,-14.634
0.41537,-0.0090765,0,11.046,-2.2106,0.0033195,-17.99
0.4136,-0.008712,0,11.046,-2.4799,0.0030268,-17.045
0.40932,-0.0076362,0,10.745,-3.1877,0.0028911,-13.7
0.41966,-0.010226,0,11.307,-1.7845,0.0023542,-18.728
0.42184,-0.010125,0,11.004,-1.5528,0.0031427,-19.149
0.49485,-0.010291,0,7.6104,0.47977,0.0017515,-10.764
0.49692,-0.010149,0,7.5363,0.49002,0.001721,-10.443
0.50319,-0.010236,0,8.1436,0.56664,0.0016218,-9.3985
0.50527,-0.010111,0,8.1206,0.58152,0.0015775,-9.0767
0.51153,-0.0090268,0,7.0336,0.55033,0.0014699,-8.0877
0.51571,-0.0090749,0,7.4647,0.61053,0.0014273,-7.3545
0.51354,-0.0088583,0,6.9679,0.55678,0.0014341,-7.774
0.53444,-0.0075821,0,7.1573,0.66516,0.0011167,-4.3002
0.53665,-0.0067107,0,6.2405,0.61042,0.0010306,-3.932
0.53654,-0.0077075,0,7.4824,0.69046,0.0010767,-3.9103
0.53862,-0.006512,0,6.1901,0.5923,0.0009929,-3.6276
0.55299,-0.0049957,0,5.7893,0.60454,0.00073932,-0.85399
0.55531,-0.0052508,0,6.2379,0.64072,0.00073584,-0.62006
0.55959,-0.0042617,0,5.4624,0.59485,0.00063845,0.38436
0.56155,-0.0040386,0,5.3951,0.57202,0.00060762,0.78008
0.5678,-0.0038851,0,5.7743,0.60958,0.00055221,2.2289
0.57199,-0.0028175,0,4.9241,0.54343,0.00047079,3.1912
0.57614,-0.0027237,0,5.1252,0.55481,0.00044665,4.415
0.58238,-0.0027184,0,5.4806,0.48941,0.00044411,6.1902
0.58043,-0.0017837,0,4.3911,0.4802,0.00043226,5.7218
0.58032,-0.0027592,0,5.4175,0.52434,0.00043797,5.6483
0.58652,-0.0015946,0,4.5668,0.3216,0.00056911,7.1434
0.59478,-0.0014883,0,5.0371,0.07358,0.002327,6.8808
0.59685,-0.0014224,0,5.1286,-0.0035734,0.0018159,6.2188
0.39826,0.0021418,0,5.0188,2.4839,0.0092643,40.646
0.40064,0.0035749,0,6.3837,4.8032,0.016037,22.85
0.40267,0.0051896,0,8.5195,4.9636,0.0089065,3.64
0.59076,0.003931,0,4.9592,-0.96876,0.0007897,-2.9797
0.40492,0.006417,0,9.7801,4.5203,0.005875,-7.0685
0.40725,0.0074071,0,10.477,4.019,0.0045599,-12.983
0.40912,0.0088966,0,11.003,3.5828,-0.0013602,-15.09
0.41334,0.010151,0,11.462,2.9633,-0.00075047,-19.214
0.54488,0.010247,0,7.6136,-0.68967,0.0019499,-12.208
0.54916,0.0092879,0,6.748,-0.65952,0.0018903,-11.512
0.55113,0.0090894,0,6.7018,-0.64639,0.0018625,-11.262
0.56166,0.0079811,0,6.4201,-0.69009,0.0017324,-9.6211
0.5655,0.0075557,0,6.4127,-0.70046,0.0016885,-8.9288
0.56781,0.0077952,0,6.8998,-0.75288,0.0016868,-8.8192
0.42592,0.012733,0,11.917,1.7661,0.00020955,-23.565
0.42802,0.012665,0,11.727,1.5944,0.0019694,-23.904
0.43636,0.012923,0,10.843,1.0113,0.0046731,-24.795
0.43638,0.014016,0,11.938,1.1464,0.00063475,-24.219
0.43848,0.013886,0,11.64,1.005,0.001989,-24.577
0.44265,0.013952,0,11.347,0.80233,0.0027319,-24.499
0.44474,0.014064,0,11.26,0.71286,0.0028248,-24.398
0.44914,0.013748,0,10.373,0.50828,0.0039878,-24.455
0.44682,0.014132,0,11.14,0.62724,0.0029767,-24.276
0.45728,0.014004,0,9.882,0.25028,0.0038927,-23.737
0.45519,0.013955,0,9.9793,0.30769,0.003926,-23.904
0.45936,0.014043,0,9.7855,0.19769,0.0038548,-23.531
0.46562,0.014096,0,9.5026,0.055476,0.0037152,-22.894
0.46354,0.015264,0,11.314,0.15423,0.001665,-22.838
0.46354,0.014088,0,9.5966,0.099994,0.0037631,-23.124
0.4698,0.015262,0,11.104,0.0064675,0.0018358,-22.202
0.4698,0.014085,0,9.3214,-0.025718,0.0036202,-22.439
0.47397,0.014041,0,9.1464,-0.098361,0.0035318,-21.966
0.47188,0.015249,0,11.035,-0.03808,0.0018797,-21.978
0.47606,0.014006,0,9.0607,-0.13139,0.0034884,-21.715
0.48231,0.013858,0,8.8156,-0.21957,0.0033893,-20.959
0.48023,0.013915,0,8.8953,-0.1926,0.0034149,-21.213
0.48434,0.013797,0,8.7452,-0.24406,0.0033461,-20.72
0.49066,0.014102,0,9.4224,-0.33611,0.0029494,-19.767
0.49275,0.014022,0,9.3606,-0.36067,0.0029157,-19.513
0.49483,0.013936,0,9.2981,-0.38416,0.0028821,-19.247
0.499,0.013824,0,9.265,-0.43762,0.0027611,-18.689
0.49691,0.013849,0,9.245,-0.40735,0.0028448,-18.991
0.51152,0.012836,0,8.4381,-0.52538,0.0025933,-16.923
0.51568,0.012703,0,8.552,-0.55585,0.0024513,-16.36
0.51361,0.012825,0,8.5815,-0.54032,0.0025105,-16.739
0.51776,0.012589,0,8.5394,-0.57355,0.0023946,-16.083
0.51985,0.012634,0,8.7161,-0.60373,0.0022825,-15.627
0.52196,0.01169,0,7.5173,-0.5501,0.0023623,-15.649
0.52194,0.012777,0,9.0491,-0.63681,0.0021345,-15.621
0.5282,0.011595,0,7.9037,-0.61818,0.0022268,-14.538
0.53029,0.011555,0,8.0468,-0.63215,0.0021553,-14.346
0.53654,0.011557,0,8.5485,-0.71078,0.0019101,-13.494
0.43642,-0.011442,0,10.379,-0.63152,0.0032757,-19.106
0.44059,-0.012798,0,11.414,-0.54482,0.001789,-18.245
0.4385,-0.011547,0,10.265,-0.54107,0.0032539,-18.911
0.44268,-0.012852,0,11.346,-0.45953,0.0018682,-18.069
0.44894,-0.012928,0,11.106,-0.23869,0.0020274,-17.421
0.46148,-0.011806,0,9.056,0.11363,0.0024939,-15.961
0.46565,-0.012857,0,10.511,0.17961,0.0018768,-15.159
0.46356,-0.011765,0,8.9464,0.15096,0.0024362,-15.668
0.46356,-0.012893,0,10.579,0.13874,0.0019077,-15.457
0.46774,-0.012815,0,10.443,0.2189,0.0018449,-14.863
0.46982,-0.011591,0,8.6412,0.24708,0.0022762,-14.745
0.46982,-0.012767,0,10.377,0.25572,0.0018118,-14.56
0.47795,-0.011266,0,8.3972,0.35865,0.0020696,-13.341
0.407,-0.0077063,0,10.529,-3.5464,-5.2362e-05,-9.2811
0.40513,-0.0061677,0,9.8239,-4.1115,0.0017694,-5.5913
0.52404,-0.00902,0,8.0679,0.68612,0.0012618,-6.1668
0.52195,-0.0089004,0,7.7493,0.65645,0.0013191,-6.2525
0.52406,-0.0079252,0,6.6429,0.58677,0.0012672,-6.1648
0.52611,-0.0077343,0,6.5744,0.58143,0.001238,-5.7009
0.52799,-0.0075577,0,6.6048,0.6021,0.0011977,-5.2831
0.53237,-0.00769,0,7.1206,0.64792,0.0011641,-4.6484
0.5303,-0.0078369,0,7.1108,0.64266,0.0012056,-5.1449
0.54488,-0.0064377,0,6.705,0.65357,0.00081127,-2.461
0.54696,-0.0064274,0,6.8535,0.67536,0.00097249,-1.9869
0.39832,-0.0021396,0,5.0936,-2.3057,-0.004187,40.867
0.56573,-0.0040574,0,5.7862,0.61345,0.00057832,1.6289
0.56342,-0.0038246,0,5.3894,0.58425,0.00058525,1.3213
0.57197,-0.0039388,0,6.1245,0.63172,0.00050497,3.1404
0.57398,-0.0025779,0,4.8158,0.52637,0.00044729,3.7952
0.57823,-0.0026817,0,5.2174,0.54489,0.00043406,4.9667
0.58859,-0.0016017,0,4.7181,0.25699,0.00055369,7.2621
0.58662,0.0052335,0,6.1102,-0.98874,0.0012374,-5.3181
0.58871,0.0051703,0,6.2233,-1.0517,0.0011517,-4.1123
0.59711,0.0026241,0,3.9447,-0.87358,0.00044463,1.7542
0.5929,0.0038791,0,5.0983,-1.0193,0.00075244,-1.3452
0.595,0.0038741,0,5.325,-1.0235,0.00075255,0.19356
0.41143,0.0087947,0,11.065,3.2478,0.0044672,-18.575
0.53656,0.010478,0,7.0998,-0.60983,0.0020778,-13.51
0.53862,0.010292,0,7.0328,-0.60925,0.0020651,-13.082
0.54695,0.010144,0,7.6647,-0.71185,0.0019071,-11.809
0.55314,0.0088851,0,6.6435,-0.6522,0.0018316,-10.913
0.55738,0.008984,0,7.2495,-0.72748,0.0017867,-10.319
0.55531,0.009063,0,7.1101,-0.71251,0.0018232,-10.534
0.56362,0.0077646,0,6.3813,-0.67693,0.00171,-9.3621
0.55945,0.0088659,0,7.3051,-0.74976,0.0017555,-9.9302
0.56155,0.0089723,0,7.6394,-0.78485,0.0017041,-9.5866
0.57406,0.0076852,0,7.4328,-0.84367,0.0016022,-7.8937
0.57196,0.0076047,0,7.118,-0.80186,0.0016409,-7.9699
0.58031,0.0064234,0,6.7413,-0.84507,0.001549,-7.0916
0.42172,0.011512,0,11.591,2.0494,0.0029243,-23.236
0.43242,0.01254,0,11.084,1.2532,0.0046029,-24.736
0.4301,0.012789,0,11.626,1.4459,0.0026776,-24.233
0.44057,0.013844,0,11.44,0.90075,0.0025673,-24.403
0.45103,0.013823,0,10.182,0.42926,0.0039718,-24.1
0.4531,0.013895,0,10.081,0.36535,0.0039515,-24.115
0.46145,0.015251,0,11.385,0.20872,0.0015933,-23.031
0.46145,0.01407,0,9.6894,0.14671,0.0038099,-23.331
0.46771,0.014095,0,9.4116,0.013113,0.0036676,-22.681
0.47188,0.014067,0,9.2326,-0.06356,0.0035752,-22.207
0.47814,0.013964,0,8.9769,-0.16314,0.0034491,-21.473
0.48649,0.014121,0,9.3394,-0.29118,0.0031051,-20.31
0.48858,0.014168,0,9.4735,-0.31099,0.0029975,-20.141
0.50734,0.012702,0,7.9454,-0.45793,0.0027566,-17.597
0.50526,0.012828,0,8.0158,-0.44505,0.0028172,-17.861
0.50109,0.014021,0,9.6206,-0.46395,0.0025094,-18.327
0.50318,0.014073,0,9.7695,-0.49543,0.0023674,-18.154
0.50526,0.014006,0,9.7653,-0.5134,0.0022984,-17.758
0.43746,-0.020843,0,11.921,-0.71679,-0.00049216,-14.334
0.43746,-0.020843,0,11.921,-0.71679,-0.00049216,-14.334
0.43746,-0.020843,0,11.921,-0.71679,-0.00049216,-14.334
0.43328,-0.018361,0,11.96,-0.90713,-0.0008133,-15.26
0.43328,-0.018361,0,11.96,-0.90713,-0.0008133,-15.26
0.44581,-0.02085,0,11.948,-0.43054,-0.00053219,-14.554
0.44581,-0.02085,0,11.948,-0.43054,-0.00053219,-14.554
0.44581,-0.02085,0,11.948,-0.43054,-0.00053219,-14.554
0.44164,-0.018374,0,12.001,-0.57106,-0.00089989,-15.6
0.45417,-0.020849,0,11.92,-0.18856,-0.00050706,-14.204
0.45417,-0.020849,0,11.92,-0.18856,-0.00050706,-14.204
0.45417,-0.020849,0,11.92,-0.18856,-0.00050706,-14.204
0.44999,-0.018375,0,11.974,-0.29085,-0.0007978,-15.314
0.44966,-0.018376,0,11.976,-0.30136,-0.00080341,-15.332
0.46252,-0.02085,0,11.86,0.011493,-0.00046038,-13.532
0.46252,-0.02085,0,11.86,0.011493,-0.00046038,-13.532
0.46252,-0.02085,0,11.86,0.011493,-0.00046038,-13.532
0.45834,-0.018377,0,11.908,-0.062661,-0.00064797,-14.619
0.47271,-0.020843,0,11.766,0.21013,-0.00042041,-12.471
0.47086,-0.020844,0,11.783,0.17665,-0.0004236,-12.66
0.47086,-0.020591,0,11.783,0.17945,-0.00043141,-12.715
0.47086,-0.020844,0,11.783,0.17665,-0.0004236,-12.66
0.47086,-0.020844,0,11.783,0.17665,-0.0004236,-12.66
0.46669,-0.018279,0,11.82,0.12553,-0.00051615,-13.728
0.46669,-0.018375,0,11.823,0.12437,-0.00052285,-13.704
0.46735,-0.018374,0,11.816,0.13745,-0.00051529,-13.625
0.47504,-0.018362,0,11.725,0.27742,-0.00044361,-12.657
0.47504,-0.018362,0,11.725,0.27742,-0.00044361,-12.657
0.40388,-0.0158,0,10.28,-2.186,-0.00069532,2.086
0.40388,-0.0158,0,10.28,-2.186,-0.00069532,2.086
0.40388,-0.0158,0,10.28,-2.186,-0.00069532,2.086
0.40388,-0.0158,0,10.28,-2.186,-0.00069532,2.086
0.39957,-0.013243,0,9.5829,-2.2091,-0.001082,9.1454
0.39957,-0.013243,0,9.5829,-2.2091,-0.001082,9.1454
0.39957,-0.013243,0,9.5829,-2.2091,-0.001082,9.1454
0.39957,-0.013243,0,9.5829,-2.2091,-0.001082,9.1454
0.43955,-0.01589,0,12.003,-0.64799,-0.0010629,-16.761
0.43955,-0.01589,0,12.003,-0.64799,-0.0010629,-16.761
0.43955,-0.01589,0,12.003,-0.64799,-0.0010629,-16.761
0.43955,-0.01589,0,12.003,-0.64799,-0.0010629,-16.761
0.44372,-0.015913,0,11.978,-0.48466,-0.00084085,-16.639
0.44372,-0.015913,0,11.978,-0.48466,-0.00084085,-16.639
0.44372,-0.015913,0,11.978,-0.48466,-0.00084085,-16.639
0.44372,-0.015913,0,11.978,-0.48466,-0.00084085,-16.639
0.44163,-0.014669,0,11.913,-0.55107,-0.00027035,-17.303
0.44163,-0.014669,0,11.913,-0.55107,-0.00027035,-17.303
0.44163,-0.014669,0,11.913,-0.55107,-0.00027035,-17.303
0.4479,-0.015918,0,11.939,-0.33797,-0.00061725,-16.388
0.4479,-0.015918,0,11.939,-0.33797,-0.00061725,-16.388
0.4485,-0.015218,0,11.855,-0.30796,-0.00012232,-16.626
0.4479,-0.015918,0,11.939,-0.33797,-0.00061725,-16.388
0.4479,-0.015918,0,11.939,-0.33797,-0.00061725,-16.388
0.45208,-0.015885,0,11.886,-0.20348,-0.00040569,-16.042
0.45208,-0.015885,0,11.886,-0.20348,-0.00040569,-16.042
0.45208,-0.015885,0,11.886,-0.20348,-0.00040569,-16.042
0.45208,-0.015885,0,11.886,-0.20348,-0.00040569,-16.042
0.44999,-0.014674,0,11.777,-0.25164,0.00028195,-16.704
0.44999,-0.014674,0,11.777,-0.25164,0.00028195,-16.704
0.44999,-0.014674,0,11.777,-0.25164,0.00028195,-16.704
0.45626,-0.015894,0,11.833,-0.08876,-0.00027721,-15.573
0.45626,-0.015894,0,11.833,-0.08876,-0.00027721,-15.573
0.45626,-0.015894,0,11.833,-0.08876,-0.00027721,-15.573
0.45626,-0.015894,0,11.833,-0.08876,-0.00027721,-15.573
0.46043,-0.015922,0,11.783,0.01758,-0.00019578,-15.11
0.46043,-0.015922,0,11.783,0.01758,-0.00019578,-15.11
0.46043,-0.015922,0,11.783,0.01758,-0.00019578,-15.11
0.46043,-0.015922,0,11.783,0.01758,-0.00019578,-15.11
0.45834,-0.014694,0,11.633,-0.012905,0.00048345,-15.751
0.45834,-0.014694,0,11.633,-0.012905,0.00048345,-15.751
0.45834,-0.014694,0,11.633,-0.012905,0.00048345,-15.751
0.46461,-0.015915,0,11.726,0.11162,-0.0001302,-14.571
0.46461,-0.015902,0,11.724,0.11181,-0.00012378,-14.574
0.46461,-0.015915,0,11.726,0.11162,-0.0001302,-14.571
0.46462,-0.015902,0,11.723,0.11203,-0.00012352,-14.572
0.46461,-0.015915,0,11.726,0.11162,-0.0001302,-14.571
0.46461,-0.015915,0,11.726,0.11162,-0.0001302,-14.571
0.46878,-0.015896,0,11.669,0.19699,-9.1519e-05,-14.026
0.46878,-0.015896,0,11.669,0.19699,-9.1519e-05,-14.026
0.46878,-0.015896,0,11.669,0.19699,-9.1519e-05,-14.026
0.46878,-0.015896,0,11.669,0.19699,-9.1519e-05,-14.026
0.46669,-0.014674,0,11.488,0.17316,0.00051106,-14.599
0.46669,-0.014674,0,11.488,0.17316,0.00051106,-14.599
0.46669,-0.014674,0,11.488,0.17316,0.00051106,-14.599
0.53758,-0.015833,0,10.859,0.79322,-0.00039776,-3.5321
0.53758,-0.015833,0,10.859,0.79322,-0.00039776,-3.5321
0.53758,-0.015833,0,10.859,0.79322,-0.00039776,-3.5321
0.54176,-0.013349,0,10.605,0.82827,-0.00024708,-2.9088
0.54176,-0.013349,0,10.605,0.82827,-0.00024708,-2.9088
0.39526,-0.01063,0,8.9003,-1.8086,-0.0014144,16.063
0.39526,-0.01063,0,8.9003,-1.8086,-0.0014144,16.063
0.39526,-0.01063,0,8.9003,-1.8086,-0.0014144,16.063
0.39526,-0.01063,0,8.9003,-1.8086,-0.0014144,16.063
0.39094,-0.0079151,0,8.5761,-1.093,-0.00067682,19.681
0.39094,-0.0079151,0,8.5761,-1.093,-0.00067682,19.681
0.39094,-0.0079151,0,8.5761,-1.093,-0.00067682,19.681
0.39094,-0.0079151,0,8.5761,-1.093,-0.00067682,19.681
0.40595,-0.010841,0,10.449,-2.9528,-0.0020883,-2.7739
0.40595,-0.010841,0,10.449,-2.9528,-0.0020883,-2.7739
0.40595,-0.010841,0,10.449,-2.9528,-0.0020883,-2.7739
0.40595,-0.010841,0,10.449,-2.9528,-0.0020883,-2.7739
0.40595,-0.010841,0,10.449,-2.9528,-0.0020883,-2.7739
0.40595,-0.010841,0,10.449,-2.9528,-0.0020883,-2.7739
0.41651,-0.012077,0,11.66,-2.0893,-0.0016664,-15.087
0.41651,-0.012077,0,11.66,-2.0893,-0.0016664,-15.087
0.41651,-0.012077,0,11.66,-2.0893,-0.0016664,-15.087
0.41547,-0.010788,0,11.567,-2.2458,-0.00068516,-15.97
0.41758,-0.010774,0,11.594,-2.0312,0.00017303,-17.137
0.41653,-0.010108,0,11.432,-2.1341,0.0012529,-17.47
0.4249,-0.011482,0,11.582,-1.3964,0.0013123,-18.84
0.42385,-0.010891,0,11.366,-1.4467,0.0021602,-18.991
0.42617,-0.010642,0,10.92,-1.2336,0.0030939,-19.495
0.42479,-0.01049,0,10.883,-1.3024,0.0033042,-19.557
0.43219,-0.011173,0,10.566,-0.83506,0.0033462,-19.48
0.43349,-0.011265,0,10.611,-0.79307,0.0031987,-19.357
0.43212,-0.011168,0,10.564,-0.83738,0.0033544,-19.487
0.43213,-0.0112,0,10.6,-0.84081,0.0033094,-19.475
0.43213,-0.011082,0,10.331,-0.81561,0.0035171,-19.533
0.44238,-0.0117,0,10.056,-0.3878,0.0031605,-18.533
0.44163,-0.011675,0,10.097,-0.41557,0.0031824,-18.619
0.44998,-0.011859,0,9.6317,-0.13538,0.0028879,-17.585
0.45835,-0.011851,0,9.2338,0.051934,0.00258,-16.48
0.46669,-0.011687,0,8.7904,0.20131,0.0023552,-15.212
0.47503,-0.011394,0,8.4035,0.31314,0.0021508,-13.953
0.48361,-0.011523,0,8.9406,0.42765,0.0019224,-12.503
0.48338,-0.011534,0,8.9483,0.4252,0.0019344,-12.536
0.48234,-0.011047,0,8.105,0.38868,0.0020168,-12.749
0.48442,-0.010934,0,8.0105,0.40779,0.0019425,-12.434
0.49173,-0.011566,0,9.3022,0.52948,0.0016138,-11.367
0.49098,-0.011533,0,9.2269,0.51687,0.0016278,-11.346
0.49069,-0.010963,0,8.3984,0.4898,0.0017871,-11.378
0.49277,-0.010958,0,8.5275,0.50387,0.0017612,-11.151
0.49237,-0.010455,0,7.7173,0.46751,0.0017862,-11.259
0.49174,-0.010496,0,7.7424,0.46714,0.0017917,-11.414
0.49901,-0.01078,0,8.6111,0.56533,0.0016182,-9.9232
0.50111,-0.010929,0,8.9288,0.59654,0.0015504,-9.8555
0.50007,-0.010325,0,8.0303,0.5485,0.001673,-9.8692
0.49885,-0.010029,0,7.5932,0.51796,0.0016719,-10.008
0.5084,-0.01212,0,10.215,0.69115,0.00081391,-8.4019
0.5084,-0.01212,0,10.215,0.69115,0.00081391,-8.4019
0.5084,-0.01212,0,10.215,0.69115,0.00081391,-8.4019
0.50736,-0.010799,0,9.1089,0.64936,0.0013652,-8.5699
0.50945,-0.010889,0,9.2948,0.67357,0.0012721,-8.4444
0.5084,-0.010249,0,8.4973,0.62309,0.0014732,-8.5187
0.5355,-0.010872,0,9.918,0.81856,0.00042712,-4.002
0.5355,-0.010676,0,9.8043,0.8141,0.0004832,-4.0052
0.5355,-0.010872,0,9.918,0.81856,0.00042712,-4.002
0.53562,-0.010728,0,9.8351,0.81569,0.00046635,-3.9854
0.5355,-0.010872,0,9.918,0.81856,0.00042712,-4.002
0.5355,-0.010872,0,9.918,0.81856,0.00042712,-4.002
0.39947,-0.0069073,0,8.2236,-3.1132,-0.0040826,17.813
0.39947,-0.0069073,0,8.2236,-3.1132,-0.0040826,17.813
0.39947,-0.0069073,0,8.2236,-3.1132,-0.0040826,17.813
0.39947,-0.0069073,0,8.2236,-3.1132,-0.0040826,17.813
0.3973,-0.0055467,0,7.5101,-2.3725,-0.0037891,25.482
0.3973,-0.0055467,0,7.5101,-2.3725,-0.0037891,25.482
0.3973,-0.0055467,0,7.5101,-2.3725,-0.0037891,25.482
0.3973,-0.0055467,0,7.5101,-2.3725,-0.0037891,25.482
0.3973,-0.0055467,0,7.5101,-2.3725,-0.0037891,25.482
0.3973,-0.0055467,0,7.5101,-2.3725,-0.0037891,25.482
0.54177,-0.0065916,0,6.5812,0.64312,0.00098739,-2.9915
0.54282,-0.0060802,0,6.0495,0.59974,0.00093367,-2.9345
0.54281,-0.0064359,0,6.4966,0.63443,0.00099524,-2.9619
0.55009,-0.0064819,0,7.1832,0.70811,0.00082052,-1.5633
0.54906,-0.0057151,0,6.2069,0.62628,0.00081641,-1.8206
0.54906,-0.0059257,0,6.4647,0.64673,0.00083141,-1.8375
0.55112,-0.0052912,0,5.8868,0.59787,0.00077077,-1.3086
0.55113,-0.0057745,0,6.484,0.64891,0.00080506,-1.3064
0.55009,-0.0053101,0,5.8087,0.5903,0.00077955,-1.5472
0.55843,-0.0070981,0,8.1893,0.77558,0.00060455,0.1763
0.55843,-0.0070981,0,8.1893,0.77558,0.00060455,0.1763
0.55843,-0.0070981,0,8.1893,0.77558,0.00060455,0.1763
0.55738,-0.0058021,0,7.0106,0.70843,0.00071387,-0.03028
0.55947,-0.0058553,0,7.2025,0.71707,0.00067823,0.39461
0.55842,-0.0051742,0,6.4035,0.65971,0.00069782,0.24291
0.58134,-0.0058192,0,7.8944,0.59904,0.0002523,5.4843
0.58134,-0.0058192,0,7.8944,0.59904,0.0002523,5.4843
0.58134,-0.0058192,0,7.8944,0.59904,0.0002523,5.4843
0.58134,-0.0058192,0,7.8944,0.59904,0.0002523,5.4843
0.58341,-0.0045694,0,7.0809,0.53141,0.00033366,6.1265
0.58341,-0.0045694,0,7.0809,0.53141,0.00033366,6.1265
0.58147,-0.004587,0,7.0607,0.57915,0.00035463,5.7577
0.58341,-0.0045694,0,7.0809,0.53141,0.00033366,6.1265
0.58341,-0.0045694,0,7.0809,0.53141,0.00033366,6.1265
0.58341,-0.0045694,0,7.0809,0.53141,0.00033366,6.1265
0.58341,-0.0045694,0,7.0809,0.53141,0.00033366,6.1265
0.39912,-0.00076746,0,3.1002,-1.2918,0.0069933,51.469
0.39816,-1.6319e-05,0,4.0027,0.058811,0.0029971,48.11
0.39909,0.00074297,0,3.0354,1.3539,0.016,51.499
0.5834,-0.0014532,0,4.2263,0.37917,0.00048881,6.616
0.59168,-0.0015134,0,4.8405,0.16518,-0.00074043,7.2904
0.59065,-0.0010142,0,4.2866,0.16121,0.00054951,7.3966
0.59271,-0.0009811,0,4.408,0.10141,7.9518e-05,7.2733
0.6021,6.5215e-05,0,2.6711,-0.053158,0.0011609,5.8679
0.6021,6.5215e-05,0,2.6711,-0.053158,0.0011609,5.8679
0.6021,6.5215e-05,0,2.6711,-0.053158,0.0011609,5.8679
0.59988,-0.00024319,0,0,0,0,3.929
0.59869,-0.00045864,0,3.893,-0.11393,0.00066812,4.9658
0.59869,-0.00045864,0,3.893,-0.11393,0.00066812,4.9658
0.59961,0.00059154,0,1.1614,-0.42345,0.00036153,3.5007
0.59965,0.00059111,0,1.1745,-0.42518,0.00037377,3.5376
0.59961,0.00059097,0,1.1595,-0.42275,0.00036094,3.5013
0.59961,0.00059154,0,1.1614,-0.42345,0.00036153,3.5007
0.39091,0.0078767,0,8.5968,1.3763,0.0027409,19.129
0.39091,0.0078767,0,8.5968,1.3763,0.0027409,19.129
0.39091,0.0078767,0,8.5968,1.3763,0.0027409,19.129
0.39091,0.0078767,0,8.5968,1.3763,0.0027409,19.129
0.39724,0.0055704,0,7.5042,2.6827,-0.0011836,24.857
0.39724,0.0055704,0,7.5042,2.6827,-0.0011836,24.857
0.39724,0.0055704,0,7.5042,2.6827,-0.0011836,24.857
0.39724,0.0055704,0,7.5042,2.6827,-0.0011836,24.857
0.39724,0.0055704,0,7.5042,2.6827,-0.0011836,24.857
0.39724,0.0055704,0,7.5042,2.6827,-0.0011836,24.857
0.39941,0.0069448,0,8.2135,3.4736,-0.0048969,16.739
0.39941,0.0069448,0,8.2135,3.4736,-0.0048969,16.739
0.39941,0.0069448,0,8.2135,3.4736,-0.0048969,16.739
0.39941,0.0069448,0,8.2135,3.4736,-0.0048969,16.739
0.57508,0.0064403,0,6.1094,-0.70965,0.0015981,-7.6955
0.58348,0.0053604,0,5.9304,-0.85287,0.0013614,-6.72
0.58243,0.0059182,0,6.4341,-0.87126,0.0014735,-6.7946
0.58451,0.0058129,0,6.5445,-0.95563,0.0013859,-6.2348
0.58347,0.0064817,0,7.154,-0.98163,0.0014506,-6.503
0.59246,0.0070018,0,8.0464,-1.2008,0.0010097,-1.616
0.59161,0.0070118,0,8.0301,-1.2043,0.0010515,-2.1316
0.59185,0.0070086,0,8.0422,-1.2046,0.0010385,-1.9789
0.59185,0.0070086,0,8.0422,-1.2046,0.0010385,-1.9789
0.59185,0.0070086,0,8.0422,-1.2046,0.0010385,-1.9789
0.59185,0.0070086,0,8.0422,-1.2046,0.0010385,-1.9789
0.60012,0.004037,0,5.8556,-0.92974,0.00078283,3.448
0.60012,0.004037,0,5.8556,-0.92974,0.00078283,3.448
0.60012,0.004037,0,5.8556,-0.92974,0.00078283,3.448
0.60012,0.004037,0,5.8556,-0.92974,0.00078283,3.448
0.59812,0.0056063,0,7.1483,-1.078,0.00086744,1.8473
0.59789,0.0053471,0,6.9035,-1.0743,0.00086017,1.7825
0.59812,0.0056063,0,7.1483,-1.078,0.00086744,1.8473
0.59812,0.0056063,0,7.1483,-1.078,0.00086744,1.8473
0.59812,0.0056063,0,7.1483,-1.078,0.00086744,1.8473
0.59812,0.0056063,0,7.1483,-1.078,0.00086744,1.8473
0.59812,0.0056063,0,7.1483,-1.078,0.00086744,1.8473
0.39525,0.01063,0,8.9372,2.1345,0.0012576,15.036
0.39525,0.01063,0,8.9372,2.1345,0.0012576,15.036
0.39525,0.01063,0,8.9372,2.1345,0.0012576,15.036
0.39525,0.01063,0,8.9372,2.1345,0.0012576,15.036
0.39955,0.013234,0,9.6649,2.5674,0.0012246,7.3863
0.39955,0.013234,0,9.6649,2.5674,0.0012246,7.3863
0.39955,0.013234,0,9.6649,2.5674,0.0012246,7.3863
0.40593,0.010814,0,10.546,3.433,-0.0036931,-5.5691
0.40593,0.010814,0,10.546,3.433,-0.0036931,-5.5691
0.40593,0.010814,0,10.546,3.433,-0.0036931,-5.5691
0.40593,0.010814,0,10.546,3.433,-0.0036931,-5.5691
0.40593,0.010814,0,10.546,3.433,-0.0036931,-5.5691
0.40593,0.010814,0,10.546,3.433,-0.0036931,-5.5691
0.41535,0.0098078,0,11.243,2.6579,0.0053794,-21.455
0.41669,0.010109,0,11.31,2.5316,0.0047155,-21.856
0.41542,0.010608,0,11.574,2.7018,4.7143e-06,-20.542
0.41543,0.010863,0,11.655,2.7104,-0.0016656,-20.212
0.41752,0.010889,0,11.624,2.4771,0.0011877,-21.582
0.41755,0.010571,0,11.448,2.4417,0.0033043,-21.914
0.42487,0.011584,0,11.238,1.7348,0.0051853,-23.989
0.52505,0.011449,0,7.4178,-0.55629,0.0023054,-15.049
0.53235,0.010846,0,7.2095,-0.5874,0.0021385,-13.988
0.53426,0.0108,0,7.4034,-0.62236,0.0021348,-13.6
0.53423,0.010684,0,7.2558,-0.61262,0.0021398,-13.612
0.5334,0.011398,0,8.0877,-0.66209,0.0021609,-13.817
0.54233,0.010204,0,7.3181,-0.66198,0.0019925,-12.453
0.54153,0.010025,0,7.0515,-0.63788,0.0020001,-12.533
0.5407,0.010747,0,7.8647,-0.6902,0.0019846,-12.739
0.54279,0.010876,0,8.2121,-0.72357,0.0018864,-12.387
0.55009,0.012014,0,9.7408,-0.86815,0.001138,-11.27
0.55009,0.012126,0,9.8251,-0.87293,0.0010866,-11.257
0.55009,0.012126,0,9.8251,-0.87293,0.0010866,-11.257
0.55009,0.012126,0,9.8251,-0.87293,0.0010866,-11.257
0.55009,0.010282,0,8.1251,-0.76347,0.0017928,-11.481
0.54905,0.01087,0,8.7007,-0.79565,0.0016605,-11.436
0.55113,0.010875,0,8.8421,-0.82569,0.0015864,-11.261
0.55113,0.010893,0,8.858,-0.82677,0.0015792,-11.258
0.56885,0.010855,0,9.6687,-0.9834,0.00089387,-8.3863
0.56782,0.0096373,0,8.7313,-0.91342,0.0013616,-8.6466
0.56885,0.010855,0,9.6687,-0.9834,0.00089387,-8.3863
0.56885,0.010855,0,9.6687,-0.9834,0.00089387,-8.3863
0.56885,0.010855,0,9.6687,-0.9834,0.00089387,-8.3863
0.5751,0.013306,0,10.731,-1.0735,-0.00010568,-7.1194
0.5751,0.013306,0,10.731,-1.0735,-0.00010568,-7.1194
0.5751,0.0095757,0,9.1283,-1.0033,0.0011246,-7.4274
0.5751,0.0095757,0,9.1283,-1.0033,0.0011246,-7.4274
0.5751,0.0095757,0,9.1283,-1.0033,0.0011246,-7.4274
0.5751,0.0095757,0,9.1283,-1.0033,0.0011246,-7.4274
0.57302,0.010837,0,9.7983,-1.0205,0.00076593,-7.6769
0.57302,0.010837,0,9.7983,-1.0205,0.00076593,-7.6769
0.57302,0.010837,0,9.7983,-1.0205,0.00076593,-7.6769
0.57302,0.010837,0,9.7983,-1.0205,0.00076593,-7.6769
0.40385,0.015791,0,10.415,2.5768,0.0010403,-0.35536
0.40385,0.015791,0,10.415,2.5768,0.0010403,-0.35536
0.40385,0.015791,0,10.415,2.5768,0.0010403,-0.35536
0.42487,0.014625,0,12.226,1.849,-0.0042963,-21.525
0.42487,0.014625,0,12.226,1.849,-0.0042963,-21.525
0.42487,0.014625,0,12.226,1.849,-0.0042963,-21.525
0.42696,0.015879,0,12.284,1.6904,-0.0033372,-21.246
0.42696,0.015879,0,12.284,1.6904,-0.0033372,-21.246
0.42696,0.015879,0,12.284,1.6904,-0.0033372,-21.246
0.42696,0.015879,0,12.284,1.6904,-0.0033372,-21.246
0.45832,0.016851,0,12.231,0.34355,-0.001494,-22.721
0.45832,0.017125,0,12.287,0.34837,-0.0017836,-22.621
0.458,0.017123,0,12.29,0.35804,-0.0017958,-22.646
0.45832,0.017125,0,12.287,0.34837,-0.0017836,-22.621
0.45832,0.017125,0,12.287,0.34837,-0.0017836,-22.621
0.46667,0.017147,0,12.161,0.12077,-0.0012914,-21.991
0.46667,0.017147,0,12.161,0.12077,-0.0012914,-21.991
0.46667,0.017147,0,12.161,0.12077,-0.0012914,-21.991
0.46667,0.015271,0,11.208,0.077451,0.0017598,-22.528
0.46562,0.015897,0,11.729,0.1212,0.00042899,-22.457
0.46771,0.015897,0,11.675,0.070509,0.0005244,-22.255
0.47502,0.017126,0,12.03,-0.06883,-0.00094155,-21.172
0.47502,0.017126,0,12.03,-0.06883,-0.00094155,-21.172
0.47502,0.017126,0,12.03,-0.06883,-0.00094155,-21.172
0.51881,0.015879,0,11.315,-0.68208,-1.4133e-05,-15.583
0.51881,0.015879,0,11.315,-0.68208,-1.4133e-05,-15.583
0.51881,0.015879,0,11.315,-0.68208,-1.4133e-05,-15.583
0.51881,0.015879,0,11.315,-0.68208,-1.4133e-05,-15.583
0.52507,0.018361,0,11.748,-0.72105,-0.00082906,-14.447
0.52507,0.018361,0,11.748,-0.72105,-0.00082906,-14.447
0.52507,0.014623,0,10.793,-0.73559,0.00065694,-14.767
0.52507,0.014623,0,10.793,-0.73559,0.00065694,-14.767
0.52507,0.014623,0,10.793,-0.73559,0.00065694,-14.767
0.52507,0.014623,0,10.793,-0.73559,0.00065694,-14.767
0.52298,0.015879,0,11.327,-0.71936,-0.00011355,-15.015
0.52298,0.015879,0,11.327,-0.71936,-0.00011355,-15.015
0.52298,0.015879,0,11.327,-0.71936,-0.00011355,-15.015
0.52298,0.015879,0,11.327,-0.71936,-0.00011355,-15.015
0.56921,0.015798,0,11.13,-1.0169,-0.00047681,-7.9457
0.57093,0.015792,0,11.118,-1.0256,-0.00048152,-7.6449
0.57093,0.015792,0,11.118,-1.0256,-0.00048152,-7.6449
0.57093,0.015792,0,11.118,-1.0256,-0.00048152,-7.6449
0.5209,0.020845,0,11.899,-0.65688,-0.00065442,-14.75
0.5209,0.020845,0,11.899,-0.65688,-0.00065442,-14.75
0.5209,0.020845,0,11.899,-0.65688,-0.00065442,-14.75
0.41861,-0.01336,0,11.743,-1.865,-0.0016577,-14.996
0.41861,-0.01336,0,11.743,-1.865,-0.0016577,-14.996
0.41861,-0.01336,0,11.743,-1.865,-0.0016577,-14.996
0.41861,-0.01336,0,11.743,-1.865,-0.0016577,-14.996
0.41441,-0.013348,0,11.489,-2.1714,-0.0014467,-12.215
0.41441,-0.013348,0,11.489,-2.1714,-0.0014467,-12.215
0.41537,-0.012193,0,11.595,-2.1843,-0.0017628,-14.255
0.41441,-0.013348,0,11.489,-2.1714,-0.0014467,-12.215
0.41441,-0.013348,0,11.489,-2.1714,-0.0014467,-12.215
0.43746,-0.014624,0,11.957,-0.7301,-0.00063377,-17.42
0.43746,-0.014624,0,11.957,-0.7301,-0.00063377,-17.42
0.43746,-0.014624,0,11.957,-0.7301,-0.00063377,-17.42
0.44581,-0.014701,0,11.853,-0.39332,1.9587e-05,-17.031
0.44581,-0.014701,0,11.853,-0.39332,1.9587e-05,-17.031
0.44581,-0.014701,0,11.853,-0.39332,1.9587e-05,-17.031
0.44163,-0.012826,0,11.381,-0.50129,0.0018293,-18.163
0.44059,-0.013419,0,11.693,-0.56833,0.00094071,-17.95
0.44268,-0.01346,0,11.643,-0.48295,0.0010697,-17.8
0.45417,-0.014608,0,11.678,-0.12458,0.00048833,-16.178
0.45417,-0.014608,0,11.678,-0.12458,0.00048833,-16.178
0.45417,-0.014608,0,11.678,-0.12458,0.00048833,-16.178
0.4501,-0.012884,0,11.029,-0.20495,0.002083,-17.306
0.44999,-0.012893,0,11.045,-0.20922,0.0020736,-17.295
0.44894,-0.013508,0,11.465,-0.25981,0.0013671,-17.231
0.44895,-0.013823,0,11.577,-0.2677,0.0010372,-17.116
0.45103,-0.013399,0,11.348,-0.19056,0.0015535,-17.163
0.46252,-0.014702,0,11.56,0.084376,0.00050354,-15.159
0.46252,-0.014702,0,11.56,0.084376,0.00050354,-15.159
0.46252,-0.014702,0,11.56,0.084376,0.00050354,-15.159
0.45834,-0.012931,0,10.728,0.030163,0.0020014,-16.283
0.4573,-0.013474,0,11.202,-0.011101,0.001513,-16.315
0.45939,-0.013523,0,11.171,0.038935,0.0014591,-15.907
0.47086,-0.014636,0,11.418,0.25392,0.00050021,-14.018
0.47086,-0.014636,0,11.418,0.25392,0.00050021,-14.018
0.47086,-0.014636,0,11.418,0.25392,0.00050021,-14.018
0.46669,-0.012836,0,10.477,0.1995,0.0018619,-15.013
0.46565,-0.013465,0,11.009,0.17124,0.0013996,-15.026
0.46774,-0.013432,0,10.957,0.21204,0.0013785,-14.734
0.50632,-0.013374,0,10.763,0.68445,0.0003667,-8.6341
0.50632,-0.013374,0,10.763,0.68445,0.0003667,-8.6341
0.50632,-0.013374,0,10.763,0.68445,0.0003667,-8.6341
0.50632,-0.013374,0,10.763,0.68445,0.0003667,-8.6341
0.51049,-0.01338,0,10.765,0.71306,0.00026166,-7.9976
0.51049,-0.01338,0,10.765,0.71306,0.00026166,-7.9976
0.51049,-0.01338,0,10.765,0.71306,0.00026166,-7.9976
0.51049,-0.01338,0,10.765,0.71306,0.00026166,-7.9976
0.40381,-0.0095563,0,9.9153,-3.1967,-0.0027119,1.9204
0.40381,-0.0095563,0,9.9153,-3.1967,-0.0027119,1.9204
0.40381,-0.0095563,0,9.9153,-3.1967,-0.0027119,1.9204
0.40381,-0.0095563,0,9.9153,-3.1967,-0.0027119,1.9204
0.40381,-0.0095563,0,9.9153,-3.1967,-0.0027119,1.9204
0.40381,-0.0095563,0,9.9153,-3.1967,-0.0027119,1.9204
0.40165,-0.0082432,0,9.1463,-3.3431,-0.0034366,8.9455
0.40165,-0.0082432,0,9.1463,-3.3431,-0.0034366,8.9455
0.40165,-0.0082432,0,9.1463,-3.3431,-0.0034366,8.9455
0.40165,-0.0082432,0,9.1463,-3.3431,-0.0034366,8.9455
0.4123,-0.012094,0,11.349,-2.4359,-0.0018516,-11.578
0.4123,-0.012094,0,11.349,-2.4359,-0.0018516,-11.578
0.4123,-0.012094,0,11.349,-2.4359,-0.0018516,-11.578
0.4123,-0.012094,0,11.349,-2.4359,-0.0018516,-11.578
0.4123,-0.012094,0,11.349,-2.4359,-0.0018516,-11.578
0.4123,-0.012094,0,11.349,-2.4359,-0.0018516,-11.578
0.40835,-0.0077246,0,10.7,-3.3337,0.0016705,-12.13
0.40805,-0.007752,0,10.686,-3.3787,0.0012936,-11.646
0.407,-0.0083425,0,10.595,-3.4173,-0.001787,-8.1879
0.40912,-0.0083672,0,10.9,-3.1631,0.00057358,-12.483
0.41967,-0.010814,0,11.569,-1.8248,0.00093792,-18.114
0.42177,-0.01076,0,11.442,-1.624,0.001777,-18.661
0.42094,-0.010002,0,11.065,-1.6503,0.0030405,-19.127
0.42806,-0.010829,0,10.781,-1.0868,0.0032038,-19.429
0.43013,-0.011012,0,10.685,-0.95823,0.0032597,-19.468
0.42909,-0.011472,0,11.29,-1.0876,0.0023565,-19.153
0.43746,-0.011496,0,10.322,-0.58535,0.0032678,-19.018
0.44581,-0.011793,0,9.8683,-0.2707,0.0030414,-18.135
0.46252,-0.011787,0,9.0012,0.13237,0.0024651,-15.818
0.47086,-0.011555,0,8.5919,0.26174,0.0022497,-14.59
0.4699,-0.011589,0,8.6375,0.24816,0.0022742,-14.734
0.48026,-0.011576,0,8.8869,0.39305,0.0019958,-13.255
0.48027,-0.011153,0,8.2025,0.3763,0.0020378,-13.248
0.47921,-0.011604,0,8.8874,0.38525,0.0020254,-13.188
0.47865,-0.011453,0,8.6687,0.37338,0.0020451,-13.256
0.4865,-0.010817,0,7.924,0.42341,0.0018615,-12.122
0.48855,-0.010965,0,8.2706,0.4574,0.001927,-11.779
0.48852,-0.010697,0,7.8494,0.43717,0.0019196,-11.814
0.48754,-0.011338,0,8.835,0.46796,0.0019172,-11.908
0.49485,-0.010802,0,8.4181,0.51593,0.0017291,-10.733
0.49485,-0.010842,0,8.4814,0.51876,0.0017273,-10.731
0.49692,-0.010286,0,7.7525,0.50105,0.0017139,-10.434
0.49693,-0.010732,0,8.4515,0.53667,0.0016909,-10.406
0.49589,-0.01022,0,7.5692,0.48506,0.0017361,-10.618
0.50319,-0.010864,0,8.9681,0.61211,0.0014978,-9.3696
0.50319,-0.011088,0,9.2075,0.62279,0.001417,-9.3602
0.50527,-0.010773,0,8.9761,0.62803,0.0014469,-9.0151
0.50528,-0.011366,0,9.5775,0.65292,0.0012397,-8.9654
0.50423,-0.010169,0,8.1237,0.57353,0.0016006,-9.2368
0.51257,-0.012123,0,10.268,0.7277,0.00066854,-7.6927
0.51257,-0.012123,0,10.268,0.7277,0.00066854,-7.6927
0.51257,-0.012123,0,10.268,0.7277,0.00066854,-7.6927
0.51257,-0.012123,0,10.268,0.7277,0.00066854,-7.6927
0.5077,-0.0093396,0,7.2211,0.55643,0.0015269,-8.6352
0.50851,-0.0092743,0,7.1336,0.56069,0.0015149,-8.5731
0.51675,-0.0090828,0,7.578,0.6174,0.0014105,-7.3891
0.51626,-0.0090791,0,7.5252,0.6142,0.0014183,-7.373
0.51575,-0.0089174,0,7.2457,0.59954,0.0014164,-7.3646
0.51581,-0.0086637,0,6.8927,0.58183,0.0013989,-7.3807
0.51779,-0.0084908,0,6.8375,0.56879,0.0013686,-7.1162
0.52508,-0.0089983,0,8.1201,0.69537,0.0012395,-5.9261
0.52535,-0.0089896,0,8.1288,0.69635,0.0012333,-5.8599
0.52508,-0.0078301,0,6.608,0.58132,0.0012513,-5.9261
0.52404,-0.0084306,0,7.3313,0.63388,0.0012995,-6.203
0.52612,-0.0083077,0,7.3614,0.64043,0.0012668,-5.69
0.52611,-0.008151,0,7.1464,0.62431,0.0012589,-5.693
0.53759,-0.0096177,0,9.2654,0.80222,0.00072381,-3.7168
0.53759,-0.0096177,0,9.2654,0.80222,0.00072381,-3.7168
0.53759,-0.0096177,0,9.2654,0.80222,0.00072381,-3.7168
0.53413,-0.0075925,0,7.1476,0.66143,0.0011241,-4.3517
0.53341,-0.0076163,0,7.1254,0.65294,0.0011409,-4.4691
0.53237,-0.0083403,0,7.8936,0.7076,0.0011313,-4.6323
0.53445,-0.0082761,0,7.9718,0.7232,0.0010778,-4.2371
0.53446,-0.008791,0,8.4723,0.75155,0.00099796,-4.2228
0.55634,-0.0083579,0,8.9611,0.81386,0.00046401,-0.29161
0.55634,-0.0083579,0,8.9611,0.81386,0.00046401,-0.29161
0.55634,-0.0083579,0,8.9611,0.81386,0.00046401,-0.29161
0.55634,-0.0083579,0,8.9611,0.81386,0.00046401,-0.29161
0.56051,-0.0083542,0,9.0451,0.80917,0.00036472,0.57023
0.56051,-0.0083542,0,9.0451,0.80917,0.00036472,0.57023
0.56051,-0.0083542,0,9.0451,0.80917,0.00036472,0.57023
0.56051,-0.0083542,0,9.0451,0.80917,0.00036472,0.57023
0.39509,-0.0040744,0,7.2518,-1.4139,-0.0039803,29.031
0.39509,-0.0040744,0,7.2518,-1.4139,-0.0039803,29.031
0.39509,-0.0040744,0,7.2518,-1.4139,-0.0039803,29.031
0.39509,-0.0040744,0,7.2518,-1.4139,-0.0039803,29.031
0.40271,-0.0056992,0,8.8603,-4.3829,-0.0017972,4.3938
0.40382,-0.0063104,0,9.4761,-4.1785,-0.0010715,-0.75986
0.39945,-0.0035604,0,6.1849,-3.6481,-0.0042413,30.783
0.39963,-0.002088,0,4.4943,-3.3918,0.0015155,41.123
0.39833,-0.0028344,0,5.7326,-2.6132,-0.0054971,36.664
0.4003,-0.0030333,0,5.5384,-4.2523,0.00089692,32.181
0.5376,-0.0066149,0,6.2194,0.59898,0.0010141,-3.877
0.54487,-0.0058665,0,5.9803,0.59214,0.0008264,-2.4666
0.54675,-0.0056692,0,6.0032,0.60967,0.00087761,-2.0359
0.54675,-0.0056957,0,6.033,0.61198,0.00088093,-2.0342
0.54592,-0.0063976,0,6.7338,0.66447,0.00092629,-2.2711
0.55313,-0.0054892,0,6.3286,0.64626,0.00076447,-0.82125
0.55321,-0.0057617,0,6.6263,0.6693,0.00077835,-0.80316
0.5553,-0.005851,0,6.9035,0.69541,0.0007481,-0.59598
0.55427,-0.0052612,0,6.1424,0.63625,0.0007492,-0.67107
0.56255,-0.0071096,0,8.344,0.7837,0.00050262,1.0598
0.5626,-0.0071096,0,8.3471,0.78366,0.00050094,1.0722
0.5626,-0.0071096,0,8.3471,0.78366,0.00050094,1.0722
0.5626,-0.0071096,0,8.3471,0.78366,0.00050094,1.0722
0.5626,-0.0071096,0,8.3471,0.78366,0.00050094,1.0722
0.56677,-0.0039744,0,5.7849,0.61062,0.00056479,1.9335
0.56672,-0.0039784,0,5.7849,0.61076,0.00056544,1.919
0.56575,-0.0035545,0,5.2158,0.5685,0.00054819,1.6712
0.56779,-0.0033158,0,5.1226,0.55406,0.00052103,2.2309
0.57599,-0.0023334,0,4.7091,0.53109,0.00043313,4.3731
0.57535,-0.0025642,0,4.9433,0.54287,0.00044387,4.2455
0.57487,-0.0024702,0,4.8361,0.53584,0.00044223,4.1456
0.57405,-0.0032132,0,5.5056,0.5842,0.00047102,3.8202
0.57614,-0.0033097,0,5.7443,0.58894,0.00045557,4.4038
0.57614,-0.0038391,0,6.2589,0.62042,0.00045087,4.3913
0.58341,-0.0026762,0,5.4902,0.46208,0.00045239,6.4775
0.58137,-0.0045585,0,7.0345,0.58083,0.00035755,5.7424
0.58238,-0.0033391,0,6.0155,0.52107,0.0004207,6.1073
0.58238,-0.0033391,0,6.0155,0.52107,0.0004207,6.1073
0.60209,-0.0024857,0,6.1926,0.15939,0.00082027,5.9871
0.60209,-0.0024857,0,6.1926,0.15939,0.00082027,5.9871
0.60209,-0.0024857,0,6.1926,0.15939,0.00082027,5.9871
0.60209,-0.0024857,0,6.1926,0.15939,0.00082027,5.9871
0.39955,0.0020992,0,4.3569,3.5328,0.020085,41.124
0.39909,0.0021141,0,4.5891,3.1649,0.016289,40.957
0.39934,0.0036156,0,6.0953,3.8739,0.0072987,30.406
0.39825,0.0028573,0,5.6662,2.8253,0.0066004,36.349
0.40019,0.0030759,0,5.3822,4.4447,0.020222,32.104
0.40062,0.0035491,0,6.332,4.7847,0.016253,23.327
0.58575,-0.0012579,0,4.2318,0.32309,0.00056779,7.0933
0.58662,-0.0011951,0,4.1802,0.30034,0.00059715,7.1846
0.58653,-0.0015581,0,4.5315,0.31966,0.00057167,7.1471
0.58859,-0.0010876,0,4.2148,0.22298,0.00062279,7.339
0.58654,-0.0015952,0,4.569,0.32093,0.00056902,7.143
0.58755,-0.0016249,0,4.6726,0.2894,0.0005651,7.1246
0.59478,-0.00098584,0,4.5713,0.038553,0.0014578,6.9624
0.59685,-0.00094429,0,4.6717,-0.039564,0.0016859,6.3259
0.59685,-0.00094429,0,4.6717,-0.039564,0.0016859,6.3259
0.59581,-0.0014779,0,5.1096,0.037995,0.0029466,6.6249
0.59139,0.0037786,0,4.877,-0.97206,0.00074258,-2.3624
0.59163,0.0037203,0,4.8456,-0.97332,0.00072455,-2.1263
0.59295,0.0033838,0,4.4836,-0.95794,0.00059541,-1.3637
0.60207,0.0024737,0,4.3156,-0.68953,0.00083427,5.254
0.60207,0.0024737,0,4.3156,-0.68953,0.00083427,5.254
0.60207,0.0024737,0,4.3156,-0.68953,0.00083427,5.254
0.60207,0.0024737,0,4.3156,-0.68953,0.00083427,5.254
0.39506,0.0040946,0,7.2582,1.6998,0.0058627,28.616
0.39506,0.0040946,0,7.2582,1.6998,0.0058627,28.616
0.39506,0.0040946,0,7.2582,1.6998,0.0058627,28.616
0.39506,0.0040946,0,7.2582,1.6998,0.0058627,28.616
0.40257,0.0058737,0,8.7989,4.7434,0.0015356,3.274
0.40368,0.0065004,0,9.4358,4.5848,0.00066296,-2.2196
0.4016,0.0082629,0,9.1588,3.7595,-0.0044942,7.2205
0.4016,0.0082629,0,9.1588,3.7595,-0.0044942,7.2205
0.4016,0.0082629,0,9.1588,3.7595,-0.0044942,7.2205
0.4016,0.0082629,0,9.1588,3.7595,-0.0044942,7.2205
0.40803,0.007696,0,10.648,3.8268,0.0053037,-14.858
0.40806,0.0088857,0,10.864,3.6973,-0.0036101,-12.944
0.40702,0.0081965,0,10.61,3.9314,-0.0019045,-11.59
0.40933,0.0081447,0,10.835,3.6128,0.0044802,-16.269
0.55011,0.0091925,0,6.732,-0.65081,0.0018755,-11.485
0.55842,0.0089069,0,7.2652,-0.7345,0.001772,-10.092
0.55738,0.0084419,0,6.5357,-0.66322,0.0017748,-10.311
0.55939,0.0082276,0,6.4811,-0.66886,0.0017489,-9.9756
0.5594,0.0083429,0,6.6299,-0.68347,0.0017501,-9.9674
0.56677,0.0078127,0,6.791,-0.7419,0.0017005,-8.8027
0.56572,0.0083115,0,7.2727,-0.77742,0.0016886,-8.8635
0.56781,0.0083862,0,7.5806,-0.81849,0.0016402,-8.7784
0.56781,0.0089876,0,8.2049,-0.87398,0.0015274,-8.7014
0.57833,0.0060454,0,6.0437,-0.7449,0.0015589,-7.2726
0.58025,0.0058099,0,6.0383,-0.75574,0.0015066,-7.158
0.57927,0.0064578,0,6.6632,-0.81507,0.0015738,-7.2821
0.57509,0.0076575,0,7.5036,-0.86047,0.0015852,-7.6588
0.57406,0.0083109,0,8.0613,-0.90689,0.0015073,-7.8443
0.58662,0.0058236,0,6.7556,-1.0412,0.0013107,-5.1836
0.58871,0.005796,0,6.8987,-1.1156,0.0012244,-4.0366
0.58767,0.0051979,0,6.1649,-1.025,0.0011899,-4.8853
0.58975,0.0082741,0,8.8228,-1.2154,0.00094119,-3.2181
0.58975,0.0082741,0,8.8228,-1.2154,0.00094119,-3.2181
0.58975,0.0082741,0,8.8228,-1.2154,0.00094119,-3.2181
0.58975,0.0082741,0,8.8228,-1.2154,0.00094119,-3.2181
0.40378,0.0095363,0,9.9696,3.6867,-0.0043316,-0.50753
0.40378,0.0095363,0,9.9696,3.6867,-0.0043316,-0.50753
0.40378,0.0095363,0,9.9696,3.6867,-0.0043316,-0.50753
0.40378,0.0095363,0,9.9696,3.6867,-0.0043316,-0.50753
0.41227,0.0121,0,11.528,2.9259,-0.0054408,-15.373
0.41321,0.012104,0,11.623,2.8527,-0.0057702,-16.54
0.41227,0.0121,0,11.528,2.9259,-0.0054408,-15.373
0.41227,0.0121,0,11.528,2.9259,-0.0054408,-15.373
0.41227,0.0121,0,11.528,2.9259,-0.0054408,-15.373
0.41333,0.010808,0,11.579,2.9351,-0.0041992,-18.313
0.41228,0.010173,0,11.437,3.0878,-0.002771,-18.004
0.41972,0.011158,0,11.558,2.2376,0.0024771,-22.596
0.41984,0.010745,0,11.342,2.1989,0.0048358,-22.952
0.42162,0.011064,0,11.275,1.9978,0.0054539,-23.54
0.42169,0.011346,0,11.474,2.0302,0.0038628,-23.349
0.42068,0.011498,0,11.696,2.1679,0.0015868,-22.629
0.41437,0.013366,0,11.706,2.6454,-0.0040181,-16.254
0.41437,0.013366,0,11.706,2.6454,-0.0040181,-16.254
0.41437,0.013366,0,11.706,2.6454,-0.0040181,-16.254
0.41437,0.013366,0,11.706,2.6454,-0.0040181,-16.254
0.41437,0.013366,0,11.706,2.6454,-0.0040181,-16.254
0.41437,0.013366,0,11.706,2.6454,-0.0040181,-16.254
0.42487,0.012736,0,11.979,1.8566,-0.00071108,-23.08
0.42429,0.012726,0,11.989,1.8997,-0.0010858,-22.921
0.42592,0.013354,0,12.117,1.7869,-0.002262,-23.017
0.43332,0.012633,0,10.983,1.1847,0.0047027,-24.572
0.43221,0.013302,0,11.755,1.3371,0.0017114,-24.387
0.4343,0.013304,0,11.591,1.2118,0.0025019,-24.371
0.44161,0.013893,0,11.389,0.85057,0.0026675,-24.491
0.44157,0.013891,0,11.392,0.85273,0.0026632,-24.488
0.44058,0.01326,0,10.665,0.81985,0.0043495,-24.642
0.44265,0.013401,0,10.569,0.7325,0.0042869,-24.723
0.44928,0.013753,0,10.352,0.5011,0.0039895,-24.393
0.45003,0.013784,0,10.241,0.46358,0.0039984,-24.069
0.45832,0.014024,0,9.8329,0.2238,0.0038746,-23.626
0.46597,0.014096,0,9.4873,0.048386,0.0037072,-22.858
0.46667,0.014097,0,9.4573,0.034412,0.0036915,-22.787
0.47501,0.014024,0,9.103,-0.1156,0.0035096,-21.846
0.48335,0.013828,0,8.7843,-0.23186,0.0033711,-20.827
0.49171,0.014062,0,9.3919,-0.34848,0.0029309,-19.643
0.49067,0.013565,0,8.5147,-0.31806,0.0032132,-19.825
0.49275,0.013477,0,8.4354,-0.33876,0.0031658,-19.568
0.49933,0.013848,0,9.3096,-0.4418,0.0027263,-18.588
0.50004,0.013898,0,9.4044,-0.4507,0.0026525,-18.376
0.49897,0.013607,0,8.9141,-0.42273,0.0028414,-18.719
0.49893,0.01318,0,8.226,-0.39353,0.0029988,-18.779
0.50109,0.013465,0,8.7975,-0.44489,0.0028542,-18.375
0.50837,0.012638,0,7.9177,-0.46403,0.0027259,-17.446
0.50734,0.013264,0,8.857,-0.49775,0.0026451,-17.561
0.50937,0.012746,0,8.1505,-0.48527,0.0026571,-17.297
0.50942,0.013218,0,8.8843,-0.52517,0.0025635,-17.238
0.52101,0.011763,0,7.5343,-0.55727,0.0023823,-15.641
0.51672,0.01264,0,8.5373,-0.56428,0.0024254,-16.234
0.51568,0.013349,0,9.4154,-0.59926,0.00215,-16.309
0.51776,0.013276,0,9.4352,-0.62001,0.0020785,-16.008
0.52831,0.011186,0,7.3198,-0.58989,0.0022309,-14.572
0.53029,0.011021,0,7.2726,-0.58037,0.0021872,-14.344
0.52925,0.011607,0,8.0239,-0.62704,0.0021902,-14.601
0.53655,0.010978,0,7.8015,-0.65761,0.0020635,-13.542
0.53655,0.010746,0,7.4762,-0.63546,0.0020702,-13.528
0.53862,0.010844,0,7.82,-0.6671,0.0020433,-13.066
0.53758,0.010386,0,7.0696,-0.60724,0.00208,-13.285
0.53758,0.01153,0,8.5988,-0.72158,0.0019128,-13.271
0.5383,0.011498,0,8.6142,-0.72488,0.001893,-13.115
0.54488,0.010867,0,8.3806,-0.75308,0.0018237,-12.185
0.54488,0.01141,0,8.9667,-0.79465,0.0016262,-12.15
0.54695,0.010806,0,8.4782,-0.77402,0.0017609,-11.733
0.54511,0.010231,0,7.6166,-0.69126,0.0019457,-12.153
0.54591,0.010178,0,7.6264,-0.69658,0.0019315,-11.973
0.55426,0.012115,0,9.9418,-0.90448,0.00090968,-10.568
0.55426,0.012115,0,9.9418,-0.90448,0.00090968,-10.568
0.55426,0.012115,0,9.9418,-0.90448,0.00090968,-10.568
0.55426,0.012115,0,9.9418,-0.90448,0.00090968,-10.568
0.55426,0.012115,0,9.9418,-0.90448,0.00090968,-10.568
0.55426,0.012115,0,9.9418,-0.90448,0.00090968,-10.568
0.548,0.01337,0,10.499,-0.88892,0.0005551,-11.459
0.548,0.01337,0,10.499,-0.88892,0.0005551,-11.459
0.548,0.01337,0,10.499,-0.88892,0.0005551,-11.459
0.548,0.01337,0,10.499,-0.88892,0.0005551,-11.459
0.55217,0.013364,0,10.572,-0.91671,0.00040689,-10.838
0.55217,0.013364,0,10.572,-0.91671,0.00040689,-10.838
0.55217,0.013364,0,10.572,-0.91671,0.00040689,-10.838
0.55217,0.013364,0,10.572,-0.91671,0.00040689,-10.838
0.57093,0.0095892,0,8.9086,-0.94731,0.0012642,-8.0935
0.57093,0.0095892,0,8.9086,-0.94731,0.0012642,-8.0935
0.57093,0.0095892,0,8.9086,-0.94731,0.0012642,-8.0935
0.46231,0.017141,0,12.227,0.23394,-0.0015198,-22.356
0.46249,0.017142,0,12.226,0.22908,-0.0015155,-22.339
0.46249,0.017142,0,12.226,0.22908,-0.0015155,-22.339
0.46249,0.017142,0,12.226,0.22908,-0.0015155,-22.339
0.46145,0.015882,0,11.838,0.23052,0.00020709,-22.833
0.46354,0.015893,0,11.784,0.17463,0.00032296,-22.65
0.46249,0.015258,0,11.349,0.18126,0.0016301,-22.933
0.46244,0.015258,0,11.351,0.18262,0.0016283,-22.937
0.4604,0.018382,0,12.395,0.30219,-0.0020607,-22.058
0.4604,0.018382,0,12.395,0.30219,-0.0020607,-22.058
0.4604,0.018382,0,12.395,0.30219,-0.0020607,-22.058
0.4604,0.018382,0,12.395,0.30219,-0.0020607,-22.058
0.47084,0.017141,0,12.095,0.021906,-0.0011036,-21.6
0.47084,0.017141,0,12.095,0.021906,-0.0011036,-21.6
0.47084,0.017141,0,12.095,0.021906,-0.0011036,-21.6
0.4698,0.015891,0,11.622,0.022254,0.00060807,-22.042
0.47188,0.015881,0,11.569,-0.023859,0.00068484,-21.824
0.47084,0.015257,0,11.07,-0.016072,0.0018585,-22.092
0.46458,0.018389,0,12.356,0.18969,-0.0019363,-21.777
0.46458,0.018389,0,12.356,0.18969,-0.0019363,-21.777
0.46458,0.018389,0,12.356,0.18969,-0.0019363,-21.777
0.46458,0.018389,0,12.356,0.18969,-0.0019363,-21.777
0.46875,0.018389,0,12.313,0.08649,-0.0018136,-21.439
0.46875,0.018389,0,12.313,0.08649,-0.0018136,-21.439
0.46875,0.018389,0,12.313,0.08649,-0.0018136,-21.439
0.46875,0.018389,0,12.313,0.08649,-0.0018136,-21.439
0.47293,0.018382,0,12.267,-0.0082849,-0.0016961,-21.057
0.47293,0.018382,0,12.267,-0.0082849,-0.0016961,-21.057
0.47293,0.018382,0,12.267,-0.0082849,-0.0016961,-21.057
0.47293,0.018382,0,12.267,-0.0082849,-0.0016961,-21.057
0.5209,0.014627,0,10.729,-0.69003,0.0008591,-15.422
0.5209,0.014627,0,10.729,-0.69003,0.0008591,-15.422
0.5209,0.014627,0,10.729,-0.69003,0.0008591,-15.422
0.44477,-0.013493,0,11.59,-0.40369,0.0011764,-17.618
0.44477,-0.013152,0,11.41,-0.39077,0.0016025,-17.757
0.44686,-0.013516,0,11.533,-0.32915,0.0012642,-17.425
0.44686,-0.01322,0,11.366,-0.31804,0.0016162,-17.537
0.44581,-0.012912,0,11.239,-0.34354,0.0019452,-17.758
0.45312,-0.013255,0,11.164,-0.11931,0.0017259,-16.726
0.45521,-0.013314,0,11.147,-0.066677,0.0016583,-16.382
0.45417,-0.012543,0,10.438,-0.063032,0.0023493,-16.778
0.46148,-0.013514,0,11.118,0.083942,0.0014349,-15.606
0.46356,-0.013492,0,11.063,0.12867,0.0014187,-15.318
0.46209,-0.012914,0,10.627,0.10832,0.0019292,-15.663
0.46252,-0.012908,0,10.613,0.11722,0.0019237,-15.604
0.46982,-0.013395,0,10.906,0.25081,0.0013563,-14.436
0.47086,-0.012741,0,10.344,0.27369,0.0017942,-14.411
0.41187,-0.0089306,0,11.149,-2.7244,0.0014858,-15.366
0.41231,-0.0089213,0,11.153,-2.6573,0.0018831,-15.896
0.41251,-0.0088898,0,11.137,-2.6306,0.0020554,-16.069
0.41145,-0.0082121,0,10.94,-2.8069,0.0030265,-15.687
0.51256,-0.008941,0,7.0019,0.55299,0.0014528,-7.9113
0.5209,-0.0088569,0,7.6153,0.64375,0.0013425,-6.5432
0.51985,-0.008308,0,6.7661,0.57177,0.0013359,-6.7268
0.52178,-0.008135,0,6.7982,0.59367,0.0013059,-6.3134
0.52173,-0.0081392,0,6.8029,0.59356,0.0013066,-6.3173
0.52172,-0.0080664,0,6.5512,0.57351,0.0012838,-6.3491
0.5282,-0.0083178,0,7.5245,0.66548,0.0012259,-5.2192
0.52815,-0.0081212,0,7.2867,0.64909,0.0012186,-5.2357
0.5303,-0.0084212,0,7.8275,0.69563,0.0011842,-5.1098
0.52926,-0.0078378,0,7.0033,0.63596,0.0012169,-5.1363
0.52893,-0.0077646,0,6.899,0.62711,0.0012119,-5.1747
0.52965,-0.0078375,0,7.0437,0.63848,0.0012126,-5.1395
0.53654,-0.0083295,0,8.1686,0.73744,0.0010212,-3.8872
0.53759,-0.007733,0,7.5967,0.70629,0.001058,-3.887
0.56253,-0.0039266,0,5.3507,0.57004,0.00059298,1.0163
0.56314,-0.003857,0,5.3771,0.57974,0.00058771,1.2244
0.57093,-0.0039287,0,6.0425,0.62762,0.00052002,3.0029
0.56985,-0.0037566,0,5.7822,0.61395,0.00052673,2.802
0.56966,-0.0030955,0,5.1103,0.56443,0.00050124,2.7694
0.57199,-0.0028768,0,4.9896,0.54832,0.00047355,3.1855
0.57197,-0.0033311,0,5.4919,0.58585,0.00049473,3.142
0.57104,-0.002931,0,4.9657,0.56089,0.00048512,3.0169
0.57823,-0.0033268,0,5.8801,0.58895,0.00043517,4.9577
0.58031,-0.0033592,0,6.0076,0.56115,0.00042679,5.5638
0.57927,-0.002701,0,5.2923,0.53699,0.00043311,5.3948
0.57872,-0.002691,0,5.2532,0.54111,0.00043361,5.1714
0.59587,0.0025702,0,3.7847,-0.86376,0.00039094,0.98827
0.59502,0.0032894,0,4.5766,-0.96258,0.00057783,0.19941
0.59709,0.0032092,0,4.7307,-0.94215,0.00061276,1.7374
0.59605,0.00386,0,5.406,-1.0277,0.00075284,0.91819
0.41224,0.0090207,0,11.112,3.0868,0.0051571,-19.551
0.55541,0.0086497,0,6.5801,-0.67549,0.0018038,-10.557
0.55404,0.0087934,0,6.7123,-0.67315,0.0018194,-10.662
0.56261,0.0078767,0,6.4041,-0.681,0.0017211,-9.5876
0.56288,0.0078468,0,6.398,-0.67991,0.0017182,-9.5274
0.56166,0.007998,0,6.4412,-0.69167,0.0017333,-9.6203
0.56156,0.0083973,0,6.9414,-0.72915,0.0017528,-9.601
0.56363,0.0083257,0,7.0979,-0.7452,0.0017258,-9.3705
0.56363,0.0078076,0,6.4362,-0.68216,0.0017112,-9.3627
0.5626,0.0089883,0,7.7592,-0.8051,0.0016775,-9.5816
0.563,0.0089794,0,7.7872,-0.80947,0.0016691,-9.4909
0.57092,0.0075816,0,6.9841,-0.78296,0.001655,-8.2141
0.56988,0.0082966,0,7.6829,-0.8412,0.0016055,-8.3343
0.57197,0.0082788,0,7.8539,-0.87014,0.0015598,-7.9445
0.42906,0.012717,0,11.67,1.5201,0.0023679,-24.087
0.43007,0.012787,0,11.627,1.4478,0.0026698,-24.229
0.42802,0.013334,0,12.048,1.6337,-0.00089549,-23.457
0.4301,0.013389,0,11.99,1.4985,4.6076e-05,-23.842
0.4301,0.012818,0,11.643,1.4484,0.0025512,-24.214
0.43732,0.013006,0,10.771,0.96085,0.0047446,-24.94
0.43732,0.012953,0,10.616,0.94519,0.0049652,-24.965
0.43638,0.013427,0,11.486,1.0896,0.0028638,-24.523
0.4387,0.013119,0,10.839,0.92548,0.0043392,-24.844
0.43743,0.013987,0,11.827,1.0787,0.0012133,-24.485
0.44474,0.013526,0,10.467,0.64794,0.0042363,-24.595
0.44681,0.013638,0,10.364,0.5628,0.0041846,-24.473
0.44578,0.014109,0,11.204,0.67141,0.0028877,-24.355
0.45458,0.013938,0,10.008,0.32436,0.0039353,-23.96
0.45415,0.013926,0,10.028,0.33608,0.0039418,-24
0.46266,0.014082,0,9.635,0.11969,0.003783,-23.203
0.46249,0.01408,0,9.6425,0.12357,0.0037869,-23.219
0.47084,0.014077,0,9.2771,-0.045022,0.0035974,-22.329
0.47158,0.01407,0,9.2457,-0.058086,0.0035817,-22.243
0.47918,0.01394,0,8.9357,-0.17763,0.0034308,-21.336
0.47879,0.013949,0,8.9513,-0.17216,0.0034377,-21.388
0.48659,0.013722,0,8.6676,-0.29007,0.0032861,-20.375
0.48655,0.013895,0,8.9584,-0.29055,0.0032078,-20.347
0.48858,0.013648,0,8.6053,-0.29454,0.0032612,-20.169
0.48858,0.013989,0,9.1748,-0.30533,0.0030883,-20.15
0.48754,0.014177,0,9.462,-0.30132,0.003029,-20.426
0.49483,0.013382,0,8.3596,-0.35859,0.0031161,-19.298
0.49483,0.013531,0,8.6126,-0.36548,0.003053,-19.285
0.49691,0.013282,0,8.2881,-0.37709,0.0030661,-19.042
0.49587,0.013892,0,9.2697,-0.39551,0.0028643,-19.119
0.50422,0.012889,0,8.0543,-0.4366,0.0028481,-17.997
0.50318,0.013476,0,8.9391,-0.46138,0.0027585,-18.201
0.50526,0.013374,0,8.8997,-0.48002,0.0027001,-17.818
0.50422,0.014045,0,9.7719,-0.5042,0.0023298,-17.91
0.51257,0.012863,0,8.5622,-0.5342,0.0025434,-17.008
0.51152,0.013396,0,9.246,-0.55409,0.0023582,-16.884
0.5136,0.013428,0,9.4036,-0.58422,0.002228,-16.703
0.5209,0.012741,0,8.9334,-0.61874,0.0021931,-15.575
0.51985,0.013306,0,9.5736,-0.6438,0.001936,-15.593
0.52194,0.013385,0,9.7582,-0.67135,0.0017826,-15.509
0.59375,-0.0026873,0,6.0025,0.17076,0.00086636,6.8755
0.41458,-0.010154,0,11.461,-2.3599,9.9077e-05,-16.086
0.41442,-0.010155,0,11.46,-2.3784,5.1264e-06,-15.964
0.41862,-0.010187,0,11.393,-1.9077,0.001918,-18.215
0.41765,-0.0094907,0,11.068,-1.9582,0.0031586,-18.519
0.41547,-0.0095327,0,11.271,-2.2391,0.0021888,-17.533
0.42386,-0.012112,0,11.799,-1.4986,-0.00013165,-18.013
0.42595,-0.012068,0,11.74,-1.3352,0.00061337,-18.513
0.42281,-0.011462,0,11.665,-1.5662,0.00068251,-18.332
0.42282,-0.010253,0,10.968,-1.4684,0.0031938,-19.3
0.42701,-0.011371,0,11.384,-1.2291,0.0020792,-18.993
0.43223,-0.012136,0,11.481,-0.93345,0.0017815,-18.992
0.43434,-0.011823,0,11.05,-0.78704,0.0025585,-18.891
0.43433,-0.011964,0,11.205,-0.80257,0.0023629,-18.835
0.43433,-0.012625,0,11.608,-0.83985,0.0013288,-18.548
0.43161,-0.011586,0,11.126,-0.92562,0.002615,-19.205
0.43117,-0.011594,0,11.198,-0.95713,0.0025028,-19.112
0.43538,-0.011383,0,10.437,-0.6804,0.0032735,-19.106
0.44059,-0.012177,0,10.901,-0.50674,0.0026423,-18.521
0.44268,-0.012122,0,10.633,-0.4125,0.0027689,-18.359
0.44268,-0.012245,0,10.81,-0.42313,0.0026551,-18.317
0.43955,-0.011593,0,10.209,-0.4983,0.0032338,-18.813
0.44372,-0.011741,0,9.9812,-0.34004,0.0031166,-18.371
0.44894,-0.012361,0,10.503,-0.20763,0.0026084,-17.595
0.45095,-0.011909,0,9.6095,-0.11684,0.0028355,-17.638
0.45103,-0.012261,0,10.184,-0.13552,0.0026623,-17.591
0.4479,-0.011832,0,9.7526,-0.20365,0.0029566,-17.872
0.447,-0.011817,0,9.8024,-0.23205,0.0029961,-17.996
0.45731,-0.012026,0,9.5508,0.031359,0.0025511,-16.731
0.4573,-0.012346,0,10.063,0.021428,0.0024462,-16.708
0.45939,-0.012361,0,10.019,0.061662,0.002382,-16.168
0.45939,-0.012601,0,10.304,0.057573,0.0022126,-16.116
0.45577,-0.011871,0,9.3999,0.012046,0.002629,-16.778
0.45635,-0.011868,0,9.3259,0.0281,0.0026291,-16.76
0.46043,-0.011823,0,9.1124,0.09473,0.0025231,-16.11
0.46565,-0.01225,0,9.7474,0.18485,0.0022449,-15.276
0.46774,-0.012197,0,9.6578,0.22148,0.0022008,-14.977
0.46461,-0.011741,0,8.8927,0.16796,0.0024078,-15.508
0.46878,-0.011625,0,8.6897,0.23203,0.0023019,-14.894
0.47399,-0.011996,0,9.4024,0.31752,0.0020662,-14.044
0.47399,-0.012029,0,9.4438,0.31782,0.00205,-14.038
0.47607,-0.011936,0,9.35,0.34734,0.0020198,-13.72
0.47607,-0.012036,0,9.4749,0.34893,0.0019714,-13.702
0.47295,-0.011478,0,8.4968,0.28817,0.0021972,-14.27
0.47705,-0.011306,0,8.3217,0.3352,0.0021007,-13.654
0.47713,-0.011303,0,8.3281,0.33718,0.0020981,-13.628
0.48234,-0.011979,0,9.5083,0.42908,0.0018458,-12.668
0.48234,-0.012197,0,9.7995,0.43748,0.0017708,-12.649
0.48442,-0.012118,0,9.7581,0.4592,0.0015712,-12.314
0.4813,-0.011627,0,9.0108,0.40422,0.001956,-12.965
0.48086,-0.011636,0,9.0083,0.40068,0.0019699,-13.089
0.48546,-0.01143,0,8.879,0.44656,0.0018478,-12.232
0.49068,-0.011673,0,9.3787,0.51676,0.0015679,-11.32
0.49068,-0.012121,0,9.9089,0.53113,0.001377,-11.269
0.49277,-0.012167,0,9.9942,0.56216,0.0013282,-11.047
0.48963,-0.011403,0,8.9884,0.49888,0.0017526,-11.406
0.48936,-0.011385,0,8.9539,0.49543,0.0017998,-11.489
0.49381,-0.01036,0,7.6529,0.47368,0.0017669,-10.927
0.49381,-0.011525,0,9.337,0.54866,0.0015759,-10.856
0.49439,-0.011501,0,9.3326,0.55209,0.0015682,-10.761
0.4979,-0.01008,0,7.4996,0.49554,0.0016991,-10.301
0.49719,-0.01013,0,7.5262,0.49155,0.001715,-10.404
0.50215,-0.010301,0,8.1615,0.56138,0.001641,-9.6486
0.50113,-0.0098461,0,7.3972,0.51931,0.0016455,-9.892
0.50631,-0.010094,0,8.1495,0.59627,0.00155,-8.9043
0.51049,-0.010265,0,8.6538,0.64885,0.0014162,-8.2943
0.51138,-0.010231,0,8.6668,0.65233,0.0013983,-8.083
0.50945,-0.010271,0,8.5936,0.63844,0.0014426,-8.5392
0.50945,-0.0096992,0,7.8412,0.59373,0.0015183,-8.5855
0.50714,-0.009385,0,7.2821,0.55346,0.0015353,-8.6784
0.51779,-0.0096377,0,8.3681,0.67434,0.001332,-7.1106
0.5157,-0.0096403,0,8.2206,0.65046,0.001384,-7.3353
0.52404,-0.0096289,0,8.7405,0.7278,0.0011504,-6.0897
0.40161,-0.0050321,0,8.0627,-4.4726,-0.0025698,11.424
0.40055,-0.0043033,0,7.1042,-4.3211,-0.0032741,20.447
0.4072,-0.0069625,0,10.403,-3.634,0.0025336,-10.576
0.4059,-0.0064827,0,10.121,-3.897,0.0025519,-8.4355
0.53237,-0.0071342,0,6.3716,0.58953,0.0011223,-4.6555
0.53438,-0.0069369,0,6.3124,0.59223,0.0010754,-4.3405
0.54071,-0.0070785,0,7.0759,0.67436,0.00099146,-3.0883
0.5428,-0.0071695,0,7.3668,0.7034,0.001024,-2.9457
0.5396,-0.0064122,0,6.1517,0.59237,0.00098746,-3.4215
0.54325,-0.006554,0,6.6896,0.64946,0.00096412,-2.8608
0.54384,-0.0065141,0,6.699,0.65028,0.00088832,-2.7104
0.54905,-0.0071256,0,7.7659,0.74724,0.00079163,-1.7619
0.54801,-0.0065042,0,7.0373,0.68822,0.00087557,-1.8652
0.54812,-0.005522,0,5.869,0.60948,0.00081921,-1.881
0.5521,-0.0050929,0,5.7375,0.58847,0.00074817,-1.1359
0.55634,-0.0051877,0,6.2629,0.64149,0.00072104,-0.33131
0.56052,-0.0052595,0,6.6744,0.68261,0.00067026,0.47502
0.55948,-0.0046771,0,5.9354,0.62617,0.00066912,0.38767
0.55732,-0.0045444,0,5.5844,0.58475,0.00066985,-0.090024
0.55731,-0.0045171,0,5.5524,0.58178,0.00066813,-0.091232
0.5678,-0.0045328,0,6.4514,0.66406,0.00056163,2.2308
0.5678,-0.003966,0,5.8589,0.61639,0.00055338,2.2291
0.56573,-0.0046444,0,6.4132,0.66268,0.00059204,1.641
0.39829,-0.0014637,0,4.5183,-1.7112,-0.0023771,45.03
0.39716,-0.0007395,0,4.9992,-0.61334,-0.0041967,43.471
0.39716,-0.0007395,0,4.9992,-0.61334,-0.0041967,43.471
0.39714,0.00071559,0,4.9775,0.7867,0.0013899,43.369
0.39714,0.00071559,0,4.9775,0.7867,0.0013899,43.369
0.39823,0.00131,0,4.3866,1.693,0.0088274,45.352
0.39824,0.0014487,0,4.454,1.858,0.0093408,44.893
0.57625,-0.0023017,0,4.6797,0.52998,0.00043102,4.4258
0.58238,-0.0020955,0,4.8485,0.44836,0.00045851,6.2674
0.58444,-0.0019928,0,4.856,0.39968,0.00049729,6.7633
0.58137,-0.0016694,0,4.3288,0.44444,0.00044363,5.9887
0.58526,-0.001293,0,4.2607,0.33581,0.00055138,7.0423
0.59168,-0.0027147,0,5.9329,0.22765,-0.0011594,7.068
0.59065,-0.0021361,0,5.3089,0.22957,0.00012157,7.2425
0.59065,-0.0021361,0,5.3089,0.22957,0.00012157,7.2425
0.59271,-0.0020983,0,5.4293,0.16879,-0.0032179,7.1258
0.59271,-0.0020983,0,5.4293,0.16879,-0.0032179,7.1258
0.58962,-0.0015668,0,4.7525,0.22471,0.00038255,7.3297
0.58961,-0.0015669,0,4.7524,0.22483,0.00038315,7.3294
0.59375,-0.0014911,0,4.9648,0.10352,0.00067163,7.0653
0.60418,-0.0012256,0,4.9676,0.13716,0.0011005,5.9794
0.60418,-0.0012256,0,4.9676,0.13716,0.0011005,5.9794
0.60418,-0.0012256,0,4.9676,0.13716,0.0011005,5.9794
0.60418,-0.0012256,0,4.9676,0.13716,0.0011005,5.9794
0.60416,0.0012446,0,3.3468,-0.37869,0.0011578,5.7831
0.60416,0.0012446,0,3.3468,-0.37869,0.0011578,5.7831
0.60416,0.0012446,0,3.3468,-0.37869,0.0011578,5.7831
0.60416,0.0012446,0,3.3468,-0.37869,0.0011578,5.7831
0.59899,-0.0015703,0,5.4496,0.055486,0.00070742,5.0497
0.59791,-0.001258,0,5.1248,-0.024858,0.00097837,5.8152
0.5991,0.0013878,0,2.4041,-0.62796,0.00033327,3.0407
0.59909,0.0016022,0,2.7245,-0.681,0.00037002,3.0801
0.40044,0.0043975,0,7.0118,4.5963,0.0052803,19.859
0.40149,0.0051683,0,7.9844,4.7939,0.0031466,10.549
0.56783,0.007291,0,6.2704,-0.69431,0.0016636,-8.788
0.57312,0.0066746,0,6.1411,-0.71986,0.0016194,-7.9299
0.57696,0.0062145,0,6.1535,-0.74003,0.0015793,-7.3281
0.57613,0.0069574,0,6.8438,-0.80262,0.0016142,-7.4878
0.57406,0.0070753,0,6.7538,-0.77414,0.0016366,-7.9333
0.58136,0.0064389,0,6.8751,-0.88424,0.001523,-6.8237
0.58534,0.0050498,0,5.8358,-0.92123,0.001243,-5.8328
0.58241,0.0070925,0,7.6525,-0.99484,0.0014529,-6.5327
0.59081,0.0045156,0,5.6745,-1.0465,0.00095519,-2.9526
0.5929,0.0044853,0,5.8361,-1.0767,0.00091462,-1.2703
0.5929,0.0046554,0,6.0161,-1.0919,0.00094208,-1.2685
0.58976,0.0051721,0,6.3312,-1.0799,0.0011213,-3.443
0.58991,0.0051683,0,6.339,-1.0837,0.0011159,-3.3615
0.40911,0.0095462,0,11.082,3.4998,-0.0049402,-14.041
0.40911,0.0094239,0,11.067,3.5154,-0.004266,-14.239
0.40911,0.0097294,0,11.092,3.4755,-0.0053673,-13.773
0.41532,0.0098084,0,11.245,2.6614,0.0053428,-21.438
0.41532,0.0098007,0,11.241,2.6609,0.0053951,-21.446
0.41438,0.010195,0,11.491,2.8376,0.00060194,-20.049
0.41857,0.011522,0,11.791,2.3817,-0.00096404,-21.641
0.41934,0.011502,0,11.749,2.2998,0.00014108,-22.124
0.41833,0.01152,0,11.795,2.4066,-0.0012668,-21.473
0.41846,0.010478,0,11.285,2.3026,0.0054761,-22.66
0.42331,0.011343,0,11.306,1.8806,0.0049154,-23.75
0.423,0.011294,0,11.327,1.913,0.004827,-23.725
0.42253,0.011374,0,11.424,1.9627,0.0041331,-23.547
0.42582,0.011786,0,11.251,1.6631,0.0050305,-24.257
0.42591,0.012147,0,11.565,1.7097,0.0032525,-24.057
0.42383,0.012062,0,11.732,1.9037,0.0017066,-23.324
0.51775,0.012003,0,7.6301,-0.5215,0.0024661,-16.118
0.51568,0.01215,0,7.6885,-0.51123,0.002518,-16.393
0.51568,0.012336,0,7.9789,-0.52624,0.0024956,-16.382
0.52299,0.011611,0,7.4853,-0.54825,0.0023445,-15.414
0.52266,0.011636,0,7.4954,-0.54883,0.0023501,-15.488
0.52665,0.011322,0,7.4387,-0.57592,0.0022606,-14.742
0.52693,0.011299,0,7.463,-0.58277,0.0022514,-14.656
0.52608,0.011824,0,8.0491,-0.608,0.0022385,-14.879
0.5261,0.012008,0,8.3188,-0.62701,0.0022215,-14.86
0.52402,0.011796,0,7.8465,-0.57608,0.0023042,-15.198
0.52402,0.012083,0,8.2781,-0.60224,0.0022811,-15.186
0.53132,0.011485,0,8.0426,-0.63864,0.0021317,-14.124
0.5355,0.011533,0,8.4345,-0.69283,0.001912,-13.467
0.53561,0.010563,0,7.116,-0.61779,0.0020756,-13.518
0.53445,0.012097,0,9.0397,-0.72644,0.001892,-13.512
0.53445,0.012528,0,9.469,-0.74712,0.0016348,-13.509
0.53236,0.012087,0,8.8897,-0.70355,0.0018962,-13.909
0.54284,0.010118,0,7.2159,-0.66033,0.0019859,-12.42
0.5429,0.009895,0,6.9147,-0.64205,0.0019835,-12.435
0.53965,0.010198,0,7.0071,-0.61226,0.0020506,-12.921
0.54384,0.010309,0,7.5887,-0.68477,0.0019698,-12.455
0.54905,0.0096998,0,7.2893,-0.6948,0.0019039,-11.488
0.55113,0.0096298,0,7.4297,-0.70746,0.0018661,-11.272
0.548,0.010182,0,7.8036,-0.72742,0.0018723,-11.544
0.5476,0.010168,0,7.7512,-0.72155,0.0018854,-11.644
0.55143,0.010241,0,8.1919,-0.77444,0.001761,-11.185
0.55217,0.010213,0,8.2186,-0.77987,0.0017447,-11.002
0.55738,0.0096126,0,7.9914,-0.79595,0.001704,-10.298
0.55946,0.0095472,0,8.0983,-0.81762,0.0016543,-9.8602
0.44057,0.01453,0,11.958,0.95093,0.00036966,-24.081
0.44265,0.014599,0,11.891,0.85237,0.00068841,-24.179
0.44892,0.014511,0,11.338,0.56831,0.0022943,-24.289
0.4491,0.013894,0,10.559,0.51981,0.0036624,-24.423
0.45102,0.01441,0,11.093,0.49377,0.0026999,-23.932
0.45728,0.014556,0,10.806,0.29145,0.0029253,-23.594
0.45936,0.014591,0,10.718,0.23364,0.0029526,-23.399
0.45936,0.014098,0,9.8792,0.20131,0.0037641,-23.518
0.4604,0.015242,0,11.42,0.23735,0.0015539,-23.124
0.46562,0.014641,0,10.457,0.078007,0.0029785,-22.788
0.46771,0.01464,0,10.372,0.031685,0.0029785,-22.576
0.46771,0.01423,0,9.6485,0.017694,0.0034976,-22.655
0.46458,0.015268,0,11.279,0.12766,0.001698,-22.74
0.46875,0.015267,0,11.139,0.029347,0.0018117,-22.314
0.47397,0.01459,0,10.122,-0.091987,0.0029655,-21.876
0.47606,0.014558,0,10.041,-0.12896,0.0029581,-21.633
0.47293,0.01524,0,11.002,-0.059269,0.0018997,-21.861
0.48231,0.014427,0,9.8167,-0.23021,0.0029491,-20.89
0.48231,0.015014,0,10.594,-0.23104,0.0021671,-20.781
0.4844,0.014439,0,9.822,-0.26752,0.0028835,-20.603
0.48436,0.014019,0,9.1172,-0.25217,0.0031863,-20.68
0.49066,0.014711,0,10.272,-0.35174,0.0023252,-19.688
0.49275,0.014651,0,10.234,-0.37748,0.0023013,-19.433
0.499,0.014519,0,10.198,-0.46102,0.0021485,-18.548
0.50109,0.014626,0,10.367,-0.48105,0.0019127,-18.249
0.50109,0.014585,0,10.316,-0.47988,0.0019535,-18.255
0.43955,-0.012767,0,11.446,-0.58968,0.0017441,-18.319
0.44372,-0.012874,0,11.311,-0.41949,0.0019009,-17.966
0.44353,-0.01287,0,11.317,-0.42677,0.0018949,-17.985
0.44721,-0.012928,0,11.187,-0.29521,0.0019733,-17.608
0.4479,-0.012933,0,11.16,-0.27221,0.001989,-17.529
0.45208,-0.012641,0,10.634,-0.12132,0.0023088,-17.312
0.45626,-0.012805,0,10.661,-0.022067,0.0021248,-16.524
0.46043,-0.012933,0,10.678,0.073711,0.0019535,-15.886
0.46461,-0.012875,0,10.545,0.15946,0.0018916,-15.307
0.46878,-0.012792,0,10.41,0.23751,0.0018275,-14.711
0.41125,-0.0095665,0,11.232,-2.7751,-0.00066741,-13.648
0.41125,-0.0091351,0,11.17,-2.8042,0.00044316,-14.331
0.41351,-0.0090368,0,11.154,-2.4938,0.0021862,-16.641
0.41338,-0.0094904,0,11.304,-2.5132,0.0010124,-16.075
0.40594,-0.0076703,0,10.305,-3.6499,-0.0014507,-6.3957
0.41018,-0.0089767,0,11.076,-2.9567,-8.6402e-05,-13.134
0.41013,-0.0078653,0,10.828,-2.9992,0.0032528,-14.885
0.41956,-0.0097983,0,11.025,-1.7465,0.0032919,-19.056
0.41448,-0.0088978,0,11.05,-2.3382,0.003195,-17.516
0.42805,-0.012068,0,11.669,-1.1958,0.0011692,-18.627
0.43013,-0.012153,0,11.613,-1.0635,0.0014066,-18.779
0.43013,-0.012717,0,11.792,-1.0829,0.00048702,-18.404
0.43642,-0.012003,0,11.078,-0.69426,0.0025477,-18.851
0.4385,-0.012095,0,10.987,-0.59598,0.0026125,-18.695
0.44477,-0.012299,0,10.716,-0.34694,0.0026467,-18.087
0.44685,-0.012341,0,10.62,-0.27474,0.0026267,-17.859
0.45318,-0.011876,0,9.4983,-0.064041,0.0027248,-16.965
0.455,-0.011875,0,9.4982,-0.0093147,0.0026289,-16.801
0.46148,-0.012378,0,9.9851,0.10455,0.002305,-15.863
0.46148,-0.012334,0,9.9307,0.10529,0.0023353,-15.873
0.46356,-0.012296,0,9.8386,0.14676,0.0022906,-15.581
0.46982,-0.012137,0,9.5707,0.25521,0.0021567,-14.67
0.4719,-0.011911,0,9.2156,0.28315,0.0021423,-14.376
0.4719,-0.012069,0,9.4845,0.28649,0.00211,-14.357
0.47816,-0.012027,0,9.4859,0.38102,0.0019156,-13.21
0.47816,-0.012196,0,9.6909,0.38306,0.0018273,-13.192
0.48026,-0.012223,0,9.7844,0.41434,0.0017764,-13.156
0.4865,-0.01204,0,9.7197,0.48338,0.0014996,-11.997
0.48859,-0.012005,0,9.7384,0.51213,0.0018244,-11.602
0.50319,-0.0096908,0,7.3144,0.52132,0.0016172,-9.4207
0.50526,-0.0095321,0,7.2435,0.52936,0.0015754,-9.1053
0.51153,-0.0095809,0,7.8483,0.60148,0.0014859,-8.071
0.51153,-0.010035,0,8.4264,0.6377,0.0014221,-8.0551
0.5136,-0.0094982,0,7.8809,0.62285,0.0014469,-7.7156
0.51049,-0.0091128,0,7.0767,0.54848,0.0014859,-8.3064
0.51112,-0.0090603,0,7.0504,0.54961,0.0014761,-8.1729
0.51986,-0.009539,0,8.3968,0.68529,0.0012909,-6.6651
0.52195,-0.009551,0,8.5421,0.70485,0.0012279,-6.2361
0.51486,-0.0088801,0,7.1805,0.58806,0.001423,-7.4483
0.51402,-0.0088179,0,7.0052,0.56742,0.001427,-7.6258
0.51444,-0.0087824,0,7.038,0.57679,0.0014208,-7.4954
0.51882,-0.0089509,0,7.5818,0.62398,0.0013784,-6.8869
0.523,-0.0089936,0,7.9551,0.67065,0.0012891,-6.1645
0.52311,-0.0080131,0,6.6623,0.59686,0.0012839,-6.2003
0.52394,-0.0079358,0,6.6452,0.58799,0.0012692,-6.1691
0.52709,-0.0076419,0,6.5402,0.58377,0.001218,-5.5528
0.53134,-0.0077716,0,7.1278,0.64479,0.001185,-4.883
0.53549,-0.0076196,0,7.2856,0.6767,0.001096,-4.0139
0.4049,-0.0069577,0,9.9439,-3.9312,-0.0010872,-4.1721
0.39724,-0.0021147,0,5.6627,-1.6974,-0.0062511,39.364
0.39724,-0.0021147,0,5.6627,-1.6974,-0.0062511,39.364
0.53031,-0.0073342,0,6.4445,0.59485,0.0011574,-5.1091
0.53655,-0.0071283,0,6.7703,0.64354,0.0010734,-3.9173
0.53863,-0.0070757,0,6.9163,0.65161,0.001046,-3.6429
0.54488,-0.0070912,0,7.4441,0.71492,0.00071406,-2.4439
0.54696,-0.0070747,0,7.582,0.72878,0.0010256,-1.9847
0.55531,-0.0049346,0,5.861,0.60996,0.00071324,-0.59371
0.55532,-0.0047388,0,5.6277,0.59091,0.00069924,-0.5774
0.56156,-0.0045983,0,6.0474,0.62809,0.00064245,0.76167
0.56364,-0.0045781,0,6.1727,0.64359,0.00061962,1.3671
0.56053,-0.004154,0,5.4324,0.58095,0.00062282,0.5036
0.56988,-0.0045096,0,6.561,0.66868,0.00053237,2.7952
0.57197,-0.0045607,0,6.7192,0.67488,0.00049762,3.1322
0.56469,-0.0040778,0,5.7077,0.61194,0.00059154,1.5309
0.56883,-0.0038351,0,5.7872,0.61596,0.00054044,2.477
0.56789,-0.0038805,0,5.7755,0.61017,0.00055112,2.2518
0.57301,-0.0039119,0,6.1597,0.63248,0.00048849,3.4777
0.57213,-0.0028004,0,4.9169,0.54169,0.00046878,3.2366
0.573,-0.002696,0,4.8732,0.53112,0.00045658,3.5127
0.57719,-0.0027149,0,5.199,0.54943,0.00044036,4.5925
0.5773,-0.0027111,0,5.2011,0.54891,0.00043964,4.635
0.58135,-0.0027586,0,5.4696,0.51178,0.00044136,5.8485
0.39718,0.0021101,0,5.6195,1.9066,0.0051459,39.112
0.39718,0.0021101,0,5.6195,1.9066,0.0051459,39.112
0.57816,-0.0020667,0,4.5682,0.49503,0.00041832,4.9731
0.57818,-0.0022491,0,4.7607,0.50981,0.00042299,4.9712
0.58032,-0.0021962,0,4.8208,0.49914,0.000439,5.6937
0.58652,-0.0021418,0,5.1245,0.35432,0.00052438,7.0325
0.58858,-0.0021855,0,5.2366,0.29516,0.00046847,7.17
0.58858,-0.0021855,0,5.2366,0.29516,0.00046847,7.17
0.59478,-0.0020764,0,5.5392,0.11331,0.0027821,6.7833
0.59478,-0.0020764,0,5.5392,0.11331,0.0027821,6.7833
0.59685,-0.0019926,0,5.5765,0.044672,0.0019294,6.1336
0.59587,-0.0026103,0,6.0463,0.13048,0.0042979,6.4531
0.59685,-0.0019926,0,5.5765,0.044672,0.0019294,6.1336
0.59716,0.0021501,0,3.3128,-0.80241,0.00031609,1.7682
0.5903,0.0040365,0,5.0435,-0.97758,0.00083318,-3.2624
0.58987,0.0041353,0,5.1225,-0.98584,0.00087389,-3.5271
0.59395,0.0038717,0,5.2007,-1.023,0.00074521,-0.61703
0.59812,0.0024968,0,3.8888,-0.83853,0.00046623,2.3561
0.59829,0.0024494,0,3.8528,-0.82782,0.00047148,2.4752
0.40481,0.0070635,0,9.9248,4.3823,0.00013535,-6.413
0.40593,0.0075981,0,10.302,4.1552,-0.00033373,-9.5594
0.40927,0.0089009,0,11.014,3.5602,-0.0010005,-15.353
0.41017,0.0089262,0,11.084,3.4265,0.0011205,-16.903
0.55216,0.0089854,0,6.6729,-0.64782,0.0018495,-11.049
0.55278,0.0089213,0,6.6541,-0.65062,0.001838,-10.962
0.55635,0.0090546,0,7.2231,-0.72219,0.0018032,-10.561
0.5605,0.0088953,0,7.4392,-0.76584,0.0017335,-9.6709
0.56987,0.0071127,0,6.2899,-0.70014,0.0016454,-8.3815
0.56987,0.0070558,0,6.2182,-0.69284,0.0016431,-8.3829
0.57174,0.0068379,0,6.2617,-0.71872,0.0016318,-8.03
0.56519,0.0075908,0,6.3904,-0.69308,0.0016907,-9.018
0.56461,0.0076555,0,6.3494,-0.67953,0.0016947,-9.1817
0.56885,0.0077157,0,6.9259,-0.7588,0.0016754,-8.5861
0.56838,0.0077514,0,6.9142,-0.75615,0.0016805,-8.6906
0.57822,0.0070536,0,7.1874,-0.85836,0.0015781,-7.1937
0.58031,0.0070693,0,7.4304,-0.92562,0.0015227,-6.9748
0.57301,0.0076767,0,7.3165,-0.82388,0.0016206,-7.8948
0.58672,0.0047944,0,5.6082,-0.95004,0.0011397,-5.3597
0.5885,0.0044369,0,5.4228,-0.97728,0.00099813,-4.2254
0.595,0.0044798,0,6.0074,-1.0894,0.00088101,0.11367
0.41123,0.0095395,0,11.274,3.2573,-0.00099792,-17.511
0.41122,0.0099889,0,11.34,3.2241,-0.0034628,-16.818
0.41345,0.0097877,0,11.341,2.9484,0.0016968,-19.662
0.41357,0.0093727,0,11.203,2.9314,0.0044942,-20.174
0.41963,0.012128,0,11.923,2.2831,-0.002662,-21.613
0.41963,0.012593,0,11.986,2.2765,-0.0040192,-21.108
0.42173,0.012111,0,11.878,2.0959,-0.00050677,-22.664
0.42809,0.012031,0,11.165,1.5064,0.0049389,-24.29
0.42805,0.012428,0,11.517,1.5615,0.003079,-24.049
0.43009,0.012277,0,11.086,1.3655,0.0050064,-24.565
0.42697,0.012678,0,11.803,1.6715,0.0013274,-23.896
0.43115,0.012804,0,11.472,1.3591,0.0034001,-24.59
0.43534,0.012829,0,10.887,1.0713,0.0046938,-24.784
0.43593,0.012884,0,10.862,1.0364,0.0046817,-24.791
0.43534,0.013996,0,11.974,1.2014,0.00033185,-24.132
0.4351,0.013988,0,11.982,1.2149,0.00026633,-24.101
0.43868,0.013876,0,11.617,0.99496,0.0020621,-24.533
0.43953,0.013831,0,11.517,0.95151,0.0023799,-24.342
0.4437,0.01401,0,11.304,0.75632,0.0027801,-24.459
0.44787,0.014088,0,10.91,0.57353,0.0033748,-24.53
0.45206,0.013861,0,10.133,0.39703,0.0039575,-24.169
0.45623,0.013981,0,9.9315,0.27873,0.003909,-23.829
0.45942,0.014043,0,9.7829,0.19629,0.0038537,-23.526
0.46041,0.014058,0,9.7378,0.17148,0.003833,-23.44
0.46458,0.014093,0,9.5493,0.07665,0.0037388,-23.019
0.46879,0.014091,0,9.3645,-0.0072824,0.003643,-22.554
0.46875,0.014091,0,9.3659,-0.0066934,0.0036438,-22.558
0.47293,0.014055,0,9.1892,-0.08083,0.003554,-22.081
0.47249,0.01406,0,9.2075,-0.073548,0.0035629,-22.134
0.47621,0.014003,0,9.0548,-0.13369,0.0034855,-21.698
0.4771,0.013986,0,9.0193,-0.14736,0.0034685,-21.596
0.48127,0.013887,0,8.8553,-0.20715,0.0034011,-21.089
0.48523,0.013769,0,8.8308,-0.26814,0.0032731,-20.421
0.48592,0.013963,0,9.1105,-0.28081,0.0031807,-20.36
0.48962,0.014139,0,9.4512,-0.32291,0.002973,-19.904
0.48886,0.01416,0,9.4674,-0.31422,0.0029909,-20.076
0.49379,0.013979,0,9.3288,-0.37275,0.0028995,-19.381
0.49795,0.013818,0,9.2394,-0.41927,0.0028146,-18.84
0.50215,0.013007,0,8.1344,-0.42725,0.002899,-18.458
0.50214,0.014074,0,9.7314,-0.48281,0.0024211,-18.394
0.51162,0.012428,0,7.8159,-0.50495,0.0026187,-16.966
0.51158,0.012587,0,8.0583,-0.51291,0.0026088,-16.949
0.51361,0.012308,0,7.7852,-0.5002,0.002569,-16.746
0.51361,0.012295,0,7.7642,-0.49914,0.0025706,-16.746
0.5063,0.012765,0,7.9804,-0.45222,0.0027862,-17.733
0.5063,0.013965,0,9.7573,-0.5236,0.0022725,-17.635
0.51025,0.012519,0,7.9668,-0.49329,0.002646,-17.035
0.51058,0.012601,0,8.0882,-0.50156,0.0026324,-17.006
0.51963,0.011866,0,7.6803,-0.5486,0.0024036,-15.717
0.52195,0.012192,0,8.2621,-0.59119,0.0023325,-15.68
0.51506,0.012741,0,8.5619,-0.55102,0.0024685,-16.447
0.51446,0.012777,0,8.571,-0.54641,0.0024857,-16.549
0.51464,0.012766,0,8.5687,-0.54775,0.0024802,-16.507
0.5188,0.012576,0,8.5726,-0.58986,0.0023519,-15.924
0.5282,0.012156,0,8.6726,-0.65829,0.0020828,-14.512
0.53029,0.012165,0,8.8387,-0.68762,0.0019734,-14.321
0.52299,0.012762,0,9.0977,-0.64812,0.0020895,-15.388
0.53654,0.012158,0,9.2341,-0.75387,0.0016538,-13.401
0.54488,0.010086,0,7.392,-0.67192,0.0019505,-12.205
0.54488,0.0097065,0,6.8694,-0.63006,0.001952,-12.2
0.54689,0.0095118,0,6.8108,-0.63632,0.0019192,-11.858
0.54691,0.0097501,0,7.1325,-0.66478,0.0019147,-11.839
0.5532,0.0095203,0,7.4814,-0.72955,0.0018306,-10.86
0.5553,0.0096317,0,7.8186,-0.76507,0.001763,-10.517
0.56155,0.0095885,0,8.3142,-0.84077,0.0015815,-9.552
0.43638,0.014628,0,12.186,1.1719,-0.0012734,-23.892
0.43848,0.014488,0,12.027,1.0436,-5.6047e-05,-24.219
0.43848,0.014558,0,12.072,1.0481,-0.00029471,-24.177
0.44474,0.014678,0,11.821,0.76196,0.00093029,-24.134
0.44683,0.014701,0,11.723,0.68123,0.0012694,-24.085
0.4531,0.014457,0,10.985,0.41777,0.0028272,-23.946
0.45519,0.014511,0,10.894,0.35306,0.0028898,-23.758
0.46145,0.014617,0,10.631,0.17824,0.0029666,-23.208
0.46354,0.014633,0,10.544,0.12694,0.0029742,-23.006
0.4698,0.014631,0,10.287,-0.011536,0.0029754,-22.343
0.47188,0.014614,0,10.204,-0.053184,0.0029709,-22.114
0.47188,0.014153,0,9.3852,-0.061929,0.0034802,-22.193
0.47814,0.014519,0,9.9617,-0.16382,0.0029539,-21.392
0.48023,0.014179,0,9.3617,-0.19499,0.0031961,-21.175
0.48023,0.014475,0,9.8845,-0.19766,0.0029509,-21.133
0.48649,0.014669,0,10.164,-0.29326,0.0025342,-20.24
0.48858,0.014749,0,10.292,-0.32863,0.0023781,-20.076
0.49483,0.014586,0,10.193,-0.40345,0.0022794,-19.168
0.49691,0.014526,0,10.163,-0.43021,0.0022481,-18.898
0.50318,0.014678,0,10.458,-0.51471,0.0017628,-18.079
0.50526,0.014636,0,10.456,-0.53375,0.0016889,-17.695
0.43746,-0.018366,0,11.991,-0.73237,-0.00088585,-15.492
0.44581,-0.018379,0,11.994,-0.42443,-0.00086254,-15.518
0.45417,-0.018373,0,11.944,-0.17055,-0.00072256,-14.994
0.46252,-0.01838,0,11.867,0.035899,-0.00057616,-14.182
0.47086,-0.018368,0,11.776,0.20456,-0.00047673,-13.196
0.40386,-0.013314,0,10.169,-2.4802,-0.00060719,2.1733
0.40386,-0.013314,0,10.169,-2.4802,-0.00060719,2.1733
0.53759,-0.013358,0,10.646,0.82175,-0.00021049,-3.5957
0.39523,-0.0081155,0,8.3759,-1.8274,-0.0011312,20.403
0.39523,-0.0081155,0,8.3759,-1.8274,-0.0011312,20.403
0.3952,0.0081036,0,8.377,2.1373,0.0023642,19.659
0.3952,0.0081036,0,8.377,2.1373,0.0023642,19.659
0.40383,0.013306,0,10.268,2.9229,0.0017028,-0.2675
0.57093,0.013323,0,10.741,-1.0409,-4.7123e-05,-7.8439
0.5209,0.018368,0,11.792,-0.68428,-0.0008715,-15.027
0.44372,-0.014689,0,11.885,-0.4698,-0.00011542,-17.18
0.44372,-0.014689,0,11.885,-0.4698,-0.00011542,-17.18
0.44372,-0.014689,0,11.885,-0.4698,-0.00011542,-17.18
0.45208,-0.01462,0,11.725,-0.17972,0.0004275,-16.514
0.45208,-0.01462,0,11.725,-0.17972,0.0004275,-16.514
0.45208,-0.01462,0,11.725,-0.17972,0.0004275,-16.514
0.46043,-0.014708,0,11.597,0.037084,0.00049302,-15.443
0.46043,-0.014708,0,11.597,0.037084,0.00049302,-15.443
0.46043,-0.014708,0,11.597,0.037084,0.00049302,-15.443
0.46878,-0.014656,0,11.453,0.21451,0.00050767,-14.312
0.46878,-0.014656,0,11.453,0.21451,0.00050767,-14.312
0.46878,-0.014656,0,11.453,0.21451,0.00050767,-14.312
0.53494,-0.0096065,0,9.1461,0.78696,0.00081312,-4.1236
0.5355,-0.0096089,0,9.1864,0.78983,0.00078791,-4.0224
0.5355,-0.0096089,0,9.1864,0.78983,0.00078791,-4.0224
0.5355,-0.0096089,0,9.1864,0.78983,0.00078791,-4.0224
0.60207,0.0012168,0,2.6778,-0.51491,0.0009689,5.5353
0.60207,0.0012168,0,2.6778,-0.51491,0.0009689,5.5353
0.60207,0.0012168,0,2.6778,-0.51491,0.0009689,5.5353
0.40157,0.0070438,0,8.8403,4.0941,-0.0071741,8.447
0.40157,0.0070438,0,8.8403,4.0941,-0.0071741,8.447
0.55217,0.012118,0,9.8951,-0.89493,0.00098932,-10.868
0.55217,0.012118,0,9.8951,-0.89493,0.00098932,-10.868
0.55217,0.012118,0,9.8951,-0.89493,0.00098932,-10.868
0.55217,0.012118,0,9.8951,-0.89493,0.00098932,-10.868
0.4604,0.017135,0,12.257,0.28712,-0.0016451,-22.491
0.4604,0.017135,0,12.257,0.28712,-0.0016451,-22.491
0.4604,0.017135,0,12.257,0.28712,-0.0016451,-22.491
0.46875,0.017145,0,12.128,0.0702,-0.0011933,-21.801
0.46875,0.017145,0,12.128,0.0702,-0.0011933,-21.801
0.46875,0.017145,0,12.128,0.0702,-0.0011933,-21.801
0.41861,-0.012089,0,11.743,-1.9137,-0.0013095,-16.262
0.41861,-0.012089,0,11.743,-1.9137,-0.0013095,-16.262
0.41861,-0.012089,0,11.743,-1.9137,-0.0013095,-16.262
0.43955,-0.014647,0,11.937,-0.6376,-0.00044496,-17.381
0.43955,-0.014647,0,11.937,-0.6376,-0.00044496,-17.381
0.43955,-0.014647,0,11.937,-0.6376,-0.00044496,-17.381
0.4479,-0.014702,0,11.818,-0.3211,0.00014856,-16.869
0.44855,-0.014693,0,11.801,-0.29876,0.00021311,-16.83
0.4479,-0.014702,0,11.818,-0.3211,0.00014856,-16.869
0.4479,-0.014702,0,11.818,-0.3211,0.00014856,-16.869
0.45626,-0.014646,0,11.653,-0.072143,0.00049231,-15.966
0.45626,-0.014646,0,11.653,-0.072143,0.00049231,-15.966
0.45626,-0.014646,0,11.653,-0.072143,0.00049231,-15.966
0.46461,-0.01469,0,11.524,0.1299,0.00050975,-14.88
0.46372,-0.014695,0,11.53,0.11147,0.00053537,-15.009
0.46461,-0.01469,0,11.524,0.1299,0.00050975,-14.88
0.46461,-0.01469,0,11.524,0.1299,0.00050975,-14.88
0.50632,-0.011858,0,9.9899,0.67267,0.00099657,-8.7385
0.50632,-0.012097,0,10.163,0.67724,0.00089544,-8.7244
0.50632,-0.012097,0,10.163,0.67724,0.00089544,-8.7244
0.50632,-0.012097,0,10.163,0.67724,0.00089544,-8.7244
0.51049,-0.011874,0,10.09,0.70806,0.00084972,-8.1549
0.51049,-0.012132,0,10.252,0.71219,0.00074232,-8.1251
0.51049,-0.012132,0,10.252,0.71219,0.00074232,-8.1251
0.51049,-0.012132,0,10.252,0.71219,0.00074232,-8.1251
0.40595,-0.0095957,0,10.42,-3.2241,-0.0030749,-3.906
0.40595,-0.0095957,0,10.42,-3.2241,-0.0030749,-3.906
0.40595,-0.0095957,0,10.42,-3.2241,-0.0030749,-3.906
0.40595,-0.0095957,0,10.42,-3.2241,-0.0030749,-3.906
0.40165,-0.0069616,0,8.8478,-3.7076,-0.0046776,9.8846
0.40165,-0.0069616,0,8.8478,-3.7076,-0.0046776,9.8846
0.55634,-0.0070996,0,8.1072,0.77601,0.00065065,-0.30687
0.55634,-0.0070996,0,8.1072,0.77601,0.00065065,-0.30687
0.55634,-0.0070996,0,8.1072,0.77601,0.00065065,-0.30687
0.56051,-0.0071116,0,8.2782,0.78032,0.00055504,0.56708
0.56051,-0.0071116,0,8.2782,0.78032,0.00055504,0.56708
0.56051,-0.0071116,0,8.2782,0.78032,0.00055504,0.56708
0.39725,-0.004165,0,6.8865,-2.2501,-0.0053634,29.969
0.39725,-0.004165,0,6.8865,-2.2501,-0.0053634,29.969
0.39725,-0.004165,0,6.8865,-2.2501,-0.0053634,29.969
0.39725,-0.004165,0,6.8865,-2.2501,-0.0053634,29.969
0.58135,-0.0045632,0,7.0397,0.58202,0.00035769,5.7332
0.58135,-0.0045882,0,7.0594,0.58229,0.00035601,5.7335
0.58135,-0.0045882,0,7.0594,0.58229,0.00035601,5.7335
0.58135,-0.0045882,0,7.0594,0.58229,0.00035601,5.7335
0.58135,-0.0045882,0,7.0594,0.58229,0.00035601,5.7335
0.39718,0.0041877,0,6.871,2.5314,0.0001766,29.53
0.39718,0.0041877,0,6.871,2.5314,0.0001766,29.53
0.39718,0.0041877,0,6.871,2.5314,0.0001766,29.53
0.39718,0.0041877,0,6.871,2.5314,0.0001766,29.53
0.59911,0.0010968,0,1.9691,-0.55595,0.00028338,2.9872
0.59812,0.0041235,0,5.852,-1.0148,0.00079378,2.204
0.59782,0.004391,0,6.0824,-1.039,0.00082542,1.982
0.59812,0.0043641,0,6.0914,-1.0295,0.00082134,2.159
0.59812,0.0043641,0,6.0914,-1.0295,0.00082134,2.159
0.59812,0.0043641,0,6.0914,-1.0295,0.00082134,2.159
0.40593,0.0095363,0,10.493,3.7125,-0.0063309,-6.7371
0.40593,0.0095363,0,10.493,3.7125,-0.0063309,-6.7371
0.40593,0.0095363,0,10.493,3.7125,-0.0063309,-6.7371
0.56781,0.0096182,0,8.7171,-0.91241,0.0013687,-8.6498
0.56885,0.0096115,0,8.8105,-0.92838,0.0013227,-8.4871
0.56885,0.0096115,0,8.8105,-0.92838,0.0013227,-8.4871
0.56885,0.0096115,0,8.8105,-0.92838,0.0013227,-8.4871
0.57302,0.0095872,0,9.0219,-0.96946,0.0011979,-7.7756
0.57302,0.0095872,0,9.0219,-0.96946,0.0011979,-7.7756
0.57302,0.0095872,0,9.0219,-0.96946,0.0011979,-7.7756
0.58976,0.007036,0,7.9973,-1.1898,0.0011362,-3.3063
0.58976,0.007036,0,7.9973,-1.1898,0.0011362,-3.3063
0.58976,0.007036,0,7.9973,-1.1898,0.0011362,-3.3063
0.41438,0.011593,0,11.703,2.7873,-0.0053154,-18.266
0.41437,0.012109,0,11.718,2.7495,-0.0056601,-17.647
0.41437,0.012109,0,11.718,2.7495,-0.0056601,-17.647
0.41437,0.012109,0,11.718,2.7495,-0.0056601,-17.647
0.42696,0.014625,0,12.261,1.7106,-0.0039655,-22.238
0.42696,0.014625,0,12.261,1.7106,-0.0039655,-22.238
0.42696,0.014625,0,12.261,1.7106,-0.0039655,-22.238
0.51881,0.014612,0,10.677,-0.67227,0.00097606,-15.704
0.51881,0.014612,0,10.677,-0.67227,0.00097606,-15.704
0.51881,0.014612,0,10.677,-0.67227,0.00097606,-15.704
0.52298,0.014632,0,10.771,-0.71503,0.00076288,-15.176
0.52298,0.014632,0,10.771,-0.71503,0.00076288,-15.176
0.52298,0.014632,0,10.771,-0.71503,0.00076288,-15.176
0.548,0.012113,0,9.7301,-0.85203,0.0011799,-11.515
0.548,0.012113,0,9.7301,-0.85203,0.0011799,-11.515
0.548,0.012113,0,9.7301,-0.85203,0.0011799,-11.515
0.46458,0.017146,0,12.193,0.17366,-0.0013985,-22.171
0.46458,0.017146,0,12.193,0.17366,-0.0013985,-22.171
0.46458,0.017146,0,12.193,0.17366,-0.0013985,-22.171
0.47293,0.017134,0,12.063,-0.024352,-0.0010198,-21.39
0.47293,0.017134,0,12.063,-0.024352,-0.0010198,-21.39
0.47293,0.017134,0,12.063,-0.024352,-0.0010198,-21.39
0.41441,-0.012085,0,11.53,-2.2733,-0.001854,-13.552
0.4154,-0.012081,0,11.6,-2.1911,-0.0017973,-14.395
0.41441,-0.012085,0,11.53,-2.2733,-0.001854,-13.552
0.41441,-0.012085,0,11.53,-2.2733,-0.001854,-13.552
0.41441,-0.012085,0,11.53,-2.2733,-0.001854,-13.552
0.6021,-0.0012157,0,5.007,0.20854,0.00096423,6.0613
0.6021,-0.0012157,0,5.007,0.20854,0.00096423,6.0613
0.6021,-0.0012157,0,5.007,0.20854,0.00096423,6.0613
0.43637,0.012839,0,10.581,0.98196,0.005094,-24.865
0.40074,0.0034895,0,6.3055,5.0282,0.021247,21.826
0.5655,0.0074927,0,6.2141,-0.68029,0.0016709,-8.9548
0.60102,0.00057486,0,1.6714,-0.49072,0.00083882,4.9384
0.60107,0.00014806,0,2.0907,-0.1373,0.00088952,4.902
0.60102,0.0011826,0,2.4013,-0.58318,0.00075381,4.8835
0.60207,0.00061555,0,2.0085,-0.39315,0.0010858,5.7037
0.60207,0.00061555,0,2.0085,-0.39315,0.0010858,5.7037
0.427,-0.014629,0,11.954,-1.2735,-0.0013725,-16.666
0.47712,-0.014606,0,11.313,0.35897,0.00045101,-13.065
0.49381,-0.014636,0,11.178,0.56965,0.00018386,-10.523
0.54384,-0.009629,0,9.415,0.823,0.00051101,-2.6215
0.40054,-0.0049797,0,7.5923,-4.0653,-0.0046439,18.54
0.58451,0.0064521,0,7.2174,-1.0235,0.0014106,-6.0722
0.59394,0.0069853,0,8.0567,-1.1918,0.00094005,-0.73796
0.41752,0.011513,0,11.807,2.4899,-0.0022762,-20.912
0.56051,0.01211,0,10.124,-0.9523,0.00068169,-9.5943
0.48545,0.017117,0,11.881,-0.26228,-0.00067785,-19.926
0.50213,0.01714,0,11.759,-0.50004,-0.00065259,-17.795
0.42281,-0.014626,0,11.869,-1.5305,-0.0015042,-15.614
0.4813,-0.01465,0,11.289,0.42089,0.00038225,-12.475
0.48547,-0.014633,0,11.244,0.47638,0.00026762,-11.8
0.48964,-0.014624,0,11.206,0.52381,0.00030332,-11.133
0.5157,-0.010252,0,8.9346,0.69022,0.0012528,-7.2988
0.58548,-0.004563,0,7.1254,0.47396,0.00032344,6.512
0.58961,-0.0045556,0,7.2286,0.35843,0.00030982,6.7396
0.59375,-0.0045009,0,7.3158,0.24871,0.0006667,6.5752
0.40045,0.0050903,0,7.5386,4.3759,-0.0022908,17.664
0.59081,0.0051444,0,6.3873,-1.1072,0.0010825,-2.8547
0.5929,0.0051155,0,6.5029,-1.1331,0.0010164,-1.2635
0.40163,0.0095109,0,9.427,3.4261,-0.0011499,6.3332
0.4091,0.010194,0,11.116,3.4141,-0.0064492,-13.092
0.41017,0.012097,0,11.27,3.06,-0.0042789,-12.44
0.44265,0.015247,0,12.178,0.8789,-0.0010531,-23.842
0.45727,0.015202,0,11.526,0.32776,0.0014121,-23.392
0.47397,0.01523,0,10.968,-0.080115,0.0019197,-21.746
0.47606,0.015205,0,10.902,-0.12029,0.0019553,-21.51
0.49066,0.015318,0,10.915,-0.35735,0.0014928,-19.608
0.49275,0.01528,0,10.886,-0.3843,0.0014742,-19.339
0.499,0.015199,0,10.852,-0.46724,0.0013394,-18.462
0.52715,0.014627,0,10.801,-0.74759,0.00058615,-14.487
0.54279,0.011491,0,8.9228,-0.77192,0.0016809,-12.347
0.4437,0.017143,0,12.432,0.86032,-0.0026983,-22.919
0.45205,0.01709,0,12.35,0.54778,-0.0020539,-22.916
0.48962,0.017158,0,11.859,-0.33061,-0.00068279,-19.466
0.43118,-0.014635,0,11.982,-1.0392,-0.0011312,-17.23
0.49902,-0.01144,0,9.4414,0.59879,0.0014305,-9.8906
0.51466,-0.012124,0,10.268,0.73521,0.00060623,-7.3806
0.54801,-0.0096195,0,9.4917,0.83004,0.00044269,-1.8407
0.55113,-0.0064372,0,7.2127,0.70931,0.00080908,-1.3
0.56468,-0.007107,0,8.389,0.77628,0.00045114,1.4646
0.55738,0.010245,0,8.6507,-0.84889,0.0015395,-10.261
0.55946,0.010212,0,8.7504,-0.8644,0.0014752,-9.8373
0.57718,0.009572,0,9.2067,-1.0272,0.0010611,-7.1182
0.58136,0.0095754,0,9.3805,-1.102,0.00093008,-6.3381
0.41858,0.014627,0,11.978,2.268,-0.0033876,-18.415
0.44056,0.015208,0,12.22,0.97217,-0.001418,-23.738
0.44892,0.015176,0,11.901,0.6101,0.00044119,-23.983
0.45101,0.015102,0,11.749,0.53934,0.00093741,-23.703
0.45936,0.01523,0,11.455,0.26687,0.0015118,-23.209
0.48231,0.015108,0,10.719,-0.23118,0.0020418,-20.764
0.4844,0.015131,0,10.731,-0.26997,0.0019607,-20.424
0.53132,0.014637,0,10.866,-0.78365,0.00045047,-13.925
0.5407,0.011427,0,8.7037,-0.74874,0.0018029,-12.647
0.53549,0.014632,0,10.912,-0.81416,0.00028017,-13.26
0.55634,0.01212,0,10.013,-0.92085,0.00082872,-10.266
0.44787,0.017127,0,12.404,0.69578,-0.0024043,-23.036
0.48127,0.017091,0,11.915,-0.19239,-0.00068447,-20.479
0.57302,-0.0070765,0,8.5361,0.73396,0.0002725,3.3657
0.60107,-0.00055594,0,3.7484,0.22317,0.00086348,5.3878
0.60208,0.0037352,0,5.729,-0.79644,0.00080833,4.6964
0.43533,0.017132,0,12.418,1.2282,-0.002805,-22.223
0.49379,0.017143,0,11.817,-0.3914,-0.00064856,-18.892
0.49796,0.017128,0,11.78,-0.44831,-0.00063173,-18.339
0.41019,-0.012102,0,11.114,-2.5817,-0.0017238,-8.9911
0.51883,-0.012123,0,10.312,0.76148,0.00048696,-6.7589
0.523,-0.012122,0,10.345,0.78048,0.00037262,-6.0283
0.51153,-0.010225,0,8.6689,0.6529,0.0013953,-8.0484
0.56885,-0.0070802,0,8.4684,0.76328,0.00036381,2.4055
0.57614,-0.0039386,0,6.3556,0.62634,0.00044999,4.389
0.57823,-0.0039629,0,6.4646,0.61786,0.00042065,4.9206
0.57613,0.0076358,0,7.5795,-0.88056,0.0015633,-7.4083
0.57822,0.0076835,0,7.8249,-0.92393,0.0015038,-7.1228
0.58662,0.0064431,0,7.3655,-1.0965,0.0013229,-5.0549
0.43952,0.017129,0,12.438,1.0351,-0.0028401,-22.695
0.5063,0.017133,0,11.729,-0.55036,-0.0006488,-17.216
0.42177,-0.011432,0,11.684,-1.6502,0.00041541,-18.089
0.47816,-0.012685,0,10.283,0.38895,0.0015725,-13.141
0.40912,-0.0089855,0,10.97,-3.0864,-0.0010869,-11.41
0.51361,-0.010179,0,8.7355,0.67281,0.0013407,-7.6257
0.52612,-0.0089648,0,8.1537,0.69916,0.0012155,-5.6704
0.52821,-0.0089722,0,8.3004,0.71687,0.00116,-5.2063
0.54071,-0.0077278,0,7.8158,0.7289,0.0009513,-3.0833
0.53863,-0.0077186,0,7.6604,0.71305,0.001041,-3.6352
0.56156,-0.0052341,0,6.725,0.68556,0.00065319,0.75782
0.58444,-0.0026598,0,5.5262,0.43862,0.00046281,6.7019
0.58651,-0.0027318,0,5.6965,0.39031,0.00047673,6.9848
0.59909,0.0022287,0,3.6853,-0.77789,0.00049597,3.0304
0.40484,0.0076444,0,10.043,4.2118,-0.0040555,-5.6076
0.41122,0.010182,0,11.368,3.2098,-0.004523,-16.52
0.56572,0.0089622,0,8.0052,-0.84246,0.0015969,-8.8437
0.56363,0.0089658,0,7.8303,-0.8162,0.0016563,-9.3514
0.41963,0.012758,0,12.009,2.2742,-0.0045027,-20.929
0.4301,0.014008,0,12.182,1.5185,-0.0020249,-23.433
0.44474,0.015294,0,12.129,0.79007,-0.00072858,-23.853
0.44683,0.015294,0,12.063,0.70978,-0.00032284,-23.875
0.45519,0.015167,0,11.595,0.39161,0.0013075,-23.546
0.49483,0.015239,0,10.859,-0.4122,0.0014561,-19.073
0.49692,0.015203,0,10.84,-0.44044,0.0014257,-18.794
0.50942,0.013905,0,9.7993,-0.56049,0.0021373,-17.109
0.51152,0.014004,0,9.9938,-0.58187,0.0019092,-16.819
0.51569,0.013997,0,10.12,-0.6281,0.0016685,-16.257
0.5136,0.01404,0,10.101,-0.61311,0.0017573,-16.645
0.52403,0.012726,0,9.1166,-0.65375,0.0020522,-15.155
0.52611,0.012686,0,9.1912,-0.67722,0.0019654,-14.756
0.5282,0.012762,0,9.4019,-0.69888,0.0017963,-14.464
0.53237,0.012742,0,9.5846,-0.74235,0.0016249,-13.868
0.53029,0.012781,0,9.5293,-0.72823,0.0016669,-14.276
0.43223,-0.012746,0,11.749,-0.96194,0.00077796,-18.589
0.43433,-0.012651,0,11.624,-0.84133,0.0012877,-18.537
0.43642,-0.012667,0,11.542,-0.73599,0.0015529,-18.49
0.4385,-0.012734,0,11.478,-0.63608,0.001689,-18.391
0.47399,-0.012658,0,10.247,0.32354,0.0017352,-13.93
0.47191,-0.012714,0,10.312,0.2895,0.0017721,-14.258
0.47607,-0.012623,0,10.211,0.35832,0.0016861,-13.593
0.49485,-0.011482,0,9.3292,0.55478,0.0015621,-10.686
0.49693,-0.01141,0,9.3252,0.5755,0.001516,-10.325
0.40488,-0.0076337,0,10.03,-3.7273,-0.0027493,-3.0519
0.41337,-0.010158,0,11.415,-2.4915,-0.00053231,-15.141
0.53238,-0.0089896,0,8.5604,0.75144,0.0010312,-4.6232
0.5303,-0.0090274,0,8.489,0.73918,0.0010914,-5.0381
0.54488,-0.0077392,0,8.0858,0.75968,0.00067253,-2.4429
0.55321,-0.0064272,0,7.347,0.72291,0.00077212,-0.80016
0.56364,-0.0052234,0,6.8523,0.6944,0.00062093,1.3612
0.57405,-0.0038908,0,6.1971,0.6333,0.00047546,3.8381
0.55321,0.010193,0,8.2803,-0.79427,0.0017109,-10.781
0.5553,0.010244,0,8.5028,-0.81884,0.0016173,-10.483
0.58031,0.0077073,0,8.0227,-0.98309,0.0014369,-6.8783
0.42383,0.012718,0,11.996,1.9343,-0.0013864,-22.793
0.42173,0.01274,0,12.036,2.106,-0.0030897,-22.053
0.4322,0.013961,0,12.101,1.377,-0.00082497,-23.92
0.43429,0.013961,0,12.01,1.2602,4.5281e-05,-23.996
0.43848,0.015222,0,12.276,1.0668,-0.0019503,-23.747
0.4531,0.015126,0,11.666,0.46141,0.0011616,-23.685
0.47814,0.015174,0,10.838,-0.15739,0.0019901,-21.275
0.48023,0.015139,0,10.772,-0.19415,0.0020221,-21.007
0.48649,0.015267,0,10.874,-0.29426,0.001672,-20.137
0.48858,0.015335,0,10.936,-0.33366,0.0015327,-19.981
0.50734,0.013927,0,9.7513,-0.53265,0.0022474,-17.5
0.53862,0.011484,0,8.6211,-0.72634,0.0018842,-13.045
0.53446,-0.008953,0,8.6297,0.76047,0.00097286,-4.2183
0.45312,-0.013942,0,11.519,-0.13444,0.0010572,-16.53
0.45521,-0.013974,0,11.481,-0.086291,0.0010439,-16.229
0.4026,0.0064703,0,9.0421,4.5038,-0.0037335,3.3573
0.407,0.0088706,0,10.681,3.7981,-0.0053885,-10.426
0.42801,0.013988,0,12.202,1.6448,-0.0028685,-22.973
0.51777,0.013955,0,10.144,-0.64816,0.0015854,-15.936
0.51985,0.01397,0,10.222,-0.66526,0.0014498,-15.582
0.40701,-0.0089783,0,10.628,-3.2991,-0.0027482,-7.2762
0.40272,-0.0063175,0,9.0754,-4.123,-0.0033519,4.7387
0.59709,0.0038192,0,5.4602,-1.0147,0.00075363,1.6574
0.56781,0.0089987,0,8.2164,-0.875,0.0015254,-8.7
0.56989,0.0089557,0,8.3256,-0.89779,0.001475,-8.3109
0.57197,0.008942,0,8.4597,-0.9184,0.0014163,-7.9362
0.60102,0.0018197,0,3.327,-0.69183,0.0007275,4.8302
0.41233,-0.020801,0,11.068,-1.6749,-0.00041174,-5.7233
0.41233,-0.020801,0,11.068,-1.6749,-0.00041174,-5.7233
0.41233,-0.020801,0,11.068,-1.6749,-0.00041174,-5.7233
0.41233,-0.020801,0,11.068,-1.6749,-0.00041174,-5.7233
0.4081,-0.018301,0,10.768,-1.9402,-0.00045974,-2.8017
0.4081,-0.018301,0,10.768,-1.9402,-0.00045974,-2.8017
0.4081,-0.018301,0,10.768,-1.9402,-0.00045974,-2.8017
0.4081,-0.018301,0,10.768,-1.9402,-0.00045974,-2.8017
0.4081,-0.018301,0,10.768,-1.9402,-0.00045974,-2.8017
0.4081,-0.018301,0,10.768,-1.9402,-0.00045974,-2.8017
0.42072,-0.020823,0,11.543,-1.402,-0.00035785,-10.634
0.42072,-0.020823,0,11.543,-1.402,-0.00035785,-10.634
0.42072,-0.020823,0,11.543,-1.402,-0.00035785,-10.634
0.42072,-0.020823,0,11.543,-1.402,-0.00035785,-10.634
0.41652,-0.018337,0,11.436,-1.706,-0.00021928,-9.8386
0.41652,-0.018337,0,11.436,-1.706,-0.00021928,-9.8386
0.41652,-0.018337,0,11.436,-1.706,-0.00021928,-9.8386
0.42909,-0.020836,0,11.804,-1.0512,-0.00044521,-13.244
0.42909,-0.020836,0,11.804,-1.0512,-0.00044521,-13.244
0.42909,-0.020836,0,11.804,-1.0512,-0.00044521,-13.244
0.42909,-0.020836,0,11.804,-1.0512,-0.00044521,-13.244
0.42909,-0.020836,0,11.804,-1.0512,-0.00044521,-13.244
0.42909,-0.020836,0,11.804,-1.0512,-0.00044521,-13.244
0.4249,-0.018354,0,11.799,-1.3026,-0.00048316,-13.643
0.4249,-0.018354,0,11.799,-1.3026,-0.00048316,-13.643
0.4249,-0.018354,0,11.799,-1.3026,-0.00048316,-13.643
0.47921,-0.02084,0,11.691,0.31116,-0.00039975,-11.657
0.47782,-0.019196,0,11.695,0.3117,-0.00041365,-12.152
0.47921,-0.02084,0,11.691,0.31116,-0.00039975,-11.657
0.47921,-0.02084,0,11.691,0.31116,-0.00039975,-11.657
0.47921,-0.02084,0,11.691,0.31116,-0.00039975,-11.657
0.47921,-0.02084,0,11.691,0.31116,-0.00039975,-11.657
0.47921,-0.02084,0,11.691,0.31116,-0.00039975,-11.657
0.48755,-0.020836,0,11.595,0.42235,-0.00038858,-10.574
0.48755,-0.020836,0,11.595,0.42235,-0.00038858,-10.574
0.48755,-0.020836,0,11.595,0.42235,-0.00038858,-10.574
0.48755,-0.020836,0,11.595,0.42235,-0.00038858,-10.574
0.48338,-0.018363,0,11.624,0.40134,-0.00039942,-11.532
0.48338,-0.018363,0,11.624,0.40134,-0.00039942,-11.532
0.48338,-0.018363,0,11.624,0.40134,-0.00039942,-11.532
0.49589,-0.020831,0,11.495,0.51184,-0.0003823,-9.4416
0.49589,-0.02058,0,11.492,0.51512,-0.00038361,-9.4716
0.49589,-0.020831,0,11.495,0.51184,-0.0003823,-9.4416
0.49603,-0.020671,0,11.491,0.51528,-0.00038327,-9.4416
0.49589,-0.020831,0,11.495,0.51184,-0.0003823,-9.4416
0.49589,-0.020831,0,11.495,0.51184,-0.0003823,-9.4416
0.49172,-0.018358,0,11.52,0.50131,-0.00039222,-10.339
0.49172,-0.018358,0,11.52,0.50131,-0.00039222,-10.339
0.49172,-0.018358,0,11.52,0.50131,-0.00039222,-10.339
0.50423,-0.020825,0,11.392,0.58316,-0.00037747,-8.2778
0.50423,-0.020825,0,11.392,0.58316,-0.00037747,-8.2778
0.50423,-0.020825,0,11.392,0.58316,-0.00037747,-8.2778
0.50423,-0.020825,0,11.392,0.58316,-0.00037747,-8.2778
0.50006,-0.018353,0,11.417,0.58194,-0.00039908,-9.1263
0.50006,-0.018353,0,11.417,0.58194,-0.00039908,-9.1263
0.50006,-0.018353,0,11.417,0.58194,-0.00039908,-9.1263
0.51257,-0.020819,0,11.286,0.63871,-0.00037381,-7.0883
0.51257,-0.020819,0,11.286,0.63871,-0.00037381,-7.0883
0.51257,-0.020819,0,11.286,0.63871,-0.00037381,-7.0883
0.51257,-0.020819,0,11.286,0.63871,-0.00037381,-7.0883
0.5084,-0.018347,0,11.313,0.64596,-0.00040864,-7.8974
0.5084,-0.018347,0,11.313,0.64596,-0.00040864,-7.8974
0.5084,-0.018347,0,11.313,0.64596,-0.00040864,-7.8974
0.51674,-0.01834,0,11.201,0.69417,-0.00039224,-6.6525
0.51674,-0.01834,0,11.201,0.69417,-0.00039224,-6.6525
0.51674,-0.01834,0,11.201,0.69417,-0.00039224,-6.6525
0.51674,-0.01834,0,11.201,0.69417,-0.00039224,-6.6525
0.51674,-0.01834,0,11.201,0.69417,-0.00039224,-6.6525
0.51674,-0.01834,0,11.201,0.69417,-0.00039224,-6.6525
0.42281,-0.015871,0,11.83,-1.491,-0.0010811,-14.66
0.427,-0.015876,0,11.938,-1.2529,-0.0012925,-15.793
0.42587,-0.014629,0,11.935,-1.3409,-0.0014262,-16.424
0.4249,-0.014629,0,11.92,-1.3993,-0.0014727,-16.214
0.4249,-0.014629,0,11.92,-1.3993,-0.0014727,-16.214
0.4249,-0.014629,0,11.92,-1.3993,-0.0014727,-16.214
0.4249,-0.014629,0,11.92,-1.3993,-0.0014727,-16.214
0.43118,-0.015879,0,11.995,-1.0325,-0.0013478,-16.446
0.43537,-0.015871,0,12.011,-0.831,-0.0012502,-16.718
0.43537,-0.015871,0,12.011,-0.831,-0.0012502,-16.718
0.43537,-0.015871,0,12.011,-0.831,-0.0012502,-16.718
0.43537,-0.015871,0,12.011,-0.831,-0.0012502,-16.718
0.43327,-0.014619,0,11.977,-0.92939,-0.00096551,-17.383
0.43327,-0.014619,0,11.977,-0.92939,-0.00096551,-17.383
0.43327,-0.014619,0,11.977,-0.92939,-0.00096551,-17.383
0.43327,-0.014619,0,11.977,-0.92939,-0.00096551,-17.383
0.43327,-0.014619,0,11.977,-0.92939,-0.00096551,-17.383
0.43327,-0.014619,0,11.977,-0.92939,-0.00096551,-17.383
0.47295,-0.015874,0,11.612,0.27358,-6.9947e-05,-13.451
0.47295,-0.015874,0,11.612,0.27358,-6.9947e-05,-13.451
0.47295,-0.015874,0,11.612,0.27358,-6.9947e-05,-13.451
0.47295,-0.015874,0,11.612,0.27358,-6.9947e-05,-13.451
0.47712,-0.015869,0,11.558,0.34286,-7.383e-05,-12.838
0.47504,-0.014602,0,11.333,0.32745,0.00048264,-13.405
0.47504,-0.014602,0,11.333,0.32745,0.00048264,-13.405
0.47504,-0.014602,0,11.333,0.32745,0.00048264,-13.405
0.47504,-0.014602,0,11.333,0.32745,0.00048264,-13.405
0.47504,-0.014602,0,11.333,0.32745,0.00048264,-13.405
0.47504,-0.014602,0,11.333,0.32745,0.00048264,-13.405
0.4813,-0.015887,0,11.511,0.4046,-9.0185e-05,-12.255
0.48547,-0.01588,0,11.459,0.46158,-0.00012033,-11.614
0.48338,-0.014646,0,11.268,0.44975,0.00033579,-12.151
0.48338,-0.014646,0,11.268,0.44975,0.00033579,-12.151
0.48338,-0.014646,0,11.268,0.44975,0.00033579,-12.151
0.48338,-0.014646,0,11.268,0.44975,0.00033579,-12.151
0.48964,-0.015875,0,11.41,0.50989,-0.0001225,-10.972
0.49381,-0.015879,0,11.365,0.55574,-0.00016855,-10.362
0.49381,-0.015666,0,11.333,0.55812,-0.00010829,-10.389
0.49354,-0.014636,0,11.18,0.56672,0.00019136,-10.564
0.49172,-0.014635,0,11.194,0.54715,0.00024156,-10.835
0.49172,-0.014635,0,11.194,0.54715,0.00024156,-10.835
0.49172,-0.014635,0,11.194,0.54715,0.00024156,-10.835
0.49172,-0.014635,0,11.194,0.54715,0.00024156,-10.835
0.54592,-0.015815,0,10.743,0.79567,-0.00039059,-2.17
0.54592,-0.015815,0,10.743,0.79567,-0.00039059,-2.17
0.54592,-0.015815,0,10.743,0.79567,-0.00039059,-2.17
0.54592,-0.015815,0,10.743,0.79567,-0.00039059,-2.17
0.54592,-0.015815,0,10.743,0.79567,-0.00039059,-2.17
0.54592,-0.015815,0,10.743,0.79567,-0.00039059,-2.17
0.55425,-0.015794,0,10.63,0.78268,-0.00039974,-0.75672
0.55425,-0.015794,0,10.63,0.78268,-0.00039974,-0.75672
0.55425,-0.015794,0,10.63,0.78268,-0.00039974,-0.75672
0.55425,-0.015794,0,10.63,0.78268,-0.00039974,-0.75672
0.55009,-0.013332,0,10.519,0.8246,-0.00030289,-1.4638
0.55009,-0.013332,0,10.519,0.8246,-0.00030289,-1.4638
0.55009,-0.013332,0,10.519,0.8246,-0.00030289,-1.4638
0.56259,-0.015767,0,10.51,0.74698,-0.00040471,0.68894
0.56259,-0.015767,0,10.51,0.74698,-0.00040471,0.68894
0.56259,-0.015767,0,10.51,0.74698,-0.00040471,0.68894
0.56259,-0.015767,0,10.51,0.74698,-0.00040471,0.68894
0.55843,-0.013311,0,10.423,0.80425,-0.00034988,0.032542
0.55794,-0.013312,0,10.427,0.80633,-0.00034636,-0.05567
0.55952,-0.013307,0,10.406,0.80096,-0.00035451,0.24341
0.55843,-0.013311,0,10.423,0.80425,-0.00034988,0.032542
0.55843,-0.013311,0,10.423,0.80425,-0.00034988,0.032542
0.56676,-0.013281,0,10.295,0.75589,-0.00036025,1.5813
0.56762,-0.013278,0,10.283,0.74835,-0.00036319,1.7442
0.56676,-0.013281,0,10.295,0.75589,-0.00036025,1.5813
0.56676,-0.013281,0,10.295,0.75589,-0.00036025,1.5813
0.56676,-0.013281,0,10.295,0.75589,-0.00036025,1.5813
0.56676,-0.013281,0,10.295,0.75589,-0.00036025,1.5813
0.56676,-0.013281,0,10.295,0.75589,-0.00036025,1.5813
0.40808,-0.0121,0,10.82,-2.684,-0.0013913,-5.8364
0.40808,-0.0121,0,10.82,-2.684,-0.0013913,-5.8364
0.40808,-0.0121,0,10.82,-2.684,-0.0013913,-5.8364
0.40808,-0.0121,0,10.82,-2.684,-0.0013913,-5.8364
0.50006,-0.011485,0,9.5358,0.60736,0.0013798,-9.7855
0.50043,-0.011498,0,9.5608,0.61328,0.0013636,-9.7708
0.51674,-0.012132,0,10.297,0.748,0.00054213,-7.08
0.51674,-0.012132,0,10.297,0.748,0.00054213,-7.08
0.51674,-0.012132,0,10.297,0.748,0.00054213,-7.08
0.51674,-0.012132,0,10.297,0.748,0.00054213,-7.08
0.5157,-0.010634,0,9.2536,0.704,0.0011381,-7.2872
0.5157,-0.010876,0,9.4552,0.71271,0.0010656,-7.2799
0.5157,-0.010876,0,9.4552,0.71271,0.0010656,-7.2799
0.51674,-0.010274,0,9.0084,0.70541,0.0012146,-7.2639
0.51584,-0.010255,0,8.9447,0.6923,0.0012476,-7.294
0.52508,-0.012127,0,10.361,0.79024,0.00031711,-5.7143
0.52474,-0.012126,0,10.359,0.78862,0.00032631,-5.7663
0.52508,-0.012127,0,10.361,0.79024,0.00031711,-5.7143
0.52494,-0.011962,0,10.275,0.78763,0.00037943,-5.7482
0.52508,-0.012127,0,10.361,0.79024,0.00031711,-5.7143
0.52508,-0.012127,0,10.361,0.79024,0.00031711,-5.7143
0.53967,-0.01087,0,9.9689,0.82818,0.00031087,-3.3108
0.53967,-0.01087,0,9.9689,0.82818,0.00031087,-3.3108
0.53967,-0.011664,0,10.235,0.83049,0.0001092,-3.2918
0.53967,-0.01087,0,9.9689,0.82818,0.00031087,-3.3108
0.53967,-0.01087,0,9.9689,0.82818,0.00031087,-3.3108
0.54384,-0.01087,0,10.003,0.83756,0.00020546,-2.5866
0.54176,-0.0096285,0,9.3659,0.81585,0.00057558,-2.9729
0.54206,-0.0096286,0,9.3729,0.81687,0.00056635,-2.9227
0.54176,-0.0096285,0,9.3659,0.81585,0.00057558,-2.9729
0.54176,-0.0096285,0,9.3659,0.81585,0.00057558,-2.9729
0.54176,-0.0096285,0,9.3659,0.81585,0.00057558,-2.9729
0.54176,-0.0096285,0,9.3659,0.81585,0.00057558,-2.9729
0.54176,-0.0096285,0,9.3659,0.81585,0.00057558,-2.9729
0.54801,-0.010862,0,10.021,0.84092,0.00012442,-1.8352
0.55009,-0.009616,0,9.5243,0.83246,0.00037794,-1.4706
0.55009,-0.009616,0,9.5243,0.83246,0.00037794,-1.4706
0.55009,-0.009616,0,9.5243,0.83246,0.00037794,-1.4706
0.55009,-0.009616,0,9.5243,0.83246,0.00037794,-1.4706
0.58754,-0.010692,0,9.7338,0.46646,-0.0003301,5.2781
0.58754,-0.010692,0,9.7338,0.46646,-0.0003301,5.2781
0.58754,-0.010692,0,9.7338,0.46646,-0.0003301,5.2781
0.58754,-0.010692,0,9.7338,0.46646,-0.0003301,5.2781
0.58754,-0.010692,0,9.7338,0.46646,-0.0003301,5.2781
0.58754,-0.010692,0,9.7338,0.46646,-0.0003301,5.2781
0.59461,-0.0091367,0,9.355,0.30956,-0.00022431,5.6611
0.59584,-0.010573,0,9.7425,0.29785,-0.0003559,5.2643
0.59584,-0.010573,0,9.7425,0.29785,-0.0003559,5.2643
0.59584,-0.010573,0,9.7425,0.29785,-0.0003559,5.2643
0.59584,-0.010573,0,9.7425,0.29785,-0.0003559,5.2643
0.59168,-0.0081875,0,9.1084,0.36403,-0.00014427,5.9691
0.59168,-0.0081875,0,9.1084,0.36403,-0.00014427,5.9691
0.59168,-0.0081875,0,9.1084,0.36403,-0.00014427,5.9691
0.60417,-0.0099996,0,9.6648,0.18394,-0.00033122,5.1464
0.60417,-0.0099996,0,9.6648,0.18394,-0.00033122,5.1464
0.60417,-0.0099996,0,9.6648,0.18394,-0.00033122,5.1464
0.60417,-0.0099996,0,9.6648,0.18394,-0.00033122,5.1464
0.60417,-0.0099996,0,9.6648,0.18394,-0.00033122,5.1464
0.60417,-0.0099996,0,9.6648,0.18394,-0.00033122,5.1464
0.6,-0.0074992,0,8.9708,0.22427,-9.7681e-05,5.4178
0.5991,-0.0076488,0,9.0168,0.2366,-0.00011172,5.4136
0.6,-0.0074992,0,8.9708,0.22427,-9.7681e-05,5.4178
0.60833,-0.0074988,0,8.968,0.13479,-6.8291e-05,5.035
0.60833,-0.0074988,0,8.968,0.13479,-6.8291e-05,5.035
0.60833,-0.0074988,0,8.968,0.13479,-6.8291e-05,5.035
0.60833,-0.0074988,0,8.968,0.13479,-6.8291e-05,5.035
0.60833,-0.0074988,0,8.968,0.13479,-6.8291e-05,5.035
0.60833,-0.0074988,0,8.968,0.13479,-6.8291e-05,5.035
0.40055,-0.0056387,0,7.9572,-3.8406,-0.0052029,16.992
0.39947,-0.0049475,0,7.3382,-3.5908,-0.0053191,23.129
0.39947,-0.0049475,0,7.3382,-3.5908,-0.0053191,23.129
0.56677,-0.0070954,0,8.4335,0.77215,0.00040738,1.9075
0.56677,-0.0070954,0,8.4335,0.77215,0.00040738,1.9075
0.56677,-0.0070954,0,8.4335,0.77215,0.00040738,1.9075
0.56677,-0.0070954,0,8.4335,0.77215,0.00040738,1.9075
0.57429,-0.0070748,0,8.5497,0.72137,0.00024595,3.6664
0.5751,-0.0070737,0,8.5583,0.71337,0.00022909,3.8575
0.5751,-0.0070737,0,8.5583,0.71337,0.00022909,3.8575
0.58548,-0.0057957,0,7.9322,0.49663,0.00019736,6.2497
0.58961,-0.0057717,0,7.9872,0.38512,0.00015986,6.4969
0.59375,-0.0057155,0,8.0425,0.2808,0.00023627,6.3609
0.59168,-0.0045327,0,7.2669,0.30189,0.000699,6.7131
0.59168,-0.0045327,0,7.2669,0.30189,0.000699,6.7131
0.59794,-0.0053465,0,7.9421,0.21258,0.00025837,5.6093
0.59793,-0.0049316,0,7.6934,0.19645,0.00032471,5.631
0.59794,-0.0053465,0,7.9421,0.21258,0.00025837,5.6093
0.59794,-0.0053465,0,7.9421,0.21258,0.00025837,5.6093
0.59794,-0.0053465,0,7.9421,0.21258,0.00025837,5.6093
0.59911,-0.0040255,0,7.1535,0.16216,0.00056498,5.4605
0.6,-0.0037459,0,7.075,0.17174,0.00059933,5.5978
0.6,-0.0037459,0,7.075,0.17174,0.00059933,5.5978
0.6,-0.0037459,0,7.075,0.17174,0.00059933,5.5978
0.6,-0.0037459,0,7.075,0.17174,0.00059933,5.5978
0.39938,0.0050234,0,7.298,3.8947,-0.0049799,22.39
0.39938,0.0050234,0,7.298,3.8947,-0.0049799,22.39
0.40045,0.0057403,0,7.9248,4.1757,-0.0066119,15.998
0.59185,0.0051209,0,6.4365,-1.1256,0.0010484,-2.0278
0.59081,0.0057697,0,7.0056,-1.1558,0.0011416,-2.8092
0.59355,0.0065206,0,7.6735,-1.1811,0.00098055,-0.95038
0.5929,0.0057432,0,7.0327,-1.1634,0.0010483,-1.3057
0.5929,0.0057432,0,7.0327,-1.1634,0.0010483,-1.3057
0.60208,0.0049921,0,6.8573,-0.87874,0.00080989,4.1796
0.60208,0.0049921,0,6.8573,-0.87874,0.00080989,4.1796
0.60833,0.0074997,0,8.609,-0.74526,0.00025358,4.2148
0.60833,0.0074997,0,8.609,-0.74526,0.00025358,4.2148
0.60833,0.0074997,0,8.609,-0.74526,0.00025358,4.2148
0.60833,0.0074997,0,8.609,-0.74526,0.00025358,4.2148
0.60833,0.0074997,0,8.609,-0.74526,0.00025358,4.2148
0.60833,0.0074997,0,8.609,-0.74526,0.00025358,4.2148
0.3995,0.0094837,0,8.9854,3.0313,0.0011603,11.996
0.3995,0.0094837,0,8.9854,3.0313,0.0011603,11.996
0.40167,0.010776,0,9.6249,3.1703,0.00085198,5.411
0.40167,0.010776,0,9.6249,3.1703,0.00085198,5.411
0.40805,0.012089,0,10.953,3.1587,-0.0027026,-8.8835
0.40805,0.012089,0,10.953,3.1587,-0.0027026,-8.8835
0.40805,0.012089,0,10.953,3.1587,-0.0027026,-8.8835
0.40805,0.012089,0,10.953,3.1587,-0.0027026,-8.8835
0.40806,0.010193,0,10.976,3.4824,-0.006511,-11.442
0.40806,0.010193,0,10.976,3.4824,-0.006511,-11.442
0.4091,0.010831,0,11.127,3.327,-0.006294,-12.286
0.4091,0.010831,0,11.127,3.327,-0.006294,-12.286
0.41648,0.0115,0,11.787,2.5865,-0.0033151,-20.333
0.54174,0.01145,0,8.8045,-0.7599,0.0017448,-12.432
0.5413,0.01144,0,8.7616,-0.75514,0.0017696,-12.524
0.55843,0.012115,0,10.071,-0.93772,0.00075511,-9.9532
0.55843,0.012115,0,10.071,-0.93772,0.00075511,-9.9532
0.55843,0.012115,0,10.071,-0.93772,0.00075511,-9.9532
0.55843,0.012115,0,10.071,-0.93772,0.00075511,-9.9532
0.55842,0.010225,0,8.6971,-0.85645,0.0015082,-10.037
0.55738,0.010873,0,9.1553,-0.88149,0.001336,-10.233
0.55738,0.010873,0,9.1553,-0.88149,0.001336,-10.233
0.55947,0.010854,0,9.2422,-0.89642,0.001266,-9.8267
0.55947,0.010854,0,9.2422,-0.89642,0.001266,-9.8267
0.57718,0.01082,0,9.9107,-1.0678,0.00064712,-6.9839
0.57718,0.01082,0,9.9107,-1.0678,0.00064712,-6.9839
0.58345,0.013263,0,10.67,-1.1467,-0.00017716,-5.2447
0.58345,0.013263,0,10.67,-1.1467,-0.00017716,-5.2447
0.58345,0.013263,0,10.67,-1.1467,-0.00017716,-5.2447
0.58346,0.0095645,0,9.4369,-1.143,0.00086283,-5.7635
0.58346,0.0095645,0,9.4369,-1.143,0.00086283,-5.7635
0.58346,0.0095645,0,9.4369,-1.143,0.00086283,-5.7635
0.58346,0.0095645,0,9.4369,-1.143,0.00086283,-5.7635
0.58136,0.01081,0,9.9939,-1.1293,0.0005349,-6.1378
0.59183,0.013199,0,10.484,-1.1525,-0.00023929,-2.1915
0.59183,0.013199,0,10.484,-1.1525,-0.00023929,-2.1915
0.59183,0.013199,0,10.484,-1.1525,-0.00023929,-2.1915
0.59183,0.013199,0,10.484,-1.1525,-0.00023929,-2.1915
0.60417,0.0099996,0,9.5736,-0.91242,9.4359e-05,2.8089
0.60417,0.0099996,0,9.5736,-0.91242,9.4359e-05,2.8089
0.60364,0.0093811,0,9.2938,-0.92894,0.00022032,2.9295
0.60417,0.0099996,0,9.5736,-0.91242,9.4359e-05,2.8089
0.60417,0.0099996,0,9.5736,-0.91242,9.4359e-05,2.8089
0.60417,0.0099996,0,9.5736,-0.91242,9.4359e-05,2.8089
0.60417,0.0099996,0,9.5736,-0.91242,9.4359e-05,2.8089
0.40807,0.018298,0,10.955,2.3392,0.0007476,-5.7293
0.40972,0.018309,0,11.116,2.3193,0.00084165,-7.5233
0.40807,0.018298,0,10.955,2.3392,0.0007476,-5.7293
0.40905,0.017149,0,11.075,2.461,0.0009531,-7.4992
0.40807,0.018298,0,10.955,2.3392,0.0007476,-5.7293
0.40807,0.018298,0,10.955,2.3392,0.0007476,-5.7293
0.40807,0.018298,0,10.955,2.3392,0.0007476,-5.7293
0.40807,0.018298,0,10.955,2.3392,0.0007476,-5.7293
0.41649,0.01834,0,11.708,2.1279,0.001062,-13.935
0.41649,0.01834,0,11.708,2.1279,0.001062,-13.935
0.41649,0.01834,0,11.708,2.1279,0.001062,-13.935
0.41648,0.014622,0,11.841,2.4039,-0.0025684,-16.881
0.41648,0.014622,0,11.841,2.4039,-0.0025684,-16.881
0.41648,0.014622,0,11.841,2.4039,-0.0025684,-16.881
0.41648,0.014622,0,11.841,2.4039,-0.0025684,-16.881
0.41858,0.015868,0,11.941,2.1919,-0.0011672,-17.324
0.42277,0.015873,0,12.152,1.9417,-0.0025692,-19.646
0.42277,0.01572,0,12.154,1.9476,-0.0027772,-19.775
0.42277,0.015873,0,12.152,1.9417,-0.0025692,-19.646
0.42277,0.015873,0,12.152,1.9417,-0.0025692,-19.646
0.42277,0.015873,0,12.152,1.9417,-0.0025692,-19.646
0.43324,0.017129,0,12.396,1.3293,-0.0026739,-21.895
0.43324,0.017129,0,12.396,1.3293,-0.0026739,-21.895
0.43324,0.017129,0,12.396,1.3293,-0.0026739,-21.895
0.43324,0.017129,0,12.396,1.3293,-0.0026739,-21.895
0.44161,0.017134,0,12.437,0.94619,-0.0027855,-22.819
0.44153,0.017043,0,12.43,0.94881,-0.0027563,-22.863
0.44161,0.017134,0,12.437,0.94619,-0.0027855,-22.819
0.44122,0.017133,0,12.437,0.96244,-0.0027955,-22.796
0.44161,0.017134,0,12.437,0.94619,-0.0027855,-22.819
0.44161,0.017134,0,12.437,0.94619,-0.0027855,-22.819
0.44161,0.015224,0,12.199,0.92564,-0.0012261,-23.798
0.44156,0.015223,0,12.2,0.92796,-0.0012357,-23.795
0.44056,0.01586,0,12.335,0.98277,-0.0023778,-23.441
0.44056,0.01586,0,12.335,0.98277,-0.0023778,-23.441
0.44265,0.015884,0,12.31,0.89202,-0.0020688,-23.541
0.44265,0.015884,0,12.31,0.89202,-0.0020688,-23.541
0.44997,0.017099,0,12.377,0.61853,-0.0022161,-23.002
0.45186,0.017091,0,12.353,0.55434,-0.0020689,-22.924
0.44997,0.017099,0,12.377,0.61853,-0.0022161,-23.002
0.44997,0.017099,0,12.377,0.61853,-0.0022161,-23.002
0.44997,0.017099,0,12.377,0.61853,-0.0022161,-23.002
0.44997,0.015123,0,11.812,0.57445,0.00074601,-23.776
0.44892,0.015828,0,12.156,0.63041,-0.0008717,-23.681
0.44892,0.015828,0,12.156,0.63041,-0.0008717,-23.681
0.45198,0.016992,0,12.329,0.5486,-0.0019346,-22.957
0.45101,0.015776,0,12.065,0.55872,-0.00045765,-23.467
0.45101,0.015776,0,12.065,0.55872,-0.00045765,-23.467
0.45832,0.015218,0,11.49,0.29695,0.001463,-23.297
0.45884,0.015224,0,11.473,0.28199,0.0014872,-23.254
0.45727,0.015845,0,11.944,0.35229,-6.6217e-05,-23.167
0.45936,0.015867,0,11.891,0.28971,7.9644e-05,-23
0.47501,0.015218,0,10.935,-0.10062,0.0019378,-21.63
0.47397,0.015866,0,11.517,-0.067717,0.00075663,-21.598
0.47606,0.015847,0,11.466,-0.10989,0.00082205,-21.369
0.48336,0.017093,0,11.892,-0.22886,-0.00066139,-20.204
0.48336,0.017093,0,11.892,-0.22886,-0.00066139,-20.204
0.48336,0.017093,0,11.892,-0.22886,-0.00066139,-20.204
0.48336,0.017093,0,11.892,-0.22886,-0.00066139,-20.204
0.48336,0.015107,0,10.71,-0.24951,0.0020257,-20.611
0.48309,0.015107,0,10.712,-0.24476,0.0020299,-20.651
0.48338,0.015108,0,10.711,-0.24997,0.0020242,-20.607
0.48231,0.015777,0,11.259,-0.22628,0.0010809,-20.637
0.48231,0.015777,0,11.259,-0.22628,0.0010809,-20.637
0.4844,0.015799,0,11.255,-0.26234,0.0010152,-20.31
0.4844,0.015799,0,11.255,-0.26234,0.0010152,-20.31
0.49171,0.017153,0,11.838,-0.36153,-0.00066439,-19.172
0.49171,0.017153,0,11.838,-0.36153,-0.00066439,-19.172
0.49171,0.017153,0,11.838,-0.36153,-0.00066439,-19.172
0.49171,0.017153,0,11.838,-0.36153,-0.00066439,-19.172
0.49171,0.0153,0,10.9,-0.37039,0.001482,-19.473
0.49066,0.015929,0,11.322,-0.35532,0.00070557,-19.531
0.49066,0.015929,0,11.322,-0.35532,0.00070557,-19.531
0.49275,0.015905,0,11.297,-0.38403,0.00069485,-19.247
0.49275,0.015905,0,11.297,-0.38403,0.00069485,-19.247
0.50005,0.017131,0,11.768,-0.47386,-0.0006418,-18.051
0.50211,0.01714,0,11.759,-0.49981,-0.00065249,-17.797
0.50005,0.017131,0,11.768,-0.47386,-0.0006418,-18.051
0.50005,0.017131,0,11.768,-0.47386,-0.0006418,-18.051
0.50005,0.017131,0,11.768,-0.47386,-0.0006418,-18.051
0.50004,0.015214,0,10.88,-0.47561,0.0012605,-18.286
0.499,0.015854,0,11.258,-0.46809,0.00059923,-18.387
0.499,0.015854,0,11.258,-0.46809,0.00059923,-18.387
0.50839,0.017127,0,11.714,-0.57209,-0.0006514,-16.911
0.50664,0.017132,0,11.726,-0.5539,-0.00064922,-17.167
0.50839,0.017127,0,11.714,-0.57209,-0.0006514,-16.911
0.50839,0.017127,0,11.714,-0.57209,-0.0006514,-16.911
0.50839,0.017127,0,11.714,-0.57209,-0.0006514,-16.911
0.52715,0.015876,0,11.33,-0.75255,-0.00019592,-14.379
0.52715,0.015876,0,11.33,-0.75255,-0.00019592,-14.379
0.53341,0.018352,0,11.666,-0.78328,-0.00072032,-13.251
0.53341,0.018352,0,11.666,-0.78328,-0.00072032,-13.251
0.53341,0.018352,0,11.666,-0.78328,-0.00072032,-13.251
0.53293,0.01405,0,10.514,-0.78296,0.00080885,-13.698
0.53341,0.014632,0,10.888,-0.79868,0.00037686,-13.574
0.53341,0.014632,0,10.888,-0.79868,0.00037686,-13.574
0.53341,0.014632,0,10.888,-0.79868,0.00037686,-13.574
0.53341,0.014632,0,10.888,-0.79868,0.00037686,-13.574
0.53132,0.015879,0,11.332,-0.78743,-0.00025929,-13.8
0.53549,0.015873,0,11.327,-0.817,-0.00032791,-13.159
0.54175,0.018339,0,11.583,-0.83853,-0.00066336,-12.029
0.54175,0.018339,0,11.583,-0.83853,-0.00066336,-12.029
0.54175,0.018339,0,11.583,-0.83853,-0.00066336,-12.029
0.55008,0.018322,0,11.495,-0.88742,-0.00061591,-10.787
0.55008,0.018322,0,11.495,-0.88742,-0.00061591,-10.787
0.55008,0.018322,0,11.495,-0.88742,-0.00061591,-10.787
0.55842,0.018302,0,11.391,-0.9301,-0.00054372,-9.5052
0.55842,0.018302,0,11.391,-0.9301,-0.00054372,-9.5052
0.55842,0.018302,0,11.391,-0.9301,-0.00054372,-9.5052
0.55842,0.018302,0,11.391,-0.9301,-0.00054372,-9.5052
0.55842,0.018302,0,11.391,-0.9301,-0.00054372,-9.5052
0.55842,0.018302,0,11.391,-0.9301,-0.00054372,-9.5052
0.57926,0.015756,0,10.993,-1.0746,-0.00043714,-6.0278
0.57926,0.015756,0,10.993,-1.0746,-0.00043714,-6.0278
0.57926,0.015756,0,10.993,-1.0746,-0.00043714,-6.0278
0.57926,0.015756,0,10.993,-1.0746,-0.00043714,-6.0278
0.57926,0.015756,0,10.993,-1.0746,-0.00043714,-6.0278
0.57926,0.015756,0,10.993,-1.0746,-0.00043714,-6.0278
0.58763,0.015706,0,10.823,-1.104,-0.00042943,-3.76
0.58763,0.015706,0,10.823,-1.104,-0.00042943,-3.76
0.58763,0.015706,0,10.823,-1.104,-0.00042943,-3.76
0.58763,0.015706,0,10.823,-1.104,-0.00042943,-3.76
0.4123,0.020802,0,11.315,2.0652,0.00050819,-9.1461
0.4123,0.020802,0,11.315,2.0652,0.00050819,-9.1461
0.4123,0.020802,0,11.315,2.0652,0.00050819,-9.1461
0.4123,0.020802,0,11.315,2.0652,0.00050819,-9.1461
0.42069,0.022849,0,11.799,1.6975,0.00044272,-14.037
0.42122,0.020829,0,11.9,1.7879,0.00081092,-15.398
0.42069,0.020828,0,11.872,1.8093,0.00079307,-15.109
0.42069,0.020828,0,11.872,1.8093,0.00079307,-15.109
0.42069,0.020828,0,11.872,1.8093,0.00079307,-15.109
0.42069,0.020828,0,11.872,1.8093,0.00079307,-15.109
0.45832,0.02334,0,12.428,0.38056,8.2693e-05,-20.424
0.45832,0.02334,0,12.428,0.38056,8.2693e-05,-20.424
0.45832,0.02334,0,12.428,0.38056,8.2693e-05,-20.424
0.46667,0.023342,0,12.406,0.17088,-9.6656e-05,-20.136
0.46667,0.023342,0,12.406,0.17088,-9.6656e-05,-20.136
0.46667,0.023342,0,12.406,0.17088,-9.6656e-05,-20.136
0.47501,0.023341,0,12.359,-0.0096114,-0.00023241,-19.589
0.47501,0.023341,0,12.359,-0.0096114,-0.00023241,-19.589
0.47501,0.023341,0,12.359,-0.0096114,-0.00023241,-19.589
0.52924,0.020834,0,11.8,-0.72368,-0.00057126,-13.602
0.52924,0.020834,0,11.8,-0.72368,-0.00057126,-13.602
0.5282,0.019608,0,11.76,-0.73078,-0.00067716,-13.876
0.52924,0.020834,0,11.8,-0.72368,-0.00057126,-13.602
0.52924,0.020834,0,11.8,-0.72368,-0.00057126,-13.602
0.52924,0.020834,0,11.8,-0.72368,-0.00057126,-13.602
0.52924,0.020834,0,11.8,-0.72368,-0.00057126,-13.602
0.53757,0.020821,0,11.705,-0.78234,-0.00052989,-12.424
0.53757,0.020821,0,11.705,-0.78234,-0.00052989,-12.424
0.53833,0.019918,0,11.667,-0.79852,-0.00058485,-12.396
0.53757,0.020821,0,11.705,-0.78234,-0.00052989,-12.424
0.53757,0.020821,0,11.705,-0.78234,-0.00052989,-12.424
0.54591,0.020805,0,11.607,-0.83288,-0.00049388,-11.218
0.54591,0.020805,0,11.607,-0.83288,-0.00049388,-11.218
0.54508,0.019815,0,11.587,-0.84072,-0.00055851,-11.423
0.54591,0.020805,0,11.607,-0.83288,-0.00049388,-11.218
0.54591,0.020805,0,11.607,-0.83288,-0.00049388,-11.218
0.55425,0.020786,0,11.504,-0.87675,-0.00045857,-9.9732
0.55425,0.020786,0,11.504,-0.87675,-0.00045857,-9.9732
0.55425,0.020786,0,11.504,-0.87675,-0.00045857,-9.9732
0.55425,0.020786,0,11.504,-0.87675,-0.00045857,-9.9732
0.46249,0.025816,0,12.374,0.27874,0.00016757,-19.556
0.46249,0.025816,0,12.374,0.27874,0.00016757,-19.556
0.46249,0.025816,0,12.374,0.27874,0.00016757,-19.556
0.46249,0.025816,0,12.374,0.27874,0.00016757,-19.556
0.47084,0.025816,0,12.349,0.090954,8.1696e-05,-19.234
0.47084,0.025816,0,12.349,0.090954,8.1696e-05,-19.234
0.47084,0.025816,0,12.349,0.090954,8.1696e-05,-19.234
0.47084,0.025816,0,12.349,0.090954,8.1696e-05,-19.234
0.42071,-0.014621,0,11.798,-1.6654,-0.0014354,-14.844
0.42071,-0.014621,0,11.798,-1.6654,-0.0014354,-14.844
0.42909,-0.014634,0,11.974,-1.1543,-0.0012573,-16.988
0.42909,-0.014634,0,11.974,-1.1543,-0.0012573,-16.988
0.42909,-0.014634,0,11.974,-1.1543,-0.0012573,-16.988
0.42909,-0.014634,0,11.974,-1.1543,-0.0012573,-16.988
0.4249,-0.012738,0,11.875,-1.4218,-0.00069577,-17.744
0.42674,-0.014327,0,11.945,-1.2911,-0.0012837,-16.859
0.42595,-0.013368,0,11.916,-1.3469,-0.0010012,-17.474
0.42595,-0.013368,0,11.916,-1.3469,-0.0010012,-17.474
0.43328,-0.012691,0,11.684,-0.89469,0.0010552,-18.652
0.43223,-0.013372,0,11.872,-0.97339,4.2006e-06,-18.186
0.43223,-0.013372,0,11.872,-0.97339,4.2006e-06,-18.186
0.43432,-0.013315,0,11.809,-0.85703,0.00041375,-18.201
0.43432,-0.013315,0,11.809,-0.85703,0.00041375,-18.201
0.47921,-0.014631,0,11.302,0.38941,0.00040288,-12.755
0.4783,-0.01462,0,11.307,0.3762,0.00042376,-12.889
0.47921,-0.014631,0,11.302,0.38941,0.00040288,-12.755
0.47921,-0.014631,0,11.302,0.38941,0.00040288,-12.755
0.47921,-0.014631,0,11.302,0.38941,0.00040288,-12.755
0.47503,-0.012635,0,10.222,0.34104,0.0017156,-13.773
0.47399,-0.013313,0,10.749,0.32265,0.0013356,-13.821
0.47399,-0.013313,0,10.749,0.32265,0.0013356,-13.821
0.47608,-0.013292,0,10.717,0.3576,0.0012913,-13.48
0.47608,-0.013292,0,10.717,0.3576,0.0012913,-13.48
0.48755,-0.014623,0,11.222,0.50127,0.00029345,-11.464
0.48755,-0.014623,0,11.222,0.50127,0.00029345,-11.464
0.48755,-0.014623,0,11.222,0.50127,0.00029345,-11.464
0.48755,-0.014623,0,11.222,0.50127,0.00029345,-11.464
0.48338,-0.012776,0,10.395,0.45795,0.0013881,-12.398
0.48442,-0.013388,0,10.765,0.47063,0.0008367,-12.155
0.48442,-0.013388,0,10.765,0.47063,0.0008367,-12.155
0.49589,-0.014631,0,11.159,0.58954,0.00014,-10.178
0.49589,-0.014631,0,11.159,0.58954,0.00014,-10.178
0.49589,-0.014631,0,11.159,0.58954,0.00014,-10.178
0.49589,-0.014631,0,11.159,0.58954,0.00014,-10.178
0.51466,-0.013377,0,10.757,0.73683,0.00016411,-7.3056
0.51466,-0.013377,0,10.757,0.73683,0.00016411,-7.3056
0.51883,-0.013373,0,10.747,0.7617,7.7383e-05,-6.6683
0.41336,-0.010809,0,11.452,-2.4564,-0.0013891,-14.339
0.41336,-0.010809,0,11.452,-2.4564,-0.0013891,-14.339
0.41231,-0.010175,0,11.356,-2.607,-0.001138,-14.04
0.40891,-0.0089856,0,10.939,-3.1083,-0.0012648,-11.029
0.40806,-0.0089858,0,10.815,-3.197,-0.0019843,-9.4849
0.42072,-0.011427,0,11.7,-1.7364,9.3496e-05,-17.868
0.49589,-0.011441,0,9.3206,0.56408,0.0015461,-10.521
0.51153,-0.010863,0,9.3465,0.69093,0.0012145,-8.0532
0.51361,-0.010837,0,9.331,0.70144,0.0011571,-7.5938
0.51361,-0.010342,0,8.8823,0.67987,0.0012954,-7.6178
0.51361,-0.010837,0,9.331,0.70144,0.0011571,-7.5938
0.51257,-0.01019,0,8.6878,0.65976,0.001372,-7.8402
0.51353,-0.01018,0,8.7318,0.6718,0.0013431,-7.6424
0.52091,-0.012115,0,10.326,0.77091,0.00043064,-6.37
0.52091,-0.012115,0,10.326,0.77091,0.00043064,-6.37
0.52091,-0.012115,0,10.326,0.77091,0.00043064,-6.37
0.52091,-0.012115,0,10.326,0.77091,0.00043064,-6.37
0.53342,-0.0089655,0,8.5898,0.75519,0.0010024,-4.4157
0.54593,-0.0096223,0,9.4542,0.82697,0.00046129,-2.2277
0.54593,-0.0096223,0,9.4542,0.82697,0.00046129,-2.2277
0.54593,-0.0096223,0,9.4542,0.82697,0.00046129,-2.2277
0.54593,-0.0096223,0,9.4542,0.82697,0.00046129,-2.2277
0.54176,-0.0077621,0,7.9238,0.73644,0.00086608,-2.9617
0.54071,-0.0083649,0,8.3674,0.76387,0.00086158,-3.1072
0.54071,-0.0083649,0,8.3674,0.76387,0.00086158,-3.1072
0.54329,-0.0089716,0,8.9303,0.79881,0.00068406,-2.7453
0.5428,-0.008391,0,8.5023,0.77744,0.0008369,-2.8547
0.5428,-0.008391,0,8.5023,0.77744,0.0008369,-2.8547
0.56468,-0.0083468,0,9.104,0.79784,0.00026787,1.4325
0.56468,-0.0083468,0,9.104,0.79784,0.00026787,1.4325
0.56885,-0.0083283,0,9.1339,0.77872,0.00017903,2.3386
0.55426,-0.006457,0,7.4485,0.72941,0.0007514,-0.65154
0.55457,-0.0064609,0,7.4716,0.7328,0.00074476,-0.61927
0.56156,-0.0058628,0,7.3278,0.73233,0.00063765,0.72935
0.56364,-0.0058563,0,7.3762,0.72764,0.00059554,1.3266
0.56364,-0.0058563,0,7.3762,0.72764,0.00059554,1.3266
0.56243,-0.0052177,0,6.7662,0.69002,0.00063969,1.0211
0.5626,-0.0052147,0,6.7738,0.69085,0.00063719,1.0697
0.57258,-0.0070768,0,8.5296,0.73728,0.00028188,3.2687
0.57093,-0.0070778,0,8.505,0.74984,0.0003175,2.9008
0.57093,-0.0070778,0,8.505,0.74984,0.0003175,2.9008
0.57093,-0.0070778,0,8.505,0.74984,0.0003175,2.9008
0.57093,-0.0070778,0,8.505,0.74984,0.0003175,2.9008
0.57509,-0.0039043,0,6.2686,0.62965,0.0004639,4.1572
0.58754,-0.0045658,0,7.181,0.41566,0.00029888,6.6923
0.58754,-0.0045658,0,7.181,0.41566,0.00029888,6.6923
0.58754,-0.0045658,0,7.181,0.41566,0.00029888,6.6923
0.58754,-0.0045658,0,7.181,0.41566,0.00029888,6.6923
0.58444,-0.0033035,0,6.0604,0.46447,0.00042485,6.611
0.58444,-0.0033035,0,6.0604,0.46447,0.00042485,6.611
0.59492,-0.0034328,0,6.6076,0.18203,0.0019365,6.6109
0.59582,-0.0044449,0,7.3399,0.20728,0.00030151,6.1839
0.59582,-0.0044449,0,7.3399,0.20728,0.00030151,6.1839
0.59582,-0.0044449,0,7.3399,0.20728,0.00030151,6.1839
0.59582,-0.0044449,0,7.3399,0.20728,0.00030151,6.1839
0.59582,-0.0044449,0,7.3399,0.20728,0.00030151,6.1839
0.59168,-0.0027147,0,5.9329,0.22765,-0.0011594,7.068
0.59168,-0.0027147,0,5.9329,0.22765,-0.0011594,7.068
0.59271,-0.0033048,0,6.4005,0.22476,0.0040478,6.8712
0.59271,-0.0033048,0,6.4005,0.22476,0.0040478,6.8712
0.60006,0.0019547,0,3.41,-0.73513,0.00056923,3.8536
0.59909,0.0028645,0,4.5515,-0.88076,0.00062416,2.8626
0.60103,0.002458,0,4.1138,-0.74885,0.00073848,4.7255
0.60103,0.002458,0,4.1138,-0.74885,0.00073848,4.7255
0.56677,0.0089917,0,8.1245,-0.85619,0.0015589,-8.7474
0.56781,0.0089987,0,8.2162,-0.87496,0.0015254,-8.7001
0.57614,0.0082909,0,8.1397,-0.93437,0.0014549,-7.3767
0.57614,0.0082909,0,8.1397,-0.93437,0.0014549,-7.3767
0.58766,0.0064383,0,7.4286,-1.131,0.0012754,-4.5959
0.59604,0.0069538,0,8.089,-1.1607,0.00085662,0.51668
0.59696,0.0069289,0,8.0753,-1.1375,0.0008381,0.96902
0.59604,0.0069538,0,8.089,-1.1607,0.00085662,0.51668
0.59604,0.0069538,0,8.089,-1.1607,0.00085662,0.51668
0.59604,0.0069538,0,8.089,-1.1607,0.00085662,0.51668
0.59394,0.0082246,0,8.8342,-1.2073,0.00076008,-0.84114
0.59394,0.0082246,0,8.8342,-1.2073,0.00076008,-0.84114
0.41122,0.010821,0,11.403,3.1511,-0.0058449,-15.712
0.41122,0.010821,0,11.403,3.1511,-0.0058449,-15.712
0.41017,0.013348,0,11.249,2.8914,-0.0015184,-11.217
0.41017,0.013348,0,11.249,2.8914,-0.0015184,-11.217
0.42382,0.013358,0,12.127,1.938,-0.0034569,-22.249
0.42382,0.013657,0,12.154,1.9355,-0.0039104,-21.991
0.43325,0.013945,0,12.049,1.3174,-0.00031127,-23.937
0.50838,0.013903,0,9.7589,-0.54402,0.0022079,-17.32
0.50806,0.01391,0,9.7566,-0.54051,0.0022201,-17.375
0.51673,0.013973,0,10.128,-0.6376,0.0016306,-16.104
0.52507,0.012694,0,9.1391,-0.66219,0.0020189,-14.96
0.52403,0.013363,0,9.8154,-0.69272,0.0016798,-15.153
0.52611,0.013341,0,9.8065,-0.70714,0.0016009,-14.713
0.52611,0.013341,0,9.8065,-0.70714,0.0016009,-14.713
0.53356,0.012736,0,9.6342,-0.75187,0.001701,-13.66
0.53341,0.012735,0,9.6256,-0.7509,0.001735,-13.686
0.53142,0.014526,0,10.797,-0.78199,0.00052614,-13.918
0.53237,0.01338,0,10.083,-0.76486,0.0013063,-13.841
0.53237,0.01338,0,10.083,-0.76486,0.0013063,-13.841
0.53445,0.013378,0,10.152,-0.77921,0.0011078,-13.484
0.53445,0.013378,0,10.152,-0.77921,0.0011078,-13.484
0.55321,0.010843,0,8.8734,-0.83773,0.0015186,-10.759
0.55321,0.010843,0,8.8734,-0.83773,0.0015186,-10.759
0.5553,0.010869,0,9.0339,-0.85501,0.0014179,-10.465
0.5553,0.010869,0,9.0339,-0.85501,0.0014179,-10.465
0.55425,0.01021,0,8.3838,-0.80599,0.0016656,-10.572
0.56259,0.012107,0,10.176,-0.96693,0.00061098,-9.2654
0.5628,0.012107,0,10.181,-0.96836,0.00060447,-9.2338
0.56267,0.012019,0,10.125,-0.96512,0.00064568,-9.2586
0.56259,0.012107,0,10.176,-0.96693,0.00061098,-9.2654
0.56259,0.012107,0,10.176,-0.96693,0.00061098,-9.2654
0.56259,0.012107,0,10.176,-0.96693,0.00061098,-9.2654
0.55634,0.01336,0,10.631,-0.94451,0.00027221,-10.177
0.56051,0.013352,0,10.676,-0.97249,0.00015777,-9.5213
0.57927,0.0095776,0,9.3027,-1.0615,0.00099563,-6.7583
0.57927,0.0095776,0,9.3027,-1.0615,0.00099563,-6.7583
0.57927,0.0095776,0,9.3027,-1.0615,0.00099563,-6.7583
0.57927,0.0095776,0,9.3027,-1.0615,0.00099563,-6.7583
0.42068,0.014628,0,12.085,2.1282,-0.003904,-19.697
0.4203,0.014181,0,12.069,2.1745,-0.0042907,-19.931
0.42068,0.014628,0,12.085,2.1282,-0.003904,-19.697
0.42068,0.014628,0,12.085,2.1282,-0.003904,-19.697
0.42068,0.014628,0,12.085,2.1282,-0.003904,-19.697
0.42068,0.014628,0,12.085,2.1282,-0.003904,-19.697
0.42068,0.014628,0,12.085,2.1282,-0.003904,-19.697
0.43847,0.015866,0,12.363,1.0758,-0.0027488,-23.385
0.43847,0.015866,0,12.363,1.0758,-0.0027488,-23.385
0.43743,0.01524,0,12.302,1.1244,-0.0022811,-23.666
0.43769,0.015235,0,12.295,1.11,-0.0021984,-23.686
0.43742,0.017132,0,12.432,1.1294,-0.0028537,-22.502
0.43675,0.017132,0,12.428,1.1614,-0.0028379,-22.412
0.43742,0.017132,0,12.432,1.1294,-0.0028537,-22.502
0.43704,0.016674,0,12.411,1.1491,-0.0029546,-22.741
0.43742,0.017132,0,12.432,1.1294,-0.0028537,-22.502
0.43742,0.017132,0,12.432,1.1294,-0.0028537,-22.502
0.44578,0.017146,0,12.423,0.77778,-0.0025754,-22.989
0.44578,0.017146,0,12.423,0.77778,-0.0025754,-22.989
0.44686,0.017136,0,12.413,0.73579,-0.0024878,-23.013
0.44578,0.017146,0,12.423,0.77778,-0.0025754,-22.989
0.44578,0.017146,0,12.423,0.77778,-0.0025754,-22.989
0.44474,0.015912,0,12.279,0.80456,-0.0017691,-23.585
0.44474,0.015912,0,12.279,0.80456,-0.0017691,-23.585
0.44717,0.016301,0,12.29,0.71385,-0.0017336,-23.434
0.44683,0.015905,0,12.236,0.72253,-0.0014118,-23.626
0.44683,0.015905,0,12.236,0.72253,-0.0014118,-23.626
0.44578,0.015305,0,12.098,0.7475,-0.00054845,-23.861
0.4437,0.018384,0,12.473,0.86067,-0.0021746,-22.306
0.43952,0.018377,0,12.455,1.0298,-0.0019493,-22.019
0.45392,0.016821,0,12.264,0.48058,-0.0016028,-22.984
0.45414,0.017099,0,12.334,0.47948,-0.0019752,-22.864
0.45414,0.017099,0,12.334,0.47948,-0.0019752,-22.864
0.45414,0.017099,0,12.334,0.47948,-0.0019752,-22.864
0.45414,0.017099,0,12.334,0.47948,-0.0019752,-22.864
0.45211,0.017016,0,12.331,0.54418,-0.0019492,-22.945
0.4531,0.015788,0,12.006,0.48466,-0.00021871,-23.431
0.45404,0.016389,0,12.209,0.46704,-0.0013186,-23.121
0.4531,0.015788,0,12.006,0.48466,-0.00021871,-23.431
0.45519,0.015818,0,11.999,0.41876,-0.00023895,-23.294
0.45445,0.015153,0,11.62,0.41558,0.0012612,-23.603
0.45415,0.015147,0,11.63,0.42549,0.001242,-23.626
0.44787,0.018376,0,12.473,0.70204,-0.0022526,-22.456
0.45205,0.018359,0,12.455,0.55784,-0.0022269,-22.407
0.45205,0.01937,0,12.475,0.56091,-0.001679,-22.003
0.45205,0.018359,0,12.455,0.55784,-0.0022269,-22.407
0.45623,0.01837,0,12.428,0.4252,-0.0021692,-22.269
0.45623,0.01837,0,12.428,0.4252,-0.0021692,-22.269
0.45623,0.01837,0,12.428,0.4252,-0.0021692,-22.269
0.45623,0.01837,0,12.428,0.4252,-0.0021692,-22.269
0.47853,0.017106,0,11.971,-0.14172,-0.00080075,-20.773
0.47919,0.017102,0,11.964,-0.1541,-0.00079853,-20.693
0.47919,0.017102,0,11.964,-0.1541,-0.00079853,-20.693
0.47919,0.017102,0,11.964,-0.1541,-0.00079853,-20.693
0.47919,0.017102,0,11.964,-0.1541,-0.00079853,-20.693
0.47814,0.015824,0,11.415,-0.15042,0.00089177,-21.162
0.47814,0.015556,0,11.177,-0.1533,0.0013445,-21.209
0.48023,0.015797,0,11.302,-0.18834,0.0010513,-20.885
0.48023,0.015797,0,11.302,-0.18834,0.0010513,-20.885
0.47918,0.015158,0,10.805,-0.17543,0.002006,-21.138
0.4771,0.018371,0,12.22,-0.095303,-0.0015831,-20.631
0.4771,0.018371,0,12.22,-0.095303,-0.0015831,-20.631
0.4771,0.018371,0,12.22,-0.095303,-0.0015831,-20.631
0.4771,0.018371,0,12.22,-0.095303,-0.0015831,-20.631
0.48753,0.017147,0,11.874,-0.29655,-0.00069393,-19.704
0.48753,0.017147,0,11.874,-0.29655,-0.00069393,-19.704
0.48931,0.017156,0,11.861,-0.32556,-0.00068445,-19.501
0.48753,0.017147,0,11.874,-0.29655,-0.00069393,-19.704
0.48753,0.017147,0,11.874,-0.29655,-0.00069393,-19.704
0.48649,0.015885,0,11.315,-0.28805,0.00081748,-20.048
0.48649,0.015885,0,11.315,-0.28805,0.00081748,-20.048
0.48947,0.016988,0,11.787,-0.33022,-0.00048691,-19.524
0.48858,0.015936,0,11.342,-0.32781,0.00072551,-19.882
0.48858,0.015936,0,11.342,-0.32781,0.00072551,-19.882
0.48753,0.015318,0,10.924,-0.31663,0.0015775,-20.154
0.48127,0.01836,0,12.172,-0.17626,-0.0014678,-20.186
0.48127,0.01836,0,12.172,-0.17626,-0.0014678,-20.186
0.48545,0.018372,0,12.128,-0.24784,-0.0013841,-19.68
0.49483,0.015879,0,11.275,-0.41323,0.00068334,-18.98
0.49483,0.015879,0,11.275,-0.41323,0.00068334,-18.98
0.49692,0.015856,0,11.259,-0.44208,0.00066085,-18.7
0.49692,0.015856,0,11.259,-0.44208,0.00066085,-18.7
0.49588,0.017133,0,11.797,-0.42059,-0.00063616,-18.621
0.49587,0.01522,0,10.848,-0.42618,0.0014435,-18.937
0.49588,0.017133,0,11.797,-0.42059,-0.00063616,-18.621
0.49588,0.017133,0,11.797,-0.42059,-0.00063616,-18.621
0.49588,0.017133,0,11.797,-0.42059,-0.00063616,-18.621
0.48962,0.018391,0,12.09,-0.31662,-0.0013083,-19.217
0.49379,0.018385,0,12.045,-0.37892,-0.0012294,-18.674
0.50422,0.01714,0,11.745,-0.52675,-0.00065085,-17.531
0.50422,0.01714,0,11.745,-0.52675,-0.00065085,-17.531
0.50422,0.01714,0,11.745,-0.52675,-0.00065085,-17.531
0.50422,0.01714,0,11.745,-0.52675,-0.00065085,-17.531
0.52924,0.014639,0,10.84,-0.76522,0.00049601,-14.214
0.52924,0.014639,0,10.84,-0.76522,0.00049601,-14.214
0.53073,0.014638,0,10.859,-0.77837,0.00046352,-14.008
0.52924,0.014639,0,10.84,-0.76522,0.00049601,-14.214
0.52924,0.014639,0,10.84,-0.76522,0.00049601,-14.214
0.53758,0.01463,0,10.933,-0.83008,0.00022829,-12.971
0.53683,0.014631,0,10.926,-0.82434,0.00024701,-13.075
0.53758,0.01463,0,10.933,-0.83008,0.00022829,-12.971
0.53758,0.01463,0,10.933,-0.83008,0.00022829,-12.971
0.53758,0.01463,0,10.933,-0.83008,0.00022829,-12.971
0.42804,-0.013369,0,11.912,-1.2171,-0.0006012,-17.757
0.42804,-0.01301,0,11.871,-1.2138,-0.00019868,-17.984
0.42804,-0.013369,0,11.912,-1.2171,-0.0006012,-17.757
0.42909,-0.012742,0,11.825,-1.1474,0.00029313,-18.277
0.42932,-0.012748,0,11.821,-1.1332,0.00031878,-18.298
0.43641,-0.013323,0,11.784,-0.75767,0.00058167,-18.116
0.4385,-0.01337,0,11.739,-0.65944,0.00078506,-18.066
0.43746,-0.0127,0,11.51,-0.68457,0.0016249,-18.455
0.45417,-0.013946,0,11.492,-0.10915,0.0010644,-16.344
0.47191,-0.013354,0,10.856,0.28808,0.0013234,-14.16
0.4777,-0.013905,0,10.997,0.37286,0.00086296,-13.079
0.47816,-0.013335,0,10.741,0.38417,0.0011984,-13.091
0.47816,-0.013335,0,10.741,0.38417,0.0011984,-13.091
0.47921,-0.012743,0,10.354,0.3998,0.0014949,-13.033
0.48651,-0.013356,0,10.743,0.49705,0.00081179,-11.822
0.48651,-0.013356,0,10.743,0.49705,0.00081179,-11.822
0.48755,-0.012692,0,10.351,0.50812,0.0013143,-11.725
0.40489,-0.0082903,0,10.09,-3.5648,-0.0034145,-2.3911
0.40489,-0.0082903,0,10.09,-3.5648,-0.0034145,-2.3911
0.40383,-0.007625,0,9.7086,-3.7398,-0.0037755,0.75589
0.52925,-0.0090115,0,8.4093,0.72517,0.0011262,-5.0948
0.53026,-0.0090268,0,8.4859,0.73865,0.0010927,-5.0403
0.53863,-0.0083544,0,8.3088,0.76102,0.00097524,-3.6461
0.54488,-0.0083735,0,8.576,0.78746,0.00065278,-2.4507
0.54488,-0.0083735,0,8.576,0.78746,0.00065278,-2.4507
0.54592,-0.0077246,0,8.1281,0.7626,0.00078072,-2.2181
0.57927,-0.0039656,0,6.504,0.59974,0.00040951,5.2529
0.58002,-0.0039706,0,6.5346,0.59034,0.00040509,5.4493
0.58651,-0.0033386,0,6.183,0.41019,0.00043211,6.9392
0.58651,-0.0033386,0,6.183,0.41019,0.00043211,6.9392
0.58729,-0.0027516,0,5.7467,0.38033,0.00046213,7.0021
0.58755,-0.0027583,0,5.7638,0.37693,0.00045717,7.0079
0.58755,-0.0027583,0,5.7638,0.37693,0.00045717,7.0079
0.59453,-0.0035771,0,6.696,0.19557,0.0018164,6.6529
0.59478,-0.0032723,0,6.4915,0.17803,0.0021958,6.6786
0.59478,-0.0029848,0,6.2813,0.16532,0.0024588,6.6997
0.59478,-0.0032723,0,6.4915,0.17803,0.0021958,6.6786
0.59507,-0.0026631,0,6.0573,0.14679,0.0032157,6.6516
0.59582,-0.0026418,0,6.0703,0.13485,0.0044186,6.4693
0.59582,-0.0026418,0,6.0703,0.13485,0.0044186,6.4693
0.40376,0.0076672,0,9.7238,4.1859,-0.0061908,-1.3808
0.40486,0.0082615,0,10.131,4.0428,-0.0062455,-4.9856
0.57093,0.0089409,0,8.3847,-0.9079,0.0014481,-8.1116
0.57927,0.0077034,0,7.9355,-0.95516,0.0014703,-7.0661
0.57823,0.0083167,0,8.3268,-0.96887,0.001386,-7.0714
0.57823,0.0083167,0,8.3268,-0.96887,0.001386,-7.0714
0.58031,0.0083353,0,8.4868,-1.0208,0.0013172,-6.7972
0.58031,0.0083353,0,8.4868,-1.0208,0.0013172,-6.7972
0.41986,0.012757,0,12.013,2.2555,-0.0043628,-21.053
0.42068,0.012752,0,12.03,2.1921,-0.0038896,-21.473
0.4189,0.014249,0,11.997,2.2647,-0.0038719,-19.003
0.41963,0.013383,0,12.039,2.257,-0.0049801,-20.348
0.41963,0.013383,0,12.039,2.257,-0.0049801,-20.348
0.42173,0.01337,0,12.098,2.0981,-0.0042725,-21.477
0.42173,0.01337,0,12.098,2.0981,-0.0042725,-21.477
0.42906,0.014,0,12.192,1.5801,-0.0024503,-23.192
0.51256,0.014038,0,10.068,-0.60064,0.0018186,-16.817
0.5209,0.01399,0,10.277,-0.67383,0.0013752,-15.481
0.52924,0.012786,0,9.4845,-0.71677,0.0017252,-14.447
0.5282,0.013384,0,9.9419,-0.72318,0.0014369,-14.434
0.5282,0.013384,0,9.9419,-0.72318,0.0014369,-14.434
0.53129,0.014599,0,10.84,-0.7826,0.000477,-13.935
0.53028,0.013401,0,10.036,-0.74963,0.0013111,-14.233
0.53028,0.013401,0,10.036,-0.74963,0.0013111,-14.233
0.4102,-0.01335,0,11.074,-2.4271,-0.00085946,-7.8623
0.523,-0.01337,0,10.731,0.77916,-1.241e-06,-5.9692
0.40913,-0.009606,0,11.003,-3.0012,-0.0021341,-10.505
0.40912,-0.0091817,0,10.98,-3.0595,-0.0014179,-11.124
0.40701,-0.0096062,0,10.646,-3.1855,-0.0029576,-6.5101
0.40701,-0.0096062,0,10.646,-3.1855,-0.0029576,-6.5101
0.49902,-0.012089,0,9.9833,0.61259,0.0011749,-9.8765
0.49902,-0.012089,0,9.9833,0.61259,0.0011749,-9.8765
0.49797,-0.011408,0,9.364,0.58996,0.0014759,-10.12
0.51465,-0.010207,0,8.8267,0.68122,0.0012989,-7.3972
0.51466,-0.012124,0,10.268,0.73521,0.00060623,-7.3806
0.52612,-0.0096083,0,8.8194,0.74327,0.0010946,-5.6881
0.53238,-0.0096263,0,9.0548,0.77711,0.00089518,-4.62
0.53238,-0.0096263,0,9.0548,0.77711,0.00089518,-4.62
0.53446,-0.0096044,0,9.111,0.78446,0.00083505,-4.2116
0.53446,-0.0096044,0,9.111,0.78446,0.00083505,-4.2116
0.57301,-0.0083173,0,9.1487,0.74297,9.4614e-05,3.2681
0.40165,-0.0063167,0,8.6469,-3.9334,-0.0047604,10.43
0.55113,-0.0070852,0,7.8428,0.75736,0.00077477,-1.3338
0.55217,-0.0064148,0,7.2618,0.71653,0.00079111,-1.0579
0.56468,-0.0052458,0,6.942,0.69758,0.00060289,1.5338
0.56468,-0.007107,0,8.389,0.77628,0.00045114,1.4646
0.57614,-0.0045708,0,6.8533,0.64906,0.00042836,4.3515
0.57614,-0.0045708,0,6.8533,0.64906,0.00042836,4.3515
0.57405,-0.0045448,0,6.7392,0.66571,0.00046132,3.8054
0.57405,-0.0045448,0,6.7392,0.66571,0.00046132,3.8054
0.60106,-0.0012125,0,5.0901,0.21161,0.000831,5.8677
0.39826,0.00423,0,6.6731,3.1188,-0.0011481,29.73
0.39826,0.00423,0,6.6731,3.1188,-0.0011481,29.73
0.40155,0.00644,0,8.6241,4.297,-0.0067277,9.1815
0.58556,0.0064403,0,7.2858,-1.0622,0.0013698,-5.5303
0.58451,0.0070785,0,7.7916,-1.0739,0.0013731,-5.9681
0.59394,0.0069853,0,8.0567,-1.1918,0.00094005,-0.73796
0.59317,0.0051141,0,6.5188,-1.1334,0.0010079,-1.1002
0.59395,0.0051101,0,6.5656,-1.1345,0.00098305,-0.61876
0.60416,0.0037426,0,5.8551,-0.69503,0.00086576,5.2032
0.60416,0.0037426,0,5.8551,-0.69503,0.00086576,5.2032
0.407,0.0095284,0,10.721,3.6814,-0.0064033,-9.6113
0.407,0.0095284,0,10.721,3.6814,-0.0064033,-9.6113
0.41017,0.012097,0,11.27,3.06,-0.0042789,-12.44
0.41016,0.010192,0,11.254,3.3152,-0.0057261,-14.868
0.41752,0.012135,0,11.897,2.4754,-0.0044646,-20.266
0.53966,0.011443,0,8.6475,-0.73395,0.0018495,-12.851
0.54383,0.01151,0,9.0099,-0.78984,0.0016311,-12.32
0.54479,0.011496,0,9.0539,-0.80013,0.0015985,-12.161
0.54279,0.012117,0,9.4628,-0.80308,0.0014202,-12.325
0.54279,0.012117,0,9.4628,-0.80308,0.0014202,-12.325
0.5407,0.012083,0,9.3117,-0.78633,0.0015444,-12.614
0.5407,0.012083,0,9.3117,-0.78633,0.0015444,-12.614
0.55634,0.010258,0,8.5933,-0.83702,0.0015741,-10.439
0.55634,0.01212,0,10.013,-0.92085,0.00082872,-10.266
0.56051,0.01211,0,10.124,-0.9523,0.00068169,-9.5943
0.56051,0.010211,0,8.8178,-0.87122,0.0014365,-9.6562
0.56572,0.0095995,0,8.5556,-0.8864,0.0014483,-8.8522
0.56572,0.0095995,0,8.5556,-0.8864,0.0014483,-8.8522
0.56781,0.0096182,0,8.7166,-0.91232,0.0013689,-8.6507
0.56781,0.0093162,0,8.4727,-0.89413,0.0014452,-8.6747
0.56781,0.0096182,0,8.7166,-0.91232,0.0013689,-8.6507
0.43534,0.018375,0,12.414,1.2141,-0.0015369,-21.493
0.4322,0.014606,0,12.245,1.3905,-0.0023372,-23.479
0.4322,0.014606,0,12.245,1.3905,-0.0023372,-23.479
0.43429,0.014605,0,12.225,1.2795,-0.0018914,-23.607
0.43952,0.017129,0,12.438,1.0351,-0.0028401,-22.695
0.43952,0.015207,0,12.246,1.0178,-0.0016535,-23.727
0.4437,0.017143,0,12.432,0.86032,-0.0026983,-22.919
0.4437,0.015272,0,12.155,0.83327,-0.0008889,-23.857
0.44787,0.015249,0,11.999,0.66185,2.4784e-05,-23.993
0.44714,0.015281,0,12.043,0.69536,-0.00021829,-23.91
0.44787,0.017127,0,12.404,0.69578,-0.0024043,-23.036
0.45205,0.01709,0,12.35,0.54778,-0.0020539,-22.916
0.45206,0.015109,0,11.705,0.50031,0.0010625,-23.708
0.45623,0.015186,0,11.561,0.35944,0.0013597,-23.476
0.4771,0.015191,0,10.871,-0.13966,0.0019725,-21.392
0.47801,0.015176,0,10.842,-0.1551,0.0019878,-21.291
0.48127,0.015123,0,10.743,-0.21277,0.002035,-20.89
0.48127,0.017091,0,11.915,-0.19239,-0.00068447,-20.479
0.48545,0.017117,0,11.881,-0.26228,-0.00067785,-19.926
0.48544,0.01519,0,10.794,-0.28183,0.0018232,-20.19
0.48962,0.017158,0,11.859,-0.33061,-0.00068279,-19.466
0.48962,0.015331,0,10.928,-0.34554,0.0015093,-19.768
0.48924,0.015333,0,10.931,-0.34118,0.0015179,-19.846
0.49379,0.017143,0,11.817,-0.3914,-0.00064856,-18.892
0.49379,0.01526,0,10.872,-0.39831,0.001466,-19.206
0.49796,0.018378,0,12.003,-0.43609,-0.0011612,-18.137
0.50213,0.017241,0,11.775,-0.49909,-0.00068945,-17.779
0.50213,0.018381,0,11.965,-0.48836,-0.0011042,-17.602
0.49796,0.017128,0,11.78,-0.44831,-0.00063173,-18.339
0.49796,0.015195,0,10.841,-0.45428,0.0013924,-18.632
0.5063,0.018377,0,11.926,-0.53922,-0.0010459,-17.043
0.5063,0.018006,0,11.867,-0.54254,-0.00092769,-17.094
0.50734,0.014581,0,10.447,-0.55675,0.0016509,-17.454
0.50943,0.014569,0,10.406,-0.57777,0.0015723,-17.044
0.50943,0.014569,0,10.406,-0.57777,0.0015723,-17.044
0.51569,0.014633,0,10.604,-0.64233,0.0011558,-16.212
0.51569,0.014633,0,10.604,-0.64233,0.0011558,-16.212
0.51777,0.014608,0,10.622,-0.66222,0.0010769,-15.878
0.51777,0.014608,0,10.622,-0.66222,0.0010769,-15.878
0.427,-0.014629,0,11.954,-1.2735,-0.0013725,-16.666
0.427,-0.01272,0,11.852,-1.2761,-0.00012053,-18.06
0.43118,-0.012775,0,11.788,-1.0265,0.00055527,-18.441
0.43118,-0.014635,0,11.982,-1.0392,-0.0011312,-17.23
0.43537,-0.012647,0,11.578,-0.7896,0.0014489,-18.508
0.45208,-0.01396,0,11.561,-0.16373,0.0010179,-16.773
0.45626,-0.014009,0,11.481,-0.061309,0.001011,-16.162
0.47295,-0.012686,0,10.279,0.30625,0.001752,-14.092
0.47712,-0.014606,0,11.313,0.35897,0.00045101,-13.065
0.47768,-0.012664,0,10.258,0.38361,0.001602,-13.254
0.47712,-0.012639,0,10.23,0.37749,0.001636,-13.384
0.48546,-0.012732,0,10.367,0.4822,0.001146,-12.073
0.40595,-0.0089653,0,10.44,-3.3563,-0.0031583,-5.1681
0.40595,-0.0089653,0,10.44,-3.3563,-0.0031583,-5.1681
0.42176,-0.012084,0,11.784,-1.6532,-0.00051384,-17.547
0.42176,-0.012084,0,11.784,-1.6532,-0.00051384,-17.547
0.49485,-0.012119,0,9.9884,0.57917,0.0012991,-10.661
0.49693,-0.012071,0,9.918,0.59663,0.0012614,-10.264
0.49693,-0.012071,0,9.918,0.59663,0.0012614,-10.264
0.52821,-0.0096133,0,8.8614,0.74824,0.0010291,-5.2195
0.52821,-0.0096133,0,8.8614,0.74824,0.0010291,-5.2195
0.5303,-0.0096448,0,8.9913,0.76453,0.00095738,-4.9965
0.5303,-0.0091588,0,8.5959,0.74458,0.0010629,-5.0293
0.5303,-0.0096448,0,8.9913,0.76453,0.00095738,-4.9965
0.52716,-0.0089516,0,8.2078,0.70869,0.0011879,-5.4458
0.53134,-0.0090154,0,8.5329,0.74783,0.0010601,-4.8511
0.53456,-0.0089532,0,8.6351,0.76077,0.0009698,-4.1992
0.5355,-0.0089549,0,8.6847,0.76356,0.00094159,-4.023
0.53967,-0.0077093,0,7.7222,0.7217,0.001046,-3.3439
0.54384,-0.009629,0,9.415,0.823,0.00051101,-2.6215
0.54394,-0.0077594,0,8.0544,0.75732,0.00086546,-2.6629
0.54384,-0.0077616,0,8.0512,0.75707,0.00088557,-2.6858
0.40274,-0.0069605,0,9.238,-3.8842,-0.0041849,4.8886
0.55322,-0.007077,0,7.8895,0.75765,0.00072944,-0.82409
0.55322,-0.007077,0,7.8895,0.75765,0.00072944,-0.82409
0.57823,-0.0045895,0,6.9379,0.63457,0.00039539,4.8695
0.57823,-0.0045895,0,6.9379,0.63457,0.00039539,4.8695
0.57718,-0.0039584,0,6.4214,0.6259,0.00043531,4.6028
0.58548,-0.004563,0,7.1254,0.47396,0.00032344,6.512
0.58548,-0.0026847,0,5.6014,0.41028,0.00047014,6.8965
0.59375,-0.0026873,0,6.0025,0.17076,0.00086636,6.8755
0.59375,-0.0026873,0,6.0025,0.17076,0.00086636,6.8755
0.39718,0.0035121,0,6.4485,2.4975,0.0020975,32.648
0.39718,0.0035121,0,6.4485,2.4975,0.0020975,32.648
0.59811,0.0037385,0,5.469,-0.99117,0.00074968,2.2761
0.59823,0.0037241,0,5.4565,-0.98736,0.00074771,2.3367
0.40264,0.0070758,0,9.2251,4.2894,-0.0063053,3.2723
0.40594,0.008877,0,10.45,3.8623,-0.0064028,-7.5413
0.56467,0.0089495,0,7.901,-0.82949,0.0016321,-9.0822
0.56885,0.0089812,0,8.2762,-0.88873,0.0014984,-8.528
0.57301,0.0089497,0,8.5397,-0.93091,0.001384,-7.8259
0.57718,0.0076493,0,7.6934,-0.90019,0.0015358,-7.2057
0.57718,0.009572,0,9.2067,-1.0272,0.0010611,-7.1182
0.58661,0.0070646,0,7.852,-1.1281,0.0012783,-4.9782
0.58661,0.0070646,0,7.852,-1.1281,0.0012783,-4.9782
0.58136,0.0077084,0,8.1032,-1.0087,0.0014022,-6.6366
0.58136,0.0095754,0,9.3805,-1.102,0.00093008,-6.3381
0.59709,0.0044552,0,6.061,-1.0618,0.00083516,1.5593
0.59709,0.0044552,0,6.061,-1.0618,0.00083516,1.5593
0.41857,0.012761,0,11.979,2.3632,-0.0050115,-20.272
0.41825,0.01276,0,11.965,2.3899,-0.0051168,-20.065
0.42278,0.012719,0,12.02,2.0149,-0.0021818,-22.544
0.42697,0.013985,0,12.21,1.7123,-0.0033112,-22.77
0.43087,0.013999,0,12.162,1.4677,-0.0016202,-23.654
0.43115,0.013996,0,12.154,1.4488,-0.0014691,-23.737
0.51047,0.013945,0,9.8876,-0.57085,0.0020281,-16.883
0.51465,0.014022,0,10.113,-0.62056,0.0017099,-16.43
0.51881,0.013955,0,10.175,-0.65855,0.0015238,-15.755
0.52715,0.012715,0,9.288,-0.68765,0.0018845,-14.538
0.52715,0.014627,0,10.801,-0.74759,0.00058615,-14.487
0.53862,0.012119,0,9.3038,-0.77373,0.0016252,-13.055
0.53862,0.011865,0,9.0308,-0.75478,0.0017288,-13.051
0.53132,0.012761,0,9.5564,-0.73527,0.0016117,-14.06
0.53132,0.014637,0,10.866,-0.78365,0.00045047,-13.925
0.53549,0.012759,0,9.7477,-0.76576,0.0012636,-13.397
0.53559,0.01276,0,9.7529,-0.76715,0.0012705,-13.39
0.56364,0.0095987,0,8.4719,-0.8735,0.0015186,-9.3503
0.4301,0.014633,0,12.27,1.5221,-0.0031339,-23.025
0.4301,0.014633,0,12.27,1.5221,-0.0031339,-23.025
0.42801,0.014625,0,12.267,1.6458,-0.0037112,-22.542
0.42801,0.014625,0,12.267,1.6458,-0.0037112,-22.542
0.51152,0.014628,0,10.518,-0.59541,0.0013687,-16.772
0.51152,0.014628,0,10.518,-0.59541,0.0013687,-16.772
0.5136,0.014657,0,10.588,-0.62468,0.0012357,-16.587
0.5136,0.014657,0,10.588,-0.62468,0.0012357,-16.587
0.6021,-0.00056907,0,3.9261,0.24987,0.0010663,6.0361
0.6021,-0.00056907,0,3.9261,0.24987,0.0010663,6.0361
0.45312,-0.014601,0,11.688,-0.1487,0.00051481,-16.355
0.45312,-0.014601,0,11.688,-0.1487,0.00051481,-16.355
0.45521,-0.014619,0,11.652,-0.098586,0.00053869,-16.072
0.45521,-0.014619,0,11.652,-0.098586,0.00053869,-16.072
0.60207,0.0018386,0,3.447,-0.63949,0.00085279,5.3821
0.60207,0.0018386,0,3.447,-0.63949,0.00085279,5.3821
0.60208,0.0037352,0,5.729,-0.79644,0.00080833,4.6964
0.56989,0.0095952,0,8.8181,-0.93506,0.0013118,-8.2959
0.56989,0.0095952,0,8.8181,-0.93506,0.0013118,-8.2959
0.57197,0.0095838,0,8.9277,-0.95479,0.0012476,-7.9133
0.57197,0.0095838,0,8.9277,-0.95479,0.0012476,-7.9133
0.51986,0.014615,0,10.668,-0.67924,0.00096163,-15.547
0.51986,0.014615,0,10.668,-0.67924,0.00096163,-15.547
0.41232,-0.018323,0,11.142,-1.8735,-0.00028142,-6.8162
0.41232,-0.018323,0,11.142,-1.8735,-0.00028142,-6.8162
0.41232,-0.018323,0,11.142,-1.8735,-0.00028142,-6.8162
0.41232,-0.018323,0,11.142,-1.8735,-0.00028142,-6.8162
0.42071,-0.018347,0,11.651,-1.5093,-0.00030212,-12.107
0.42071,-0.018347,0,11.651,-1.5093,-0.00030212,-12.107
0.42071,-0.018347,0,11.651,-1.5093,-0.00030212,-12.107
0.42909,-0.018359,0,11.897,-1.1002,-0.00068502,-14.638
0.42909,-0.018359,0,11.897,-1.1002,-0.00068502,-14.638
0.42909,-0.018359,0,11.897,-1.1002,-0.00068502,-14.638
0.47751,-0.018362,0,11.693,0.31749,-0.00041882,-12.348
0.47921,-0.018363,0,11.674,0.34167,-0.0004106,-12.103
0.47921,-0.018363,0,11.674,0.34167,-0.0004106,-12.103
0.47921,-0.018363,0,11.674,0.34167,-0.0004106,-12.103
0.48755,-0.018359,0,11.572,0.45414,-0.00039382,-10.935
0.48755,-0.018359,0,11.572,0.45414,-0.00039382,-10.935
0.48755,-0.018359,0,11.572,0.45414,-0.00039382,-10.935
0.49589,-0.018356,0,11.469,0.54431,-0.00039524,-9.7377
0.49523,-0.018356,0,11.476,0.53819,-0.00039466,-9.8381
0.49589,-0.018356,0,11.469,0.54431,-0.00039524,-9.7377
0.49589,-0.018356,0,11.469,0.54431,-0.00039524,-9.7377
0.50423,-0.018351,0,11.365,0.6162,-0.00040439,-8.5179
0.50423,-0.018351,0,11.365,0.6162,-0.00040439,-8.5179
0.50423,-0.018351,0,11.365,0.6162,-0.00040439,-8.5179
0.51257,-0.018343,0,11.259,0.67066,-0.00040488,-7.2788
0.51257,-0.018343,0,11.259,0.67066,-0.00040488,-7.2788
0.51257,-0.018343,0,11.259,0.67066,-0.00040488,-7.2788
0.51257,-0.018343,0,11.259,0.67066,-0.00040488,-7.2788
0.54592,-0.013342,0,10.561,0.82809,-0.00027436,-2.1933
0.54592,-0.013342,0,10.561,0.82809,-0.00027436,-2.1933
0.54592,-0.013342,0,10.561,0.82809,-0.00027436,-2.1933
0.55426,-0.013322,0,10.473,0.81704,-0.00032842,-0.72115
0.55426,-0.013322,0,10.473,0.81704,-0.00032842,-0.72115
0.55426,-0.013322,0,10.473,0.81704,-0.00032842,-0.72115
0.56259,-0.013297,0,10.365,0.78356,-0.00036275,0.82435
0.56259,-0.013297,0,10.365,0.78356,-0.00036275,0.82435
0.56259,-0.013297,0,10.365,0.78356,-0.00036275,0.82435
0.56259,-0.013297,0,10.365,0.78356,-0.00036275,0.82435
0.58754,-0.0082342,0,9.0971,0.46395,-0.00012715,5.8637
0.58754,-0.0082342,0,9.0971,0.46395,-0.00012715,5.8637
0.58754,-0.0082342,0,9.0971,0.46395,-0.00012715,5.8637
0.59583,-0.0080986,0,9.141,0.28054,-0.00015659,5.7267
0.59585,-0.0080971,0,9.1406,0.28038,-0.00015643,5.7249
0.59583,-0.0081601,0,9.1597,0.28062,-0.00016289,5.7128
0.59583,-0.0080986,0,9.141,0.28054,-0.00015659,5.7267
0.60417,-0.0074989,0,8.9611,0.18086,-9.7083e-05,5.5038
0.60417,-0.0074989,0,8.9611,0.18086,-9.7083e-05,5.5038
0.60417,-0.0074989,0,8.9611,0.18086,-9.7083e-05,5.5038
0.60417,-0.0074989,0,8.9611,0.18086,-9.7083e-05,5.5038
0.60305,0.0075798,0,8.5234,-0.93474,0.0005236,3.5321
0.60417,0.0074988,0,8.5434,-0.88321,0.00045942,3.8667
0.60417,0.0074988,0,8.5434,-0.88321,0.00045942,3.8667
0.60417,0.0074988,0,8.5434,-0.88321,0.00045942,3.8667
0.60417,0.0074988,0,8.5434,-0.88321,0.00045942,3.8667
0.57927,0.013286,0,10.71,-1.1087,-0.00013615,-6.286
0.57927,0.013286,0,10.71,-1.1087,-0.00013615,-6.286
0.57927,0.013286,0,10.71,-1.1087,-0.00013615,-6.286
0.58764,0.013233,0,10.593,-1.1683,-0.00021438,-3.8686
0.58764,0.013233,0,10.593,-1.1683,-0.00021438,-3.8686
0.58764,0.013233,0,10.593,-1.1683,-0.00021438,-3.8686
0.41229,0.018325,0,11.369,2.2883,0.00098841,-10.323
0.41229,0.018325,0,11.369,2.2883,0.00098841,-10.323
0.41229,0.018325,0,11.369,2.2883,0.00098841,-10.323
0.41229,0.018325,0,11.369,2.2883,0.00098841,-10.323
0.42156,0.018353,0,12.014,1.8878,0.00069373,-17.22
0.42068,0.018351,0,11.972,1.9294,0.00078477,-16.787
0.42068,0.018351,0,11.972,1.9294,0.00078477,-16.787
0.52794,0.018359,0,11.714,-0.74343,-0.00077492,-14.04
0.52924,0.018358,0,11.706,-0.75239,-0.00075825,-13.85
0.52924,0.018358,0,11.706,-0.75239,-0.00075825,-13.85
0.52924,0.018358,0,11.706,-0.75239,-0.00075825,-13.85
0.53758,0.017126,0,11.53,-0.8242,-0.0006485,-12.75
0.53758,0.018346,0,11.625,-0.8118,-0.00069111,-12.642
0.53864,0.018344,0,11.612,-0.81941,-0.00068582,-12.492
0.53758,0.018346,0,11.625,-0.8118,-0.00069111,-12.642
0.53758,0.018346,0,11.625,-0.8118,-0.00069111,-12.642
0.54591,0.018331,0,11.54,-0.8638,-0.00063867,-11.414
0.54448,0.018334,0,11.552,-0.85597,-0.00065001,-11.632
0.54591,0.018331,0,11.54,-0.8638,-0.00063867,-11.414
0.54591,0.018331,0,11.54,-0.8638,-0.00063867,-11.414
0.55425,0.018313,0,11.448,-0.90841,-0.00057456,-10.149
0.55425,0.018313,0,11.448,-0.90841,-0.00057456,-10.149
0.55425,0.018313,0,11.448,-0.90841,-0.00057456,-10.149
0.55425,0.018313,0,11.448,-0.90841,-0.00057456,-10.149
0.46249,0.023342,0,12.421,0.27191,-8.2395e-06,-20.321
0.46249,0.023342,0,12.421,0.27191,-8.2395e-06,-20.321
0.46249,0.023342,0,12.421,0.27191,-8.2395e-06,-20.321
0.47084,0.023342,0,12.385,0.077287,-0.00017163,-19.889
0.47084,0.023342,0,12.385,0.077287,-0.00017163,-19.889
0.47084,0.023342,0,12.385,0.077287,-0.00017163,-19.889
0.427,-0.014629,0,11.954,-1.2735,-0.0013725,-16.666
0.427,-0.014629,0,11.954,-1.2735,-0.0013725,-16.666
0.43537,-0.01461,0,11.968,-0.82689,-0.00079657,-17.422
0.43537,-0.01461,0,11.968,-0.82689,-0.00079657,-17.422
0.43537,-0.01461,0,11.968,-0.82689,-0.00079657,-17.422
0.43537,-0.01461,0,11.968,-0.82689,-0.00079657,-17.422
0.47712,-0.014606,0,11.313,0.35897,0.00045101,-13.065
0.47712,-0.014606,0,11.313,0.35897,0.00045101,-13.065
0.48547,-0.014633,0,11.244,0.47638,0.00026762,-11.8
0.48547,-0.014633,0,11.244,0.47638,0.00026762,-11.8
0.48547,-0.014633,0,11.244,0.47638,0.00026762,-11.8
0.49357,-0.014351,0,11.086,0.56972,0.0003102,-10.606
0.49381,-0.014636,0,11.178,0.56965,0.00018386,-10.523
0.49381,-0.014636,0,11.178,0.56965,0.00018386,-10.523
0.49381,-0.014636,0,11.178,0.56965,0.00018386,-10.523
0.54384,-0.009629,0,9.415,0.823,0.00051101,-2.6215
0.54384,-0.009629,0,9.415,0.823,0.00051101,-2.6215
0.58548,-0.004563,0,7.1254,0.47396,0.00032344,6.512
0.58548,-0.004563,0,7.1254,0.47396,0.00032344,6.512
0.59375,-0.0045009,0,7.3158,0.24871,0.0006667,6.5752
0.59375,-0.0045009,0,7.3158,0.24871,0.0006667,6.5752
0.59394,0.0069853,0,8.0567,-1.1918,0.00094005,-0.73796
0.59394,0.0069853,0,8.0567,-1.1918,0.00094005,-0.73796
0.59394,0.0069853,0,8.0567,-1.1918,0.00094005,-0.73796
0.59394,0.0069853,0,8.0567,-1.1918,0.00094005,-0.73796
0.41017,0.012097,0,11.27,3.06,-0.0042789,-12.44
0.41017,0.012097,0,11.27,3.06,-0.0042789,-12.44
0.41017,0.012097,0,11.27,3.06,-0.0042789,-12.44
0.41017,0.012097,0,11.27,3.06,-0.0042789,-12.44
0.56051,0.01211,0,10.124,-0.9523,0.00068169,-9.5943
0.56051,0.01211,0,10.124,-0.9523,0.00068169,-9.5943
0.43533,0.017132,0,12.418,1.2282,-0.002805,-22.223
0.43533,0.017132,0,12.418,1.2282,-0.002805,-22.223
0.43533,0.017132,0,12.418,1.2282,-0.002805,-22.223
0.4437,0.017143,0,12.432,0.86032,-0.0026983,-22.919
0.4437,0.017143,0,12.432,0.86032,-0.0026983,-22.919
0.45205,0.01709,0,12.35,0.54778,-0.0020539,-22.916
0.45205,0.01709,0,12.35,0.54778,-0.0020539,-22.916
0.45205,0.01709,0,12.35,0.54778,-0.0020539,-22.916
0.45205,0.01709,0,12.35,0.54778,-0.0020539,-22.916
0.4771,0.017114,0,11.998,-0.11144,-0.0008671,-20.947
0.4771,0.017114,0,11.998,-0.11144,-0.0008671,-20.947
0.4771,0.017114,0,11.998,-0.11144,-0.0008671,-20.947
0.48545,0.017117,0,11.881,-0.26228,-0.00067785,-19.926
0.48545,0.017117,0,11.881,-0.26228,-0.00067785,-19.926
0.49379,0.017143,0,11.817,-0.3914,-0.00064856,-18.892
0.49379,0.017143,0,11.817,-0.3914,-0.00064856,-18.892
0.50212,0.017121,0,11.751,-0.4999,-0.0006355,-17.8
0.50213,0.01714,0,11.759,-0.50004,-0.00065259,-17.795
0.50213,0.01714,0,11.759,-0.50004,-0.00065259,-17.795
0.50213,0.01714,0,11.759,-0.50004,-0.00065259,-17.795
0.42281,-0.014626,0,11.869,-1.5305,-0.0015042,-15.614
0.42281,-0.014626,0,11.869,-1.5305,-0.0015042,-15.614
0.42281,-0.014626,0,11.869,-1.5305,-0.0015042,-15.614
0.43118,-0.014635,0,11.982,-1.0392,-0.0011312,-17.23
0.43118,-0.014635,0,11.982,-1.0392,-0.0011312,-17.23
0.47295,-0.014616,0,11.382,0.29281,0.00048025,-13.697
0.47295,-0.014616,0,11.382,0.29281,0.00048025,-13.697
0.47295,-0.014616,0,11.382,0.29281,0.00048025,-13.697
0.47295,-0.014616,0,11.382,0.29281,0.00048025,-13.697
0.4813,-0.01465,0,11.289,0.42089,0.00038225,-12.475
0.4813,-0.01465,0,11.289,0.42089,0.00038225,-12.475
0.4813,-0.01465,0,11.289,0.42089,0.00038225,-12.475
0.48964,-0.014624,0,11.206,0.52381,0.00030332,-11.133
0.48964,-0.014624,0,11.206,0.52381,0.00030332,-11.133
0.48964,-0.014624,0,11.206,0.52381,0.00030332,-11.133
0.51466,-0.012124,0,10.268,0.73521,0.00060623,-7.3806
0.51466,-0.012124,0,10.268,0.73521,0.00060623,-7.3806
0.51466,-0.012124,0,10.268,0.73521,0.00060623,-7.3806
0.51466,-0.012124,0,10.268,0.73521,0.00060623,-7.3806
0.53967,-0.0096208,0,9.3284,0.81424,0.0006454,-3.2877
0.53967,-0.0096208,0,9.3284,0.81424,0.0006454,-3.2877
0.53967,-0.0096208,0,9.3284,0.81424,0.0006454,-3.2877
0.53967,-0.0096208,0,9.3284,0.81424,0.0006454,-3.2877
0.54801,-0.0096195,0,9.4917,0.83004,0.00044269,-1.8407
0.54801,-0.0096195,0,9.4917,0.83004,0.00044269,-1.8407
0.54801,-0.0096195,0,9.4917,0.83004,0.00044269,-1.8407
0.56468,-0.007107,0,8.389,0.77628,0.00045114,1.4646
0.56468,-0.007107,0,8.389,0.77628,0.00045114,1.4646
0.56468,-0.007107,0,8.389,0.77628,0.00045114,1.4646
0.56468,-0.007107,0,8.389,0.77628,0.00045114,1.4646
0.58961,-0.0045556,0,7.2286,0.35843,0.00030982,6.7396
0.59792,-0.0042274,0,7.2712,0.16909,0.00043727,5.6678
0.59868,-0.0041097,0,7.1947,0.16325,0.00052508,5.5072
0.59792,-0.0042274,0,7.2712,0.16909,0.00043727,5.6678
0.59792,-0.0042274,0,7.2712,0.16909,0.00043727,5.6678
0.59792,-0.0042274,0,7.2712,0.16909,0.00043727,5.6678
0.40163,0.0095109,0,9.427,3.4261,-0.0011499,6.3332
0.40163,0.0095109,0,9.427,3.4261,-0.0011499,6.3332
0.40163,0.0095109,0,9.427,3.4261,-0.0011499,6.3332
0.40163,0.0095109,0,9.427,3.4261,-0.0011499,6.3332
0.40163,0.0095109,0,9.427,3.4261,-0.0011499,6.3332
0.57718,0.009572,0,9.2067,-1.0272,0.0010611,-7.1182
0.57718,0.009572,0,9.2067,-1.0272,0.0010611,-7.1182
0.57718,0.009572,0,9.2067,-1.0272,0.0010611,-7.1182
0.57718,0.009572,0,9.2067,-1.0272,0.0010611,-7.1182
0.58136,0.0095754,0,9.3805,-1.102,0.00093008,-6.3381
0.58136,0.0095754,0,9.3805,-1.102,0.00093008,-6.3381
0.41858,0.014627,0,11.978,2.268,-0.0033876,-18.415
0.41858,0.014627,0,11.978,2.268,-0.0033876,-18.415
0.41858,0.014627,0,11.978,2.268,-0.0033876,-18.415
0.42304,0.014624,0,12.176,1.9722,-0.0043062,-20.825
0.42277,0.014624,0,12.168,1.9897,-0.004273,-20.701
0.42277,0.014624,0,12.168,1.9897,-0.004273,-20.701
0.42277,0.014624,0,12.168,1.9897,-0.004273,-20.701
0.42277,0.014624,0,12.168,1.9897,-0.004273,-20.701
0.52715,0.014627,0,10.801,-0.74759,0.00058615,-14.487
0.52715,0.014627,0,10.801,-0.74759,0.00058615,-14.487
0.52715,0.014627,0,10.801,-0.74759,0.00058615,-14.487
0.52715,0.014627,0,10.801,-0.74759,0.00058615,-14.487
0.53132,0.014637,0,10.866,-0.78365,0.00045047,-13.925
0.53132,0.014637,0,10.866,-0.78365,0.00045047,-13.925
0.53613,0.013879,0,10.5,-0.80619,0.00072341,-13.254
0.53549,0.014632,0,10.912,-0.81416,0.00028017,-13.26
0.53549,0.014632,0,10.912,-0.81416,0.00028017,-13.26
0.53549,0.014632,0,10.912,-0.81416,0.00028017,-13.26
0.55634,0.01212,0,10.013,-0.92085,0.00082872,-10.266
0.55634,0.01212,0,10.013,-0.92085,0.00082872,-10.266
0.44787,0.017127,0,12.404,0.69578,-0.0024043,-23.036
0.44787,0.017127,0,12.404,0.69578,-0.0024043,-23.036
0.45623,0.017112,0,12.316,0.41367,-0.0019217,-22.754
0.45623,0.017112,0,12.316,0.41367,-0.0019217,-22.754
0.45623,0.017112,0,12.316,0.41367,-0.0019217,-22.754
0.48127,0.017091,0,11.915,-0.19239,-0.00068447,-20.479
0.48127,0.017091,0,11.915,-0.19239,-0.00068447,-20.479
0.48127,0.017091,0,11.915,-0.19239,-0.00068447,-20.479
0.48127,0.017091,0,11.915,-0.19239,-0.00068447,-20.479
0.48962,0.017158,0,11.859,-0.33061,-0.00068279,-19.466
0.48962,0.017158,0,11.859,-0.33061,-0.00068279,-19.466
0.41019,-0.012102,0,11.114,-2.5817,-0.0017238,-8.9911
0.41019,-0.012102,0,11.114,-2.5817,-0.0017238,-8.9911
0.41019,-0.012102,0,11.114,-2.5817,-0.0017238,-8.9911
0.51883,-0.012123,0,10.312,0.76148,0.00048696,-6.7589
0.51883,-0.012123,0,10.312,0.76148,0.00048696,-6.7589
0.51883,-0.012123,0,10.312,0.76148,0.00048696,-6.7589
0.523,-0.012122,0,10.345,0.78048,0.00037262,-6.0283
0.523,-0.012122,0,10.345,0.78048,0.00037262,-6.0283
0.523,-0.012122,0,10.345,0.78048,0.00037262,-6.0283
0.56885,-0.0070802,0,8.4684,0.76328,0.00036381,2.4055
0.56885,-0.0070802,0,8.4684,0.76328,0.00036381,2.4055
0.56885,-0.0070802,0,8.4684,0.76328,0.00036381,2.4055
0.5729,-0.0069393,0,8.4438,0.73261,0.00028986,3.3505
0.57302,-0.0070765,0,8.5361,0.73396,0.0002725,3.3657
0.57302,-0.0070765,0,8.5361,0.73396,0.0002725,3.3657
0.57302,-0.0070765,0,8.5361,0.73396,0.0002725,3.3657
0.60208,0.0037352,0,5.729,-0.79644,0.00080833,4.6964
0.60208,0.0037352,0,5.729,-0.79644,0.00080833,4.6964
0.60208,0.0037352,0,5.729,-0.79644,0.00080833,4.6964
0.60208,0.0037352,0,5.729,-0.79644,0.00080833,4.6964
0.43952,0.017129,0,12.438,1.0351,-0.0028401,-22.695
0.43952,0.017129,0,12.438,1.0351,-0.0028401,-22.695
0.49796,0.017128,0,11.78,-0.44831,-0.00063173,-18.339
0.49796,0.017128,0,11.78,-0.44831,-0.00063173,-18.339
0.50705,0.016227,0,11.417,-0.56544,3.6915e-05,-17.205
0.5063,0.017133,0,11.729,-0.55036,-0.0006488,-17.216
0.5063,0.017133,0,11.729,-0.55036,-0.0006488,-17.216
0.5063,0.017133,0,11.729,-0.55036,-0.0006488,-17.216
0.53445,0.012744,0,9.6829,-0.75743,0.0015066,-13.508
0.42595,-0.012726,0,11.867,-1.3453,-0.00039681,-17.949
0.42805,-0.012727,0,11.838,-1.2112,0.00011947,-18.163
0.48442,-0.012756,0,10.381,0.46962,0.0011518,-12.232
0.48651,-0.012708,0,10.356,0.49522,0.0011157,-11.906
0.5428,-0.0077748,0,8.0042,0.74927,0.00093104,-2.8851
0.59271,-0.0027009,0,5.9597,0.19739,-1.4157e-05,7.0027
0.59478,-0.0026715,0,6.0522,0.15146,0.0027454,6.7228
0.39825,0.0035465,0,6.2317,3.0213,0.0028086,32.868
0.57092,-0.013264,0,10.238,0.71945,-0.00037448,2.3684
0.3953,0.013151,0,9.3443,2.0323,0.00082973,11.874
0.43743,0.02333,0,12.303,1.0526,0.00047824,-19.219
0.49587,0.023335,0,12.183,-0.35494,-0.00037778,-17.559
0.50422,0.02333,0,12.1,-0.45982,-0.00037798,-16.583
0.52091,-0.018335,0,11.148,0.71404,-0.00039355,-6.0229
0.50215,-0.014633,0,11.111,0.64445,3.1438e-05,-9.2135
0.40166,-0.0095177,0,9.3923,-3.01,-0.0018907,8.1617
0.55218,-0.0096104,0,9.5511,0.83208,0.00031505,-1.0767
0.56885,0.012095,0,10.305,-1.0142,0.00042316,-8.289
0.59601,0.013163,0,10.362,-1.0966,-0.00023948,-0.55592
0.56259,0.01829,0,11.342,-0.95108,-0.00053055,-8.8441
0.44579,0.023336,0,12.398,0.7595,0.00031503,-20.179
0.48753,0.023338,0,12.259,-0.2325,-0.0003618,-18.45
0.41861,-0.014617,0,11.704,-1.8031,-0.0012691,-13.849
0.55634,-0.0096052,0,9.5938,0.83123,0.00021607,-0.29259
0.53966,0.014624,0,10.949,-0.84431,0.00017768,-12.652
0.54383,0.014621,0,10.98,-0.87276,6.9311e-05,-12.02
0.49798,-0.014628,0,11.141,0.60813,0.00010386,-9.8371
0.50632,-0.014628,0,11.076,0.67674,-3.5216e-05,-8.5351
0.58556,0.0095492,0,9.4716,-1.1803,0.0007943,-5.0322
0.58975,0.0095099,0,9.4848,-1.2239,0.0006539,-3.1555
0.41438,0.014613,0,11.673,2.531,-0.0015416,-15.062
0.548,0.014615,0,11.002,-0.90107,-3.0453e-05,-11.38
0.52717,-0.012128,0,10.373,0.79726,0.00026528,-5.3666
0.53133,-0.012128,0,10.388,0.81312,0.00016784,-4.6902
0.60209,-0.0037436,0,7.0531,0.16356,0.0005815,5.8844
0.59813,0.006897,0,8.0578,-1.108,0.00081449,1.5457
0.56468,0.012103,0,10.224,-0.98137,0.00054529,-8.9466
0.42696,0.017125,0,12.266,1.656,-0.0017078,-20.326
0.43115,0.017129,0,12.365,1.435,-0.0024485,-21.482
0.51047,0.017129,0,11.703,-0.59315,-0.00065697,-16.626
0.51464,0.017135,0,11.681,-0.63796,-0.00066254,-16.079
0.57718,-0.0070697,0,8.5737,0.68677,0.00018647,4.3552
0.45208,-0.017133,0,11.947,-0.21772,-0.00075465,-15.599
0.45626,-0.017136,0,11.905,-0.10336,-0.00063815,-15.188
0.39728,0.0068802,0,8.0062,2.6997,0.00026529,20.94
0.40593,0.012072,0,10.581,3.1919,-0.00079272,-4.7707
0.51881,0.017129,0,11.652,-0.67699,-0.00066742,-15.453
0.40595,-0.012085,0,10.47,-2.7247,-0.00099646,-2.0541
0.5355,-0.012121,0,10.389,0.8246,7.8188e-05,-3.9733
0.39733,-0.0068698,0,8.0152,-2.3749,-0.0024631,21.754
0.57301,0.012079,0,10.365,-1.0467,0.00031467,-7.583
0.52091,-0.020812,0,11.179,0.68063,-0.00036818,-5.8779
0.52508,-0.018329,0,11.095,0.7301,-0.00039421,-5.3958
0.52876,-0.018323,0,11.048,0.74138,-0.00039383,-4.8375
0.52704,-0.015998,0,10.988,0.76884,-0.00036888,-5.2125
0.52508,-0.018329,0,11.095,0.7301,-0.00039421,-5.3958
0.52508,-0.018329,0,11.095,0.7301,-0.00039421,-5.3958
0.52508,-0.018329,0,11.095,0.7301,-0.00039421,-5.3958
0.41861,-0.014828,0,11.695,-1.7922,-0.0011719,-13.676
0.41861,-0.015862,0,11.651,-1.7384,-0.0006952,-12.823
0.41846,-0.014616,0,11.696,-1.8126,-0.0012527,-13.763
0.41651,-0.01461,0,11.584,-1.9403,-0.0010321,-12.609
0.44999,-0.017138,0,11.966,-0.2815,-0.00082208,-15.769
0.44886,-0.017142,0,11.974,-0.31793,-0.00085968,-15.843
0.45834,-0.017141,0,11.884,-0.049519,-0.00059069,-14.987
0.49798,-0.015875,0,11.317,0.5956,-0.00020606,-9.7025
0.50215,-0.015875,0,11.273,0.63127,-0.0002425,-9.0809
0.50007,-0.014631,0,11.126,0.62583,6.6908e-05,-9.5155
0.50632,-0.015871,0,11.227,0.66352,-0.00027704,-8.4298
0.5084,-0.014627,0,11.06,0.69051,-6.641e-05,-8.2078
0.57092,-0.015732,0,10.388,0.68304,-0.00040835,2.1458
0.57509,-0.013243,0,10.182,0.67125,-0.00038841,3.1258
0.57806,-0.013225,0,10.144,0.62702,-0.00039889,3.6221
0.57509,-0.013243,0,10.182,0.67125,-0.00038841,3.1258
0.57656,-0.011497,0,9.9305,0.67379,-0.00030349,3.6427
0.57509,-0.013243,0,10.182,0.67125,-0.00038841,3.1258
0.57509,-0.013243,0,10.182,0.67125,-0.00038841,3.1258
0.4017,-0.010788,0,9.5677,-2.7628,-0.0011155,7.3181
0.39954,-0.0094889,0,8.9673,-2.6568,-0.0018061,13.384
0.39954,-0.0094889,0,8.9673,-2.6568,-0.0018061,13.384
0.53209,-0.012127,0,10.388,0.81565,0.00015139,-4.5621
0.53342,-0.012124,0,10.389,0.82009,0.00012251,-4.3373
0.55218,-0.010853,0,10.027,0.83993,3.5666e-05,-1.0791
0.55634,-0.010845,0,10.023,0.83395,-3.7121e-05,-0.30484
0.55843,-0.0096005,0,9.6075,0.82803,0.00017226,0.11829
0.60209,-0.0049967,0,7.7937,0.17684,0.00031526,5.8014
0.60209,-0.0049967,0,7.7937,0.17684,0.00031526,5.8014
0.60011,0.0065527,0,7.9134,-1.0378,0.00077914,2.5785
0.39109,0.013077,0,9.2444,1.5374,0.00067342,13.478
0.39109,0.013077,0,9.2444,1.5374,0.00067342,13.478
0.56819,0.012096,0,10.293,-1.0087,0.00044148,-8.3921
0.56676,0.0121,0,10.267,-0.99686,0.00048159,-8.6177
0.56676,0.0121,0,10.267,-0.99686,0.00048159,-8.6177
0.5751,0.01207,0,10.389,-1.0679,0.00026232,-7.227
0.58556,0.010782,0,10.017,-1.1901,0.00042541,-4.8598
0.59184,0.0094879,0,9.4689,-1.2276,0.00057931,-2.0802
0.58974,0.010746,0,9.9803,-1.2191,0.00031979,-3.1269
0.60023,0.013093,0,10.252,-1.0107,-0.00022784,0.82864
0.60023,0.013093,0,10.252,-1.0107,-0.00022784,0.82864
0.60378,0.012642,0,10.153,-0.91485,-0.00020178,1.8757
0.60023,0.013093,0,10.252,-1.0107,-0.00022784,0.82864
0.60023,0.013093,0,10.252,-1.0107,-0.00022784,0.82864
0.39535,0.015665,0,9.6258,1.9101,0.00052168,9.4145
0.39535,0.015665,0,9.6258,1.9101,0.00052168,9.4145
0.39535,0.015665,0,9.6258,1.9101,0.00052168,9.4145
0.39535,0.015665,0,9.6258,1.9101,0.00052168,9.4145
0.41439,0.015856,0,11.634,2.4198,0.00035504,-14.079
0.42487,0.017121,0,12.197,1.7713,-0.0012071,-19.562
0.51673,0.017132,0,11.666,-0.65858,-0.00066349,-15.766
0.54175,0.014621,0,10.965,-0.8579,0.0001235,-12.323
0.54175,0.014621,0,10.965,-0.8579,0.0001235,-12.323
0.53966,0.015866,0,11.319,-0.84655,-0.00036877,-12.549
0.54383,0.01586,0,11.308,-0.87312,-0.00040869,-11.92
0.55009,0.014612,0,11.01,-0.91375,-7.768e-05,-11.061
0.548,0.015854,0,11.292,-0.89917,-0.00043928,-11.292
0.56675,0.018277,0,11.29,-0.97126,-0.00051611,-8.1681
0.56539,0.018281,0,11.307,-0.96466,-0.00052083,-8.389
0.56886,0.01827,0,11.262,-0.98115,-0.00050722,-7.8089
0.56675,0.018277,0,11.29,-0.97126,-0.00051611,-8.1681
0.56675,0.018277,0,11.29,-0.97126,-0.00051611,-8.1681
0.56675,0.018277,0,11.29,-0.97126,-0.00051611,-8.1681
0.59601,0.015649,0,10.606,-1.0349,-0.00039177,-0.90812
0.59601,0.015649,0,10.606,-1.0349,-0.00039177,-0.90812
0.43325,0.023325,0,12.223,1.2094,0.00051106,-18.394
0.43325,0.023325,0,12.223,1.2094,0.00051106,-18.394
0.43325,0.023325,0,12.223,1.2094,0.00051106,-18.394
0.43325,0.023325,0,12.223,1.2094,0.00051106,-18.394
0.43973,0.023332,0,12.335,0.96965,0.00043985,-19.539
0.44161,0.023334,0,12.36,0.90215,0.0004086,-19.799
0.44161,0.023334,0,12.36,0.90215,0.0004086,-19.799
0.44073,0.022289,0,12.382,0.9468,0.00024246,-20.218
0.44161,0.023334,0,12.36,0.90215,0.0004086,-19.799
0.44161,0.023334,0,12.36,0.90215,0.0004086,-19.799
0.45317,0.023338,0,12.427,0.52855,0.00015672,-20.431
0.44997,0.023337,0,12.42,0.62578,0.00021082,-20.394
0.44997,0.023337,0,12.42,0.62578,0.00021082,-20.394
0.44997,0.023337,0,12.42,0.62578,0.00021082,-20.394
0.44997,0.023337,0,12.42,0.62578,0.00021082,-20.394
0.44997,0.023337,0,12.42,0.62578,0.00021082,-20.394
0.44997,0.023337,0,12.42,0.62578,0.00021082,-20.394
0.47978,0.023339,0,12.325,-0.099485,-0.00028824,-19.201
0.48336,0.023338,0,12.294,-0.1636,-0.00034101,-18.858
0.48336,0.023338,0,12.294,-0.1636,-0.00034101,-18.858
0.48336,0.023338,0,12.294,-0.1636,-0.00034101,-18.858
0.48336,0.023338,0,12.294,-0.1636,-0.00034101,-18.858
0.48336,0.023338,0,12.294,-0.1636,-0.00034101,-18.858
0.48336,0.023338,0,12.294,-0.1636,-0.00034101,-18.858
0.4917,0.023337,0,12.222,-0.29617,-0.00037277,-18.02
0.48973,0.023337,0,12.24,-0.26606,-0.00036758,-18.223
0.4917,0.023337,0,12.222,-0.29617,-0.00037277,-18.02
0.49021,0.021564,0,12.224,-0.2924,-0.00084017,-18.538
0.4917,0.023337,0,12.222,-0.29617,-0.00037277,-18.02
0.4917,0.023337,0,12.222,-0.29617,-0.00037277,-18.02
0.50004,0.023333,0,12.142,-0.4093,-0.00037924,-17.077
0.50004,0.023333,0,12.142,-0.4093,-0.00037924,-17.077
0.50004,0.023333,0,12.142,-0.4093,-0.00037924,-17.077
0.50004,0.023333,0,12.142,-0.4093,-0.00037924,-17.077
0.50839,0.023328,0,12.057,-0.5065,-0.00037468,-16.073
0.50839,0.023328,0,12.057,-0.5065,-0.00037468,-16.073
0.50839,0.023328,0,12.057,-0.5065,-0.00037468,-16.073
0.50839,0.023328,0,12.057,-0.5065,-0.00037468,-16.073
0.56258,0.020763,0,11.394,-0.91654,-0.00043118,-8.6746
0.43743,0.025804,0,12.22,1.008,0.00025531,-18.102
0.44579,0.02581,0,12.328,0.73858,0.00026736,-19.185
0.45414,0.025814,0,12.371,0.49622,0.00023251,-19.577
0.45414,0.025814,0,12.371,0.49622,0.00023251,-19.577
0.45414,0.025814,0,12.371,0.49622,0.00023251,-19.577
0.45414,0.025814,0,12.371,0.49622,0.00023251,-19.577
0.47919,0.025814,0,12.302,-0.071638,2.0234e-06,-18.677
0.47919,0.025814,0,12.302,-0.071638,2.0234e-06,-18.677
0.47919,0.025814,0,12.302,-0.071638,2.0234e-06,-18.677
0.47919,0.025814,0,12.302,-0.071638,2.0234e-06,-18.677
0.48753,0.025812,0,12.242,-0.21168,-6.613e-05,-17.969
0.48753,0.026626,0,12.233,-0.20524,-5.7303e-05,-17.817
0.49587,0.025808,0,12.172,-0.33089,-0.0001124,-17.144
0.50421,0.025804,0,12.093,-0.43364,-0.00014916,-16.223
0.45417,-0.017131,0,11.926,-0.15881,-0.00069253,-15.395
0.50423,-0.014631,0,11.094,0.66207,-2.6695e-06,-8.885
0.40383,-0.012064,0,10.084,-2.6851,-0.00087142,2.238
0.39734,-0.0081442,0,8.4112,-2.3168,-0.0019412,18.92
0.39734,-0.0081442,0,8.4112,-2.3168,-0.0019412,18.92
0.52925,-0.012129,0,10.382,0.80462,0.00021591,-5.0223
0.52925,-0.012129,0,10.382,0.80462,0.00021591,-5.0223
0.53759,-0.012118,0,10.388,0.82864,3.5976e-05,-3.6268
0.55426,-0.0096081,0,9.5749,0.83173,0.00026241,-0.68344
0.55505,-0.009607,0,9.5821,0.83154,0.00024484,-0.53523
0.55426,-0.0096081,0,9.5749,0.83173,0.00026241,-0.68344
0.39519,-0.0068118,0,8.044,-1.763,-0.0014085,22.978
0.57927,-0.0070619,0,8.5831,0.65307,0.0001471,4.8275
0.39516,0.0068104,0,8.0378,2.0649,0.0041492,22.355
0.3973,0.0081436,0,8.4078,2.6507,0.0016047,17.949
0.3973,0.0081436,0,8.4078,2.6507,0.0016047,17.949
0.40382,0.012055,0,10.18,3.1324,0.00090934,-0.21989
0.40594,0.01332,0,10.614,2.9786,0.0011114,-4.222
0.57093,0.012087,0,10.337,-1.031,0.00036946,-7.9388
0.58766,0.0095307,0,9.4868,-1.2095,0.00072439,-4.1522
0.58766,0.0095307,0,9.4868,-1.2095,0.00072439,-4.1522
0.41228,0.014605,0,11.471,2.6391,-0.00044933,-12.898
0.41118,0.014598,0,11.344,2.6888,6.787e-05,-11.514
0.42906,0.017128,0,12.322,1.5441,-0.0021254,-20.962
0.51256,0.017134,0,11.693,-0.61519,-0.00066198,-16.357
0.5209,0.017127,0,11.64,-0.69511,-0.00067044,-15.163
0.54497,0.014619,0,10.987,-0.88117,4.1772e-05,-11.853
0.54592,0.014618,0,10.992,-0.88813,1.9001e-05,-11.714
0.40597,-0.013329,0,10.492,-2.527,-0.00042273,-1.6073
0.52717,-0.013371,0,10.713,0.79554,-7.1146e-05,-5.3108
0.53133,-0.013368,0,10.69,0.8088,-0.00013208,-4.6356
0.5355,-0.013361,0,10.661,0.81846,-0.00018587,-3.9414
0.57718,-0.008303,0,9.1456,0.69023,1.6184e-05,4.1947
0.60417,-0.0037435,0,7.0818,0.14193,0.0006225,5.6726
0.60417,-0.0037435,0,7.0818,0.14193,0.0006225,5.6726
0.59813,0.0081418,0,8.7991,-1.1286,0.00067213,1.2423
0.56468,0.013342,0,10.71,-0.99854,6.3934e-05,-8.8607
0.56884,0.01333,0,10.734,-1.0265,-1.3167e-05,-8.1927
0.56884,0.014439,0,10.971,-1.0246,-0.00029791,-8.1075
0.42697,0.018365,0,12.231,1.6171,-0.00015626,-19.461
0.43115,0.018371,0,12.342,1.4098,-0.00091838,-20.684
0.51047,0.018374,0,11.887,-0.5835,-0.00099424,-16.464
0.51464,0.018375,0,11.85,-0.62701,-0.00094396,-15.915
0.51881,0.018371,0,11.811,-0.66612,-0.00089523,-15.317
0.45208,-0.018373,0,11.96,-0.2287,-0.00076101,-15.167
0.45626,-0.018374,0,11.926,-0.11559,-0.0006839,-14.808
0.57301,0.013315,0,10.742,-1.0557,-8.5054e-05,-7.4921
0.52091,-0.018335,0,11.148,0.71404,-0.00039355,-6.0229
0.52091,-0.018335,0,11.148,0.71404,-0.00039355,-6.0229
0.52091,-0.018335,0,11.148,0.71404,-0.00039355,-6.0229
0.56988,-0.012026,0,10.073,0.74625,-0.00027732,2.2689
0.57092,-0.013264,0,10.238,0.71945,-0.00037448,2.3684
0.57092,-0.013264,0,10.238,0.71945,-0.00037448,2.3684
0.57092,-0.013264,0,10.238,0.71945,-0.00037448,2.3684
0.3953,0.013151,0,9.3443,2.0323,0.00082973,11.874
0.3953,0.013151,0,9.3443,2.0323,0.00082973,11.874
0.3953,0.013151,0,9.3443,2.0323,0.00082973,11.874
0.3953,0.013151,0,9.3443,2.0323,0.00082973,11.874
0.3953,0.013151,0,9.3443,2.0323,0.00082973,11.874
0.59601,0.013163,0,10.362,-1.0966,-0.00023948,-0.55592
0.59601,0.013163,0,10.362,-1.0966,-0.00023948,-0.55592
0.59601,0.013163,0,10.362,-1.0966,-0.00023948,-0.55592
0.59601,0.013163,0,10.362,-1.0966,-0.00023948,-0.55592
0.59601,0.013163,0,10.362,-1.0966,-0.00023948,-0.55592
0.56414,0.016444,0,11.212,-0.98148,-0.00048403,-8.7323
0.56259,0.01829,0,11.342,-0.95108,-0.00053055,-8.8441
0.56259,0.01829,0,11.342,-0.95108,-0.00053055,-8.8441
0.56259,0.01829,0,11.342,-0.95108,-0.00053055,-8.8441
0.43743,0.02333,0,12.303,1.0526,0.00047824,-19.219
0.43743,0.02333,0,12.303,1.0526,0.00047824,-19.219
0.43743,0.02333,0,12.303,1.0526,0.00047824,-19.219
0.44579,0.023336,0,12.398,0.7595,0.00031503,-20.179
0.44579,0.023336,0,12.398,0.7595,0.00031503,-20.179
0.44579,0.023336,0,12.398,0.7595,0.00031503,-20.179
0.45358,0.022673,0,12.441,0.51633,-0.00010799,-20.714
0.45414,0.023339,0,12.429,0.49916,0.00014037,-20.443
0.45414,0.023339,0,12.429,0.49916,0.00014037,-20.443
0.45414,0.023339,0,12.429,0.49916,0.00014037,-20.443
0.45414,0.023339,0,12.429,0.49916,0.00014037,-20.443
0.47929,0.023221,0,12.329,-0.09183,-0.00031907,-19.276
0.47919,0.022912,0,12.333,-0.089833,-0.00039457,-19.37
0.47919,0.023339,0,12.33,-0.088874,-0.00027951,-19.258
0.47919,0.023339,0,12.33,-0.088874,-0.00027951,-19.258
0.47919,0.023339,0,12.33,-0.088874,-0.00027951,-19.258
0.47919,0.023339,0,12.33,-0.088874,-0.00027951,-19.258
0.48753,0.023338,0,12.259,-0.2325,-0.0003618,-18.45
0.48753,0.023338,0,12.259,-0.2325,-0.0003618,-18.45
0.48753,0.023338,0,12.259,-0.2325,-0.0003618,-18.45
0.49587,0.023335,0,12.183,-0.35494,-0.00037778,-17.559
0.49587,0.023335,0,12.183,-0.35494,-0.00037778,-17.559
0.49587,0.023335,0,12.183,-0.35494,-0.00037778,-17.559
0.50422,0.02333,0,12.1,-0.45982,-0.00037798,-16.583
0.50422,0.02333,0,12.1,-0.45982,-0.00037798,-16.583
0.50422,0.02333,0,12.1,-0.45982,-0.00037798,-16.583
0.40166,-0.0095177,0,9.3923,-3.01,-0.0018907,8.1617
0.40166,-0.0095177,0,9.3923,-3.01,-0.0018907,8.1617
0.40166,-0.0095177,0,9.3923,-3.01,-0.0018907,8.1617
0.55218,-0.0096104,0,9.5511,0.83208,0.00031505,-1.0767
0.55218,-0.0096104,0,9.5511,0.83208,0.00031505,-1.0767
0.55218,-0.0096104,0,9.5511,0.83208,0.00031505,-1.0767
0.60209,-0.0037436,0,7.0531,0.16356,0.0005815,5.8844
0.60209,-0.0037436,0,7.0531,0.16356,0.0005815,5.8844
0.60209,-0.0037436,0,7.0531,0.16356,0.0005815,5.8844
0.60209,-0.0037436,0,7.0531,0.16356,0.0005815,5.8844
0.60209,-0.0037436,0,7.0531,0.16356,0.0005815,5.8844
0.51047,0.017129,0,11.703,-0.59315,-0.00065697,-16.626
0.49798,-0.014628,0,11.141,0.60813,0.00010386,-9.8371
0.58556,0.0095492,0,9.4716,-1.1803,0.0007943,-5.0322
0.58556,0.0095492,0,9.4716,-1.1803,0.0007943,-5.0322
0.58556,0.0095492,0,9.4716,-1.1803,0.0007943,-5.0322
0.41438,0.014613,0,11.673,2.531,-0.0015416,-15.062
0.53966,0.014624,0,10.949,-0.84431,0.00017768,-12.652
0.53966,0.014624,0,10.949,-0.84431,0.00017768,-12.652
0.53966,0.014624,0,10.949,-0.84431,0.00017768,-12.652
0.52717,-0.012128,0,10.373,0.79726,0.00026528,-5.3666
0.52717,-0.012128,0,10.373,0.79726,0.00026528,-5.3666
0.52717,-0.012128,0,10.373,0.79726,0.00026528,-5.3666
0.59813,0.006897,0,8.0578,-1.108,0.00081449,1.5457
0.56468,0.012103,0,10.224,-0.98137,0.00054529,-8.9466
0.56468,0.012103,0,10.224,-0.98137,0.00054529,-8.9466
0.56468,0.012103,0,10.224,-0.98137,0.00054529,-8.9466
0.43115,0.017129,0,12.365,1.435,-0.0024485,-21.482
0.40595,-0.012085,0,10.47,-2.7247,-0.00099646,-2.0541
0.39733,-0.0068698,0,8.0152,-2.3749,-0.0024631,21.754
0.39733,-0.0068698,0,8.0152,-2.3749,-0.0024631,21.754
0.39733,-0.0068698,0,8.0152,-2.3749,-0.0024631,21.754
0.39728,0.0068802,0,8.0062,2.6997,0.00026529,20.94
0.39728,0.0068802,0,8.0062,2.6997,0.00026529,20.94
0.39728,0.0068802,0,8.0062,2.6997,0.00026529,20.94
0.40593,0.012072,0,10.581,3.1919,-0.00079272,-4.7707
0.45417,-0.023323,0,11.87,-0.20119,-0.00041628,-13.44
0.52925,-0.018322,0,11.041,0.74289,-0.00039377,-4.763
0.40387,0.018275,0,10.516,2.2867,0.00056971,-0.61691
0.42906,0.023319,0,12.113,1.3692,0.00049688,-17.254
0.51256,0.023325,0,12.012,-0.5498,-0.00037014,-15.55
0.5209,0.023319,0,11.921,-0.62728,-0.00035745,-14.472
0.4039,-0.01828,0,10.357,-1.9079,-0.00066717,1.8742
0.53758,-0.018307,0,10.93,0.75856,-0.00039165,-3.4698
0.39528,-0.013132,0,9.2755,-1.7081,-0.0010035,13.112
0.57925,-0.013218,0,10.13,0.60934,-0.00040308,3.8204
0.57092,0.018263,0,11.234,-0.99088,-0.00049848,-7.4556
0.45417,-0.025796,0,11.813,-0.20809,-0.00038633,-12.721
0.45084,-0.023322,0,11.879,-0.28883,-0.00042446,-13.562
0.44999,-0.023322,0,11.881,-0.311,-0.00042653,-13.593
0.45027,-0.022989,0,11.888,-0.30197,-0.00043966,-13.697
0.44999,-0.023322,0,11.881,-0.311,-0.00042653,-13.593
0.44999,-0.023322,0,11.881,-0.311,-0.00042653,-13.593
0.44999,-0.023322,0,11.881,-0.311,-0.00042653,-13.593
0.45834,-0.023323,0,11.85,-0.10068,-0.00040513,-13.203
0.45834,-0.023323,0,11.85,-0.10068,-0.00040513,-13.203
0.45834,-0.023323,0,11.85,-0.10068,-0.00040513,-13.203
0.45834,-0.023323,0,11.85,-0.10068,-0.00040513,-13.203
0.40392,-0.020762,0,10.412,-1.6984,-0.00057351,1.5913
0.39968,-0.018245,0,9.9823,-1.739,-0.00072179,6.1554
0.39968,-0.018245,0,9.9823,-1.739,-0.00072179,6.1554
0.52924,-0.020187,0,11.063,0.71696,-0.00036799,-4.6881
0.52924,-0.020798,0,11.071,0.70847,-0.00035955,-4.6636
0.53758,-0.020782,0,10.959,0.7235,-0.00034996,-3.4139
0.53145,-0.018318,0,11.012,0.74795,-0.0003933,-4.4229
0.53341,-0.018315,0,10.986,0.75245,-0.00039288,-4.1206
0.53313,-0.017974,0,10.979,0.75668,-0.00039125,-4.1787
0.53341,-0.018315,0,10.986,0.75245,-0.00039288,-4.1206
0.53341,-0.018315,0,10.986,0.75245,-0.00039288,-4.1206
0.53341,-0.018315,0,10.986,0.75245,-0.00039288,-4.1206
0.54175,-0.018298,0,10.874,0.76125,-0.00039003,-2.8144
0.54175,-0.018298,0,10.874,0.76125,-0.00039003,-2.8144
0.54175,-0.018298,0,10.874,0.76125,-0.00039003,-2.8144
0.54175,-0.018298,0,10.874,0.76125,-0.00039003,-2.8144
0.39532,-0.015638,0,9.5303,-1.5925,-0.00076685,10.851
0.39532,-0.015638,0,9.5303,-1.5925,-0.00076685,10.851
0.39109,-0.013077,0,9.1866,-1.2457,-0.00062923,14.428
0.39109,-0.013077,0,9.1866,-1.2457,-0.00062923,14.428
0.57925,-0.015684,0,10.278,0.57979,-0.00041447,3.4457
0.57925,-0.01496,0,10.234,0.58847,-0.00041113,3.5557
0.5834,-0.013189,0,10.087,0.53565,-0.00041535,4.3901
0.58233,-0.013197,0,10.098,0.55474,-0.00041217,4.2425
0.5834,-0.013189,0,10.087,0.53565,-0.00041535,4.3901
0.58315,-0.012895,0,10.051,0.5437,-0.00040198,4.419
0.5834,-0.013189,0,10.087,0.53565,-0.00041535,4.3901
0.5834,-0.013189,0,10.087,0.53565,-0.00041535,4.3901
0.39966,0.018241,0,10.121,2.0915,0.00042213,4.0519
0.39966,0.018241,0,10.121,2.0915,0.00042213,4.0519
0.39966,0.018241,0,10.121,2.0915,0.00042213,4.0519
0.39966,0.018241,0,10.121,2.0915,0.00042213,4.0519
0.57509,0.018246,0,11.172,-1.0103,-0.0004803,-6.6876
0.57509,0.018246,0,11.172,-1.0103,-0.0004803,-6.6876
0.57509,0.018246,0,11.172,-1.0103,-0.0004803,-6.6876
0.57509,0.018246,0,11.172,-1.0103,-0.0004803,-6.6876
0.40389,0.020758,0,10.59,2.0656,0.00034643,-0.92525
0.42488,0.023311,0,11.968,1.5263,0.00044083,-15.73
0.42488,0.023311,0,11.968,1.5263,0.00044083,-15.73
0.42488,0.023311,0,11.968,1.5263,0.00044083,-15.73
0.42488,0.023311,0,11.968,1.5263,0.00044083,-15.73
0.51673,0.023322,0,11.967,-0.59003,-0.00036469,-15.017
0.51673,0.023322,0,11.967,-0.59003,-0.00036469,-15.017
0.51673,0.023322,0,11.967,-0.59003,-0.00036469,-15.017
0.51673,0.023322,0,11.967,-0.59003,-0.00036469,-15.017
0.52327,0.023317,0,11.894,-0.64698,-0.00035399,-14.157
0.52506,0.023316,0,11.874,-0.66185,-0.00035138,-13.919
0.52454,0.022692,0,11.874,-0.66548,-0.00042483,-14.059
0.52506,0.023316,0,11.874,-0.66185,-0.00035138,-13.919
0.52506,0.023316,0,11.874,-0.66185,-0.00035138,-13.919
0.52506,0.023316,0,11.874,-0.66185,-0.00035138,-13.919
0.57092,0.020736,0,11.276,-0.95153,-0.00040033,-7.2948
0.57092,0.02299,0,11.287,-0.91494,-0.00030138,-7.1689
0.42907,0.025793,0,12.022,1.2913,0.00019548,-16.071
0.51255,0.025799,0,12.008,-0.52211,-0.00017729,-15.239
0.52089,0.025793,0,11.919,-0.59825,-0.00019792,-14.201
0.45417,-0.023323,0,11.87,-0.20119,-0.00041628,-13.44
0.45417,-0.023323,0,11.87,-0.20119,-0.00041628,-13.44
0.45417,-0.023323,0,11.87,-0.20119,-0.00041628,-13.44
0.4039,-0.01828,0,10.357,-1.9079,-0.00066717,1.8742
0.4039,-0.01828,0,10.357,-1.9079,-0.00066717,1.8742
0.4039,-0.01828,0,10.357,-1.9079,-0.00066717,1.8742
0.52925,-0.018322,0,11.041,0.74289,-0.00039377,-4.763
0.52925,-0.018322,0,11.041,0.74289,-0.00039377,-4.763
0.52925,-0.018322,0,11.041,0.74289,-0.00039377,-4.763
0.53758,-0.018307,0,10.93,0.75856,-0.00039165,-3.4698
0.53758,-0.018307,0,10.93,0.75856,-0.00039165,-3.4698
0.53758,-0.018307,0,10.93,0.75856,-0.00039165,-3.4698
0.39528,-0.013132,0,9.2755,-1.7081,-0.0010035,13.112
0.39528,-0.013132,0,9.2755,-1.7081,-0.0010035,13.112
0.39528,-0.013132,0,9.2755,-1.7081,-0.0010035,13.112
0.39528,-0.013132,0,9.2755,-1.7081,-0.0010035,13.112
0.39528,-0.013132,0,9.2755,-1.7081,-0.0010035,13.112
0.57925,-0.013218,0,10.13,0.60934,-0.00040308,3.8204
0.57925,-0.013218,0,10.13,0.60934,-0.00040308,3.8204
0.57925,-0.013218,0,10.13,0.60934,-0.00040308,3.8204
0.40387,0.018275,0,10.516,2.2867,0.00056971,-0.61691
0.40387,0.018275,0,10.516,2.2867,0.00056971,-0.61691
0.40387,0.018275,0,10.516,2.2867,0.00056971,-0.61691
0.57005,0.017227,0,11.191,-1.001,-0.00048894,-7.6891
0.57092,0.018263,0,11.234,-0.99088,-0.00049848,-7.4556
0.57092,0.018263,0,11.234,-0.99088,-0.00049848,-7.4556
0.57092,0.018263,0,11.234,-0.99088,-0.00049848,-7.4556
0.42906,0.023319,0,12.113,1.3692,0.00049688,-17.254
0.42906,0.023319,0,12.113,1.3692,0.00049688,-17.254
0.42906,0.023319,0,12.113,1.3692,0.00049688,-17.254
0.51256,0.023325,0,12.012,-0.5498,-0.00037014,-15.55
0.51256,0.023325,0,12.012,-0.5498,-0.00037014,-15.55
0.51256,0.023325,0,12.012,-0.5498,-0.00037014,-15.55
0.5209,0.023319,0,11.921,-0.62728,-0.00035745,-14.472
0.5209,0.023319,0,11.921,-0.62728,-0.00035745,-14.472
0.5209,0.023319,0,11.921,-0.62728,-0.00035745,-14.472
0.42481,-0.010302,0,10.473,-1.2491,0.0038399,-19.713
0.42483,-0.010146,0,10.059,-1.1946,0.0041471,-19.816
0.42497,-0.010043,0,9.5211,-1.1173,0.0043084,-19.918
0.42619,-0.010454,0,10.391,-1.1584,0.0038209,-19.682
0.42621,-0.010297,0,9.9669,-1.1051,0.0040967,-19.791
0.42607,-0.010164,0,9.4345,-1.0449,0.0042428,-19.902
0.42631,-0.010188,0,9.4169,-1.0284,0.0042288,-19.877
0.49243,-0.010261,0,7.1103,0.44002,0.001741,-11.244
0.49276,-0.01024,0,7.0944,0.44043,0.0017377,-11.174
0.4925,-0.010098,0,6.6653,0.41801,0.0016862,-11.233
0.49275,-0.010082,0,6.6558,0.41865,0.0016836,-11.185
0.49274,-0.009968,0,6.1787,0.39262,0.001606,-11.195
0.49275,-0.0099676,0,6.1785,0.39264,0.0016059,-11.194
0.49276,-0.0099671,0,6.1782,0.39268,0.0016058,-11.193
0.49173,-0.010307,0,7.1441,0.43915,0.0017478,-11.393
0.49172,-0.010149,0,6.6957,0.41594,0.0016945,-11.386
0.49171,-0.010035,0,6.2122,0.38909,0.0016168,-11.385
0.49111,-0.010073,0,6.2176,0.38932,0.0016243,-11.427
0.5511,-0.0050104,0,5.2965,0.5478,0.00072158,-1.3092
0.55105,-0.0047446,0,4.6136,0.48658,0.00065002,-1.3223
0.55108,-0.0048533,0,4.9672,0.51907,0.00068803,-1.314
0.55021,-0.0048325,0,4.6361,0.48757,0.00065982,-1.5138
0.55105,-0.004742,0,4.6052,0.4858,0.00064912,-1.3225
0.55201,-0.0046371,0,4.5679,0.48224,0.00063585,-1.1399
0.55007,-0.0051212,0,5.343,0.551,0.00073682,-1.5439
0.55006,-0.004964,0,5.0092,0.52192,0.00070229,-1.5478
0.54989,-0.004867,0,4.6476,0.48855,0.00066409,-1.5837
0.55004,-0.0048507,0,4.6423,0.48793,0.00066197,-1.5524
0.53405,0.010509,0,6.5837,-0.55703,0.0020931,-13.732
0.53332,0.010572,0,6.5973,-0.54541,0.0021028,-13.872
0.53392,0.010362,0,6.1904,-0.52597,0.0020347,-13.764
0.53331,0.010415,0,6.2108,-0.51844,0.0020436,-13.873
0.53298,0.010328,0,5.7929,-0.48726,0.0019601,-13.916
0.5333,0.010301,0,5.7834,-0.48728,0.0019591,-13.875
0.53421,0.010495,0,6.5805,-0.55968,0.0020909,-13.7
0.53434,0.010211,0,5.7517,-0.49732,0.0019427,-13.693
0.5342,0.010337,0,6.181,-0.52945,0.0020305,-13.713
0.53437,0.010207,0,5.7489,-0.49739,0.0019412,-13.689
0.53434,0.01021,0,5.7492,-0.49713,0.0019422,-13.692
0.43351,-0.011076,0,9.957,-0.72963,0.0036936,-19.456
0.43338,-0.010792,0,8.8949,-0.6434,0.0038669,-19.636
0.43352,-0.010918,0,9.4699,-0.68806,0.0038319,-19.537
0.43338,-0.010792,0,8.8949,-0.6434,0.0038669,-19.636
0.43227,-0.010714,0,8.9794,-0.69047,0.003914,-19.724
0.43213,-0.010979,0,10.053,-0.78969,0.0037107,-19.588
0.4321,-0.010977,0,10.055,-0.79116,0.0037107,-19.587
0.43227,-0.010715,0,8.9846,-0.69097,0.0039136,-19.723
0.43214,-0.010822,0,9.568,-0.74652,0.0038728,-19.656
0.43206,-0.010815,0,9.5738,-0.75054,0.0038748,-19.656
0.48383,-0.010777,0,7.3938,0.38027,0.0019225,-12.546
0.48337,-0.010802,0,7.4136,0.37711,0.00194,-12.616
0.48336,-0.01053,0,6.4662,0.33782,0.0018015,-12.642
0.4838,-0.010621,0,6.9429,0.36182,0.0018676,-12.564
0.48336,-0.010644,0,6.9599,0.35917,0.0018836,-12.63
0.48336,-0.01053,0,6.4658,0.3378,0.0018015,-12.642
0.4834,-0.010528,0,6.4645,0.33802,0.0018001,-12.636
0.48232,-0.010585,0,6.5028,0.33061,0.0018281,-12.808
0.48233,-0.010858,0,7.4615,0.36849,0.0019707,-12.779
0.48232,-0.010587,0,6.5107,0.33094,0.0018294,-12.808
0.48232,-0.0107,0,7.0027,0.35144,0.0019123,-12.795
0.48441,-0.010745,0,7.3689,0.38424,0.0019005,-12.458
0.4844,-0.010474,0,6.4353,0.34391,0.0017648,-12.48
0.4844,-0.010587,0,6.9189,0.36555,0.0018451,-12.47
0.4846,-0.010462,0,6.4225,0.34475,0.0017569,-12.448
0.4844,-0.010473,0,6.4294,0.34364,0.0017638,-12.48
0.42386,-0.010191,0,10.516,-1.3187,0.0038622,-19.621
0.42388,-0.010035,0,10.12,-1.2633,0.0041867,-19.739
0.42391,-0.0099191,0,9.6015,-1.1903,0.004373,-19.839
0.49078,-0.010368,0,7.17,0.44376,0.0017591,-11.451
0.49064,-0.010103,0,6.2234,0.38959,0.0016303,-11.461
0.49077,-0.01021,0,6.7081,0.41828,0.0017064,-11.457
0.49064,-0.010103,0,6.2219,0.3895,0.0016301,-11.461
0.49033,-0.010122,0,6.2264,0.386,0.0016407,-11.505
0.54078,-0.0061004,0,5.6105,0.56058,0.00088855,-3.1789
0.54185,-0.00599,0,5.6089,0.57097,0.00086768,-3.0231
0.5417,-0.0057344,0,4.8687,0.50008,0.00077287,-3.031
0.5407,-0.0059494,0,5.2547,0.52837,0.00084506,-3.1959
0.54184,-0.0058324,0,5.2456,0.53666,0.0008227,-3.0242
0.5417,-0.0057317,0,4.8584,0.49908,0.0007715,-3.0312
0.54063,-0.0058425,0,4.8721,0.49306,0.00079419,-3.2043
0.54048,-0.0061319,0,5.6109,0.55762,0.00089451,-3.2234
0.54046,-0.0059742,0,5.2566,0.52662,0.0008498,-3.2322
0.5406,-0.0058457,0,4.8737,0.49302,0.00079495,-3.2087
0.5406,-0.0058453,0,4.8725,0.49291,0.00079477,-3.2086
0.5428,-0.0058912,0,5.5822,0.5606,0.00086441,-2.9104
0.54277,-0.0056212,0,4.8478,0.49405,0.00076587,-2.9008
0.54279,-0.005734,0,5.231,0.52953,0.00081698,-2.9029
0.54277,-0.0056211,0,4.8474,0.49401,0.00076581,-2.9008
0.39921,-1.585e-05,0,2.3037,0.0064312,0.016402,55.406
0.39935,-1.2076e-05,0,1.9446,0.0016619,0.019759,56.998
0.39957,0.00063129,0,1.7365,1.6107,0.029515,56.906
0.39953,-3.7491e-06,0,1.5316,0.0018025,0.023895,58.911
0.39929,-0.00073255,0,2.5521,-1.4695,0.011643,53.589
0.39944,-0.00070397,0,2.2115,-1.5632,0.014639,55.034
0.3996,-0.00066468,0,1.8244,-1.6651,0.018286,56.738
0.54905,-0.0052313,0,5.3916,0.55856,0.00075341,-1.7734
0.54902,-0.0049629,0,4.6837,0.49267,0.000677,-1.765
0.54904,-0.005074,0,5.0508,0.52759,0.00071789,-1.7665
0.54902,-0.0049612,0,4.678,0.49212,0.00067635,-1.765
0.54806,-0.005064,0,4.689,0.49662,0.00069347,-1.8919
0.59168,-0.00080134,0,4.0134,0.11068,0.00038293,7.3952
0.59167,-0.00053464,0,3.5384,0.084131,0.00047795,7.44
0.59167,-0.00064245,0,3.7845,0.097144,0.00044648,7.4188
0.59223,-0.00052846,0,3.5776,0.068439,0.00043148,7.4005
0.59167,-0.00053464,0,3.5384,0.084131,0.00047795,7.44
0.59064,-0.00082301,0,3.9545,0.14025,0.00060798,7.4342
0.59064,-0.00066421,0,3.7235,0.12639,0.0006252,7.4567
0.59026,-0.00083446,0,3.9374,0.15158,0.00059591,7.4337
0.59064,-0.00055635,0,3.4762,0.1126,0.00062486,7.477
0.59048,-0.00066891,0,3.7161,0.13101,0.00062067,7.4562
0.59064,-0.00055634,0,3.4762,0.1126,0.00062486,7.477
0.59271,-0.00078978,0,4.0844,0.080142,0.00027001,7.317
0.59271,-0.00063082,0,3.8572,0.066993,0.0003463,7.3429
0.59271,-0.00052307,0,3.6118,0.054737,0.0003909,7.3661
0.39957,0.00065807,0,1.7451,1.6785,0.029752,56.821
0.39926,0.00071531,0,2.4786,1.5074,0.021599,53.66
0.39957,0.00065807,0,1.7451,1.6785,0.029751,56.821
0.39941,0.00069249,0,2.1357,1.5903,0.025243,55.106
0.58345,0.005174,0,5.5019,-0.80442,0.0012875,-6.751
0.58342,0.0050187,0,5.1775,-0.76492,0.0012217,-6.7776
0.58259,0.005023,0,4.8452,-0.69478,0.0011962,-6.9538
0.58373,0.004848,0,4.7785,-0.72533,0.0011124,-6.6928
0.58338,0.0049042,0,4.8109,-0.71684,0.0011403,-6.8112
0.58251,0.005317,0,5.5553,-0.78328,0.0013505,-6.9286
0.58233,0.0050619,0,4.8565,-0.68755,0.0012145,-7.0006
0.58248,0.0051616,0,5.2211,-0.73994,0.0012868,-6.9638
0.58233,0.0050619,0,4.8564,-0.68755,0.0012145,-7.0006
0.58173,0.0051452,0,4.8667,-0.6659,0.0012468,-7.056
0.58442,0.0050175,0,5.4035,-0.82194,0.001216,-6.4098
0.58438,0.0047424,0,4.7177,-0.74136,0.0010602,-6.4698
0.58439,0.0048624,0,5.0848,-0.78644,0.0011471,-6.4414
0.58438,0.0047422,0,4.7173,-0.74132,0.0010601,-6.4698
0.41761,0.010111,0,10.981,2.3384,0.0076556,-22.556
0.41764,0.009957,0,10.684,2.2734,0.0090155,-22.744
0.41722,0.0097442,0,10.281,2.2336,0.010178,-22.786
0.41767,0.0098404,0,10.265,2.1801,0.010083,-22.911
0.41673,0.0099247,0,10.985,2.4465,0.0077324,-22.295
0.41539,0.0096241,0,10.987,2.6029,0.0077983,-21.792
0.41664,0.0096202,0,10.302,2.3025,0.0103,-22.625
0.41677,0.0097709,0,10.699,2.3826,0.0091572,-22.483
0.41541,0.0094655,0,10.721,2.5435,0.0093426,-21.991
0.41664,0.0096202,0,10.302,2.3025,0.010301,-22.625
0.54163,0.0095498,0,5.5827,-0.51649,0.0018296,-12.611
0.54151,0.0098354,0,6.3928,-0.58218,0.0019674,-12.62
0.54163,0.0095509,0,5.5863,-0.51678,0.0018303,-12.611
0.54149,0.0096775,0,6.0037,-0.55045,0.0019103,-12.632
0.54272,0.0094476,0,5.5745,-0.52595,0.001801,-12.466
0.54061,0.0099186,0,6.4098,-0.56802,0.0019906,-12.796
0.54059,0.0096473,0,5.6171,-0.50694,0.0018565,-12.799
0.5406,0.0097612,0,6.0336,-0.53965,0.0019329,-12.797
0.54059,0.0096473,0,5.617,-0.50693,0.0018565,-12.799
0.41231,-0.0082271,0,10.767,-2.6013,0.0043502,-16.947
0.4125,-0.0079852,0,10.252,-2.4628,0.0055526,-17.511
0.41235,-0.0080748,0,10.559,-2.5549,0.0049961,-17.205
0.41145,-0.0077265,0,10.258,-2.6434,0.0057348,-16.875
0.4125,-0.0079846,0,10.25,-2.4623,0.0055561,-17.513
0.41339,-0.0081854,0,10.226,-2.321,0.0054127,-17.95
0.4115,-0.0080302,0,10.736,-2.7461,0.0044074,-16.376
0.41154,-0.0078783,0,10.544,-2.7028,0.0050959,-16.655
0.41144,-0.0077259,0,10.258,-2.6438,0.0057352,-16.874
0.49585,-0.0097597,0,6.0703,0.40408,0.0015552,-10.648
0.49587,-0.010031,0,6.9568,0.45378,0.0016881,-10.631
0.49585,-0.0097597,0,6.0704,0.40409,0.0015552,-10.648
0.49586,-0.0098732,0,6.5323,0.43059,0.0016328,-10.639
0.49582,-0.0097618,0,6.0713,0.40399,0.0015557,-10.652
0.49483,-0.010102,0,7,0.45035,0.0017055,-10.783
0.49483,-0.0099442,0,6.5722,0.42766,0.0016508,-10.792
0.49482,-0.0098301,0,6.1061,0.40128,0.0015738,-10.8
0.49423,-0.0098696,0,6.1258,0.39917,0.0015837,-10.898
0.51675,-0.0083917,0,6.3428,0.53582,0.0013292,-7.3304
0.51673,-0.0082342,0,5.9457,0.50625,0.0012758,-7.3222
0.51672,-0.0081207,0,5.5147,0.47247,0.0012081,-7.3194
0.51777,-0.0083016,0,6.2982,0.53219,0.0013128,-7.1194
0.51776,-0.0081442,0,5.9095,0.50442,0.0012598,-7.1257
0.51775,-0.00803,0,5.4845,0.47186,0.0011924,-7.1305
0.51786,-0.0080202,0,5.4807,0.47187,0.0011908,-7.1078
0.52082,-0.0080304,0,6.1677,0.52893,0.0012613,-6.5894
0.52167,-0.0079537,0,6.1489,0.54075,0.001248,-6.4096
0.5208,-0.0078728,0,5.7949,0.50224,0.0012114,-6.5896
0.52154,-0.0078063,0,5.7684,0.50975,0.001199,-6.4428
0.52029,-0.0078049,0,5.4011,0.47196,0.0011559,-6.6681
0.52079,-0.0077591,0,5.3838,0.47138,0.0011481,-6.591
0.51983,-0.0081188,0,6.2131,0.53247,0.0012793,-6.7302
0.51979,-0.0078515,0,5.4247,0.47305,0.0011645,-6.7435
0.51982,-0.0079615,0,5.8332,0.50449,0.001228,-6.7353
0.51979,-0.0078496,0,5.4179,0.47253,0.0011635,-6.7436
0.40402,-0.005462,0,9.3123,-4.4717,0.0037444,-2.9073
0.40415,-0.0051834,0,9.167,-4.5228,0.0064489,-4.134
0.40409,-0.0053282,0,9.263,-4.5136,0.0050912,-3.489
0.40408,-0.0051462,0,9.1257,-4.5465,0.0064487,-3.7788
0.40459,-0.0053894,0,9.341,-4.3749,0.0064574,-5.6675
0.40415,-0.0051834,0,9.1669,-4.5228,0.0064494,-4.1343
0.40291,-0.00487,0,8.6275,-4.7726,0.0033638,2.8792
0.40299,-0.0047456,0,8.5835,-4.8542,0.0048734,2.2432
0.40308,-0.0046084,0,8.5292,-4.8886,0.0064379,1.3586
0.40088,-0.003377,0,6.4398,-4.8781,0.0033404,21.675
0.40126,-0.0033006,0,6.4566,-5.2295,0.0072008,19.124
0.40098,-0.0032744,0,6.3493,-5.0645,0.0052367,21.306
0.40126,-0.0033006,0,6.4566,-5.2295,0.007201,19.124
0.40149,-0.0034796,0,6.7681,-5.2124,0.0070461,16.464
0.40044,-0.002924,0,5.5089,-4.5733,0.0038911,30.08
0.40063,-0.002648,0,5.1395,-4.9098,0.0084459,30.566
0.40055,-0.0028316,0,5.3738,-4.7607,0.0059737,29.953
0.40063,-0.0026479,0,5.1395,-4.9098,0.0084464,30.566
0.40028,-0.0021713,0,4.1489,-4.4013,0.010071,38.609
0.56674,-0.0032468,0,4.7447,0.52219,0.00050396,1.9593
0.56586,-0.00335,0,4.7953,0.53088,0.00051642,1.7286
0.56673,-0.0030898,0,4.4414,0.49528,0.00047889,1.9552
0.56598,-0.0031767,0,4.4793,0.50112,0.00048928,1.7671
0.56671,-0.0029766,0,4.1083,0.46345,0.00044952,1.9502
0.56665,-0.0029834,0,4.1109,0.46382,0.00045038,1.9358
0.56777,-0.0031271,0,4.6884,0.51693,0.00049043,2.23
0.56775,-0.0029701,0,4.3891,0.49032,0.00046629,2.2244
0.56771,-0.002859,0,4.0611,0.45927,0.00043723,2.2149
0.56821,-0.0028002,0,4.0365,0.45662,0.0004316,2.3315
0.40034,0.0029722,0,5.3347,4.7622,0.025731,30.02
0.40053,0.0027065,0,4.9545,5.0868,0.035168,30.482
0.40045,0.0028842,0,5.1921,4.9435,0.029852,29.889
0.40053,0.0027065,0,4.9545,5.0868,0.035169,30.482
0.3997,0.0020208,0,3.8766,3.8149,0.027283,42.376
0.39983,0.0019551,0,3.6445,3.9981,0.031489,42.798
0.40006,0.0020032,0,3.5634,4.3042,0.036695,42.021
0.40006,0.0020032,0,3.5634,4.3042,0.036695,42.021
0.59502,0.0026242,0,3.4726,-0.82095,0.00030806,0.19744
0.59498,0.0024731,0,3.1301,-0.7637,0.00023053,0.17786
0.59482,0.0023922,0,2.7933,-0.70281,0.00016016,0.087952
0.59582,0.0023913,0,3.239,-0.78716,0.0002642,0.85728
0.59577,0.0022416,0,2.9085,-0.73135,0.00019434,0.83715
0.59586,0.0020895,0,2.5416,-0.66479,0.00012646,0.88622
0.40809,0.0075205,0,10.525,3.818,0.0090823,-15.47
0.40814,0.0073737,0,10.398,3.7857,0.011422,-15.847
0.40842,0.0073349,0,10.215,3.6761,0.013408,-16.489
0.40832,0.0072988,0,10.206,3.6991,0.013478,-16.352
0.40938,0.0079675,0,10.686,3.5639,0.0086818,-17.159
0.40935,0.0076592,0,10.296,3.4692,0.012774,-17.72
0.40943,0.0078196,0,10.534,3.5236,0.010825,-17.501
0.40935,0.0076587,0,10.295,3.4691,0.012781,-17.721
0.56164,0.0077923,0,5.9449,-0.64488,0.0016824,-9.6407
0.56149,0.0075358,0,5.1751,-0.56463,0.0015561,-9.6471
0.56162,0.0076349,0,5.5716,-0.60657,0.0016274,-9.6428
0.56237,0.0074384,0,5.1672,-0.56151,0.0015443,-9.5697
0.56149,0.0075351,0,5.1722,-0.56433,0.0015556,-9.6472
0.56128,0.0075576,0,5.1736,-0.56275,0.0015562,-9.675
0.56259,0.0076879,0,5.9232,-0.63609,0.0016712,-9.5625
0.56278,0.0076674,0,5.916,-0.63521,0.0016688,-9.5248
0.56257,0.0075308,0,5.562,-0.60091,0.0016169,-9.555
0.56269,0.0075173,0,5.5582,-0.60058,0.0016154,-9.5318
0.56255,0.0074185,0,5.1662,-0.56093,0.001542,-9.5538
0.56255,0.007418,0,5.1661,-0.56092,0.0015419,-9.553
0.57925,0.0057412,0,5.5986,-0.69342,0.0014808,-7.2642
0.57919,0.0054751,0,4.9008,-0.60974,0.0013571,-7.2637
0.57923,0.005584,0,5.2647,-0.65412,0.0014265,-7.2614
0.57919,0.0054732,0,4.8944,-0.60897,0.0013559,-7.2637
0.57831,0.0058569,0,5.6032,-0.69461,0.0015041,-7.2962
0.57829,0.0056995,0,5.2555,-0.65262,0.0014489,-7.3007
0.57818,0.0056262,0,4.9722,-0.61711,0.0013973,-7.3011
0.57815,0.0056023,0,4.8801,-0.60556,0.0013806,-7.3012
0.57806,0.0056131,0,4.8797,-0.60463,0.0013818,-7.3088
0.42076,0.01072,0,10.933,2.0143,0.0074098,-23.474
0.42079,0.010565,0,10.588,1.9479,0.0085772,-23.638
0.42029,0.010353,0,10.137,1.9084,0.0095661,-23.682
0.42081,0.010449,0,10.113,1.8558,0.0094514,-23.779
0.4218,0.010622,0,10.052,1.7676,0.0092483,-24.04
0.41978,0.010258,0,10.16,1.9602,0.009679,-23.587
0.41988,0.010559,0,10.951,2.1094,0.00751,-23.308
0.41979,0.010268,0,10.19,1.9657,0.0096163,-23.579
0.41991,0.010404,0,10.614,2.0426,0.0087367,-23.466
0.41907,0.01012,0,10.195,2.032,0.0098223,-23.383
0.43334,0.012444,0,10.394,1.1079,0.006016,-24.765
0.43335,0.012287,0,9.9134,1.0504,0.0065583,-24.866
0.43336,0.012171,0,9.3218,0.9815,0.0068768,-24.95
0.43432,0.012543,0,10.345,1.0527,0.0058713,-24.827
0.43434,0.012385,0,9.8536,0.99627,0.0063807,-24.903
0.43437,0.012272,0,9.2566,0.92885,0.006665,-24.967
0.43537,0.012367,0,9.2004,0.88325,0.0064745,-25.053
0.43638,0.012735,0,10.254,0.94536,0.0056194,-24.952
0.43641,0.012462,0,9.1486,0.83356,0.0062894,-25.094
0.43639,0.012578,0,9.7491,0.89416,0.0060565,-25.031
0.43641,0.012462,0,9.1479,0.83349,0.0062896,-25.094
0.43733,0.012817,0,10.21,0.90435,0.0055403,-25.029
0.4377,0.012847,0,10.186,0.89011,0.0055191,-25.002
0.43748,0.012554,0,9.083,0.79235,0.006141,-25.157
0.43735,0.01266,0,9.6934,0.85461,0.0059438,-25.092
0.43796,0.01271,0,9.6543,0.83164,0.0058904,-25.052
0.43748,0.012554,0,9.0829,0.79234,0.006141,-25.157
0.49982,0.012944,0,7.5339,-0.38137,0.0029511,-18.602
0.49981,0.012786,0,7.0769,-0.36277,0.0028913,-18.621
0.49995,0.012664,0,6.5855,-0.34325,0.0027859,-18.603
0.50118,0.01287,0,7.5456,-0.40578,0.0028975,-18.462
0.50118,0.012713,0,7.0735,-0.38326,0.0028355,-18.469
0.50105,0.012605,0,6.5746,-0.35713,0.0027385,-18.469
0.5016,0.012574,0,6.5721,-0.35766,0.0027203,-18.45
0.50317,0.012759,0,7.479,-0.40533,0.0028403,-18.231
0.50316,0.012487,0,6.5411,-0.36276,0.0026732,-18.253
0.50316,0.012602,0,7.0298,-0.38599,0.0027744,-18.243
0.50362,0.012461,0,6.5254,-0.36533,0.0026595,-18.163
0.50316,0.012487,0,6.5398,-0.36269,0.0026729,-18.253
0.50421,0.012699,0,7.4333,-0.41197,0.0028101,-18.023
0.5042,0.012542,0,6.9909,-0.39226,0.0027434,-18.036
0.5042,0.012428,0,6.5069,-0.36872,0.0026423,-18.047
0.50522,0.012367,0,6.4768,-0.37429,0.0026095,-17.906
0.50836,0.012449,0,7.2856,-0.43341,0.002683,-17.455
0.50835,0.012291,0,6.8549,-0.41195,0.0026158,-17.463
0.50832,0.012178,0,6.385,-0.38743,0.0025167,-17.475
0.50934,0.012386,0,7.2402,-0.43358,0.0026505,-17.321
0.50933,0.012228,0,6.8168,-0.41344,0.0025845,-17.324
0.50933,0.012114,0,6.3504,-0.39007,0.0024858,-17.329
0.52925,0.010918,0,6.7584,-0.54569,0.0021626,-14.546
0.52922,0.010648,0,5.9052,-0.48275,0.002017,-14.534
0.52923,0.01076,0,6.3478,-0.5162,0.0021024,-14.538
0.52922,0.010647,0,5.901,-0.48243,0.0020162,-14.534
0.52832,0.010721,0,5.9041,-0.48432,0.002033,-14.593
0.52829,0.010997,0,6.7784,-0.55255,0.0021827,-14.599
0.52828,0.010839,0,6.3548,-0.52046,0.0021213,-14.603
0.52718,0.010814,0,5.9123,-0.47506,0.0020578,-14.726
0.52815,0.010735,0,5.9047,-0.48467,0.0020361,-14.604
0.42911,-0.010734,0,10.219,-0.96017,0.0037515,-19.639
0.42912,-0.010577,0,9.7668,-0.91018,0.003974,-19.723
0.42914,-0.010461,0,9.2024,-0.84924,0.0040649,-19.793
0.42891,-0.01044,0,9.2193,-0.86248,0.004077,-19.789
0.42808,-0.01064,0,10.275,-1.0223,0.0037651,-19.612
0.42809,-0.010483,0,9.8341,-0.97087,0.0040096,-19.702
0.42813,-0.010371,0,9.2853,-0.90802,0.0041158,-19.778
0.42813,-0.010369,0,9.276,-0.90694,0.0041176,-19.779
0.43015,-0.010823,0,10.158,-0.89958,0.0037304,-19.623
0.43016,-0.010666,0,9.6968,-0.85118,0.0039343,-19.706
0.43016,-0.010549,0,9.1274,-0.79343,0.0040095,-19.775
0.47931,-0.011011,0,7.597,0.3565,0.0020193,-13.286
0.47917,-0.010745,0,6.5935,0.31423,0.001881,-13.302
0.4793,-0.010853,0,7.107,0.33711,0.001963,-13.296
0.47917,-0.010744,0,6.5918,0.31416,0.0018807,-13.302
0.47828,-0.010786,0,6.6083,0.30171,0.0019042,-13.429
0.47794,-0.011076,0,7.5976,0.32991,0.0020513,-13.456
0.47706,-0.011116,0,7.6253,0.31052,0.0020744,-13.664
0.47793,-0.010918,0,7.1228,0.31479,0.0019967,-13.477
0.47807,-0.010796,0,6.6122,0.29879,0.0019097,-13.459
0.47703,-0.010844,0,6.6606,0.28304,0.0019374,-13.684
0.48026,-0.010964,0,7.5676,0.35574,0.0020005,-13.233
0.48025,-0.010692,0,6.5783,0.31706,0.00186,-13.232
0.48026,-0.010806,0,7.091,0.33804,0.0019444,-13.23
0.48025,-0.010692,0,6.578,0.31704,0.00186,-13.232
0.48752,-0.010567,0,7.2415,0.40236,0.0018448,-11.963
0.48794,-0.010542,0,7.22,0.4026,0.0018491,-11.902
0.48751,-0.010409,0,6.8002,0.38253,0.0017832,-11.972
0.48786,-0.010389,0,6.7853,0.38325,0.0017861,-11.92
0.48748,-0.010296,0,6.3206,0.35975,0.0016974,-11.985
0.48649,-0.010627,0,7.2827,0.39691,0.0018252,-12.141
0.48648,-0.01047,0,6.8387,0.37721,0.0017721,-12.152
0.48647,-0.010356,0,6.3563,0.35458,0.0016914,-12.162
0.48851,-0.010508,0,7.1906,0.40293,0.0018548,-11.819
0.48849,-0.010246,0,6.3241,0.36489,0.0017129,-11.828
0.4885,-0.01035,0,6.7574,0.3846,0.0017915,-11.823
0.48849,-0.010236,0,6.282,0.36297,0.0017053,-11.828
0.48884,-0.010215,0,6.2675,0.36758,0.001693,-11.76
0.4052,-0.0060004,0,9.7977,-4.1554,0.004099,-6.9723
0.40527,-0.0058598,0,9.7329,-4.1616,0.0052979,-7.4966
0.4052,-0.0056737,0,9.5813,-4.1707,0.0064685,-7.783
0.41364,-0.0085281,0,10.785,-2.4074,0.0042738,-17.622
0.41367,-0.0083747,0,10.554,-2.3563,0.0048607,-17.854
0.41356,-0.0082253,0,10.221,-2.2929,0.0053842,-18.037
0.41434,-0.0083894,0,10.196,-2.1804,0.0052648,-18.276
0.42097,-0.0098148,0,10.642,-1.5717,0.0039247,-19.411
0.42099,-0.0096588,0,10.287,-1.5149,0.0043007,-19.553
0.42085,-0.0095196,0,9.8172,-1.4477,0.004558,-19.682
0.42186,-0.0099376,0,10.598,-1.4839,0.0039071,-19.42
0.42188,-0.0097816,0,10.235,-1.4271,0.0042635,-19.562
0.4219,-0.0096638,0,9.7452,-1.3523,0.0044919,-19.685
0.4969,-0.0099593,0,6.9165,0.45703,0.0016767,-10.449
0.49707,-0.0099476,0,6.9083,0.45686,0.0016744,-10.424
0.49687,-0.0097008,0,6.0833,0.40994,0.0015546,-10.467
0.49689,-0.0098017,0,6.4948,0.43374,0.0016208,-10.457
0.49699,-0.0097946,0,6.4906,0.43379,0.0016194,-10.441
0.49686,-0.0096892,0,6.036,0.4072,0.001547,-10.468
0.49785,-0.0096196,0,5.9995,0.40883,0.0015394,-10.312
0.51579,-0.0084745,0,6.3661,0.54393,0.0013447,-7.4037
0.51578,-0.0083167,0,5.956,0.51148,0.0012902,-7.4058
0.51565,-0.0082135,0,5.5215,0.47564,0.0012235,-7.4093
0.51457,-0.008306,0,5.533,0.46691,0.0012393,-7.5698
0.52171,-0.0079497,0,6.1479,0.54137,0.0012473,-6.4002
0.52181,-0.0076875,0,5.4221,0.48503,0.0011433,-6.3914
0.5217,-0.0077918,0,5.7626,0.51139,0.0011962,-6.4107
0.52184,-0.0076645,0,5.3471,0.47923,0.0011317,-6.3872
0.52239,-0.0076142,0,5.3417,0.48342,0.0011241,-6.3068
0.52404,-0.0077361,0,6.1303,0.54876,0.0012137,-6.1394
0.52384,-0.0077542,0,6.1351,0.55063,0.0012171,-6.1564
0.52401,-0.0074655,0,5.3291,0.48384,0.0011007,-6.1276
0.52403,-0.0075787,0,5.7465,0.51846,0.0011633,-6.1307
0.52381,-0.0075987,0,5.7489,0.51984,0.0011667,-6.1519
0.52401,-0.0074655,0,5.329,0.48384,0.0011007,-6.1276
0.52506,-0.0076409,0,6.0841,0.54314,0.0011954,-5.9242
0.52504,-0.0073702,0,5.2977,0.48144,0.0010833,-5.934
0.52505,-0.0074836,0,5.7086,0.51462,0.0011455,-5.9289
0.52504,-0.00737,0,5.2972,0.48139,0.0010832,-5.934
0.52609,-0.0075452,0,6.0396,0.54226,0.0011821,-5.7036
0.52605,-0.0072761,0,5.2637,0.48152,0.0010717,-5.7189
0.52608,-0.0073878,0,5.6694,0.5141,0.0011312,-5.7095
0.52605,-0.0072761,0,5.2637,0.48152,0.0010717,-5.7189
0.54659,-0.0054939,0,5.4244,0.5551,0.00080548,-2.1396
0.54583,-0.0055742,0,5.4431,0.54645,0.00079782,-2.303
0.54639,-0.0053555,0,5.0889,0.52285,0.00075898,-2.1837
0.54581,-0.0054169,0,5.1104,0.51853,0.00075389,-2.3028
0.5458,-0.0053033,0,4.7422,0.48602,0.00070605,-2.3034
0.54485,-0.0056775,0,5.4907,0.55154,0.00078139,-2.4682
0.54483,-0.0055203,0,5.1515,0.52256,0.0007428,-2.4733
0.5447,-0.0054189,0,4.7824,0.48918,0.00070047,-2.5027
0.5448,-0.005409,0,4.7791,0.48907,0.00069747,-2.4821
0.54673,-0.0054799,0,5.4212,0.55662,0.00080682,-2.111
0.54684,-0.0051995,0,4.7239,0.49299,0.00071574,-2.0952
0.54671,-0.0053222,0,5.0772,0.5252,0.00076174,-2.119
0.54685,-0.0051928,0,4.7046,0.49123,0.00071321,-2.0938
0.54778,-0.0050934,0,4.6925,0.49622,0.00069812,-1.9348
0.39978,-0.0020034,0,4.033,-3.6939,0.0059491,42.302
0.3999,-0.0019328,0,3.8075,-3.8848,0.0083396,42.73
0.40013,-0.0019741,0,3.7389,-4.1908,0.010743,41.937
0.56573,-0.0033658,0,4.8031,0.53222,0.00051834,1.6931
0.56571,-0.0032087,0,4.4932,0.50327,0.00049311,1.6978
0.56569,-0.0030961,0,4.1539,0.46986,0.00046471,1.6969
0.56964,-0.0029064,0,4.5952,0.51729,0.00047007,2.6913
0.56962,-0.0027489,0,4.2916,0.48825,0.00044788,2.6852
0.56976,-0.002618,0,3.9622,0.4563,0.00042067,2.716
0.57085,-0.0024881,0,3.9319,0.45883,0.00041486,2.9821
0.56976,-0.0026177,0,3.9615,0.45623,0.00042061,2.7161
0.57102,-0.0027424,0,4.5703,0.52461,0.0004602,3.0066
0.571,-0.0025851,0,4.2606,0.49295,0.00043861,3.0048
0.57086,-0.0024868,0,3.9316,0.45886,0.0004148,2.9848
0.57396,-0.0023892,0,4.384,0.48764,0.00042309,3.7961
0.57393,-0.0021184,0,3.7878,0.43584,0.00037683,3.7922
0.57394,-0.0022322,0,4.1006,0.46431,0.00040324,3.7943
0.57393,-0.0021184,0,3.7878,0.43584,0.00037683,3.7922
0.57374,-0.0021412,0,3.7991,0.43718,0.00037902,3.7382
0.57485,-0.0022812,0,4.3391,0.49322,0.00041709,4.0661
0.57579,-0.0021662,0,4.3107,0.49542,0.00041323,4.3076
0.57497,-0.0019923,0,3.7285,0.4359,0.00037365,4.0932
0.57483,-0.0021238,0,4.0469,0.46621,0.0003982,4.06
0.57564,-0.0020254,0,4.0196,0.46661,0.00039568,4.2691
0.57497,-0.0019922,0,3.7285,0.4359,0.00037365,4.0933
0.57506,-0.0019813,0,3.725,0.43588,0.00037355,4.1178
0.57197,-0.0026289,0,4.5222,0.50907,0.00044677,3.216
0.57225,-0.002595,0,4.5038,0.50576,0.00044289,3.3008
0.57195,-0.0024718,0,4.2245,0.4817,0.00042603,3.2198
0.57235,-0.0024233,0,4.2009,0.478,0.00042068,3.3382
0.57192,-0.00236,0,3.8992,0.4502,0.00040137,3.2165
0.57249,-0.0022914,0,3.8699,0.44609,0.00039405,3.3805
0.58756,-0.00094768,0,3.8614,0.23701,0.00062662,7.2782
0.58755,-0.00078878,0,3.6148,0.22063,0.000632,7.3043
0.58754,-0.00068137,0,3.3521,0.20296,0.00062856,7.3241
0.58581,-0.0010613,0,3.8193,0.29308,0.00058058,7.0928
0.58661,-0.0010041,0,3.8449,0.27656,0.00060995,7.201
0.58584,-0.00089939,0,3.5587,0.27152,0.00058414,7.1134
0.5866,-0.00084471,0,3.5836,0.25599,0.0006139,7.221
0.58647,-0.00074578,0,3.308,0.23714,0.00060676,7.2315
0.58858,-0.0008965,0,3.8776,0.20234,0.00065082,7.3767
0.58857,-0.0007378,0,3.6395,0.18775,0.00065995,7.3963
0.58857,-0.00062961,0,3.3852,0.1717,0.00065886,7.4142
0.59582,-0.00080335,0,4.3559,-0.016025,0.0017881,6.7607
0.59582,-0.00065025,0,4.143,-0.028838,0.0016719,6.7861
0.59582,-0.00054604,0,3.9074,-0.040713,0.0015842,6.8195
0.59479,-0.00053028,0,3.7959,-0.0056012,0.0011758,7.0609
0.59478,-0.00079571,0,4.2606,0.018016,0.0012893,7.0078
0.59478,-0.00063769,0,4.0387,0.0055776,0.0012234,7.0353
0.59478,-0.00053026,0,3.7958,-0.0055517,0.0011753,7.0613
0.59403,-0.00052415,0,3.7245,0.016258,0.0008331,7.1941
0.59478,-0.00053026,0,3.7957,-0.0055522,0.0011753,7.0613
0.59685,-0.00078422,0,4.4165,-0.048346,0.0016786,6.4548
0.59685,-0.00078422,0,4.4165,-0.048346,0.0016786,6.4548
0.59686,-0.00065278,0,4.2578,-0.062353,0.0015186,6.393
0.59787,-0.00064935,0,4.2789,-0.10441,0.0011332,6.0309
0.59686,-0.00065278,0,4.2578,-0.062353,0.0015186,6.393
0.59685,-0.00055955,0,4.0033,-0.072893,0.0014414,6.4283
0.40077,0.0034571,0,6.2759,5.1136,0.023227,21.438
0.40078,0.0034657,0,6.2884,5.115,0.023183,21.33
0.40116,0.0033926,0,6.2765,5.467,0.031392,18.899
0.40088,0.0033582,0,6.1772,5.2953,0.027262,21.064
0.40092,0.0033961,0,6.2351,5.2993,0.027056,20.567
0.40116,0.0033927,0,6.2766,5.4672,0.031397,18.896
0.40182,0.0039657,0,7.2329,5.4632,0.027701,10.692
0.40387,0.0056866,0,9.2354,4.8612,0.012841,-4.0297
0.40402,0.0054176,0,9.0865,4.9057,0.019542,-5.2753
0.40395,0.0055558,0,9.1802,4.9046,0.01611,-4.5937
0.40402,0.0054176,0,9.0865,4.9057,0.019542,-5.2753
0.40277,0.0050432,0,8.5151,5.1193,0.015312,2.0445
0.40295,0.004787,0,8.4049,5.2337,0.022729,0.54266
0.40285,0.0049214,0,8.4655,5.1995,0.018881,1.4071
0.40295,0.0047867,0,8.4048,5.2338,0.022738,0.54075
0.40731,0.0072343,0,10.382,4.0028,0.0094523,-14.09
0.40737,0.0070895,0,10.272,3.978,0.01193,-14.504
0.4073,0.0069171,0,10.078,3.9467,0.01433,-14.762
0.40643,0.0065632,0,9.9108,4.1827,0.015297,-12.99
0.53755,0.0099251,0,5.7101,-0.50498,0.0018853,-13.302
0.53757,0.010197,0,6.5305,-0.56856,0.0020281,-13.289
0.53755,0.0099267,0,5.716,-0.50545,0.0018864,-13.302
0.53755,0.010039,0,6.1396,-0.53924,0.0019689,-13.296
0.53704,0.0099703,0,5.7233,-0.5048,0.0018873,-13.386
0.53821,0.0098646,0,5.6885,-0.50574,0.0018767,-13.175
0.53654,0.010289,0,6.5713,-0.57108,0.0020284,-13.487
0.53653,0.010131,0,6.1723,-0.54009,0.0019712,-13.479
0.53651,0.010018,0,5.7371,-0.50462,0.0018894,-13.476
0.5386,0.010103,0,6.4874,-0.56946,0.0020147,-13.092
0.53859,0.0099455,0,6.1014,-0.54008,0.0019562,-13.1
0.53857,0.0098324,0,5.677,-0.50615,0.0018722,-13.107
0.53954,0.0097434,0,5.6492,-0.50705,0.0018644,-12.944
0.5636,0.0075758,0,5.8838,-0.63127,0.001658,-9.3566
0.56359,0.0074187,0,5.5305,-0.59817,0.0016045,-9.3612
0.56356,0.0073068,0,5.1404,-0.55973,0.0015297,-9.3694
0.43244,0.012351,0,10.453,1.1683,0.0061438,-24.871
0.43246,0.012194,0,9.9702,1.1093,0.006721,-24.962
0.43232,0.012062,0,9.39,1.0432,0.0070829,-25.057
0.43123,0.011942,0,9.4646,1.0987,0.0072651,-25.047
0.43871,0.01293,0,10.121,0.85134,0.0054613,-24.927
0.43872,0.012772,0,9.6051,0.80271,0.0058233,-25.002
0.43858,0.012644,0,9.009,0.75054,0.0060155,-25.094
0.4392,0.012967,0,10.086,0.82334,0.0053963,-24.827
0.43919,0.012808,0,9.5751,0.77714,0.005752,-24.914
0.50733,0.012513,0,7.3209,-0.42861,0.0027136,-17.61
0.50732,0.012355,0,6.8878,-0.40712,0.0026464,-17.619
0.5073,0.012242,0,6.4154,-0.38263,0.0025465,-17.628
0.50525,0.012638,0,7.3939,-0.41883,0.0027769,-17.884
0.50523,0.012367,0,6.4767,-0.37434,0.0026092,-17.905
0.50524,0.012481,0,6.9556,-0.39829,0.0027099,-17.896
0.50523,0.012367,0,6.4766,-0.37433,0.0026092,-17.905
0.50525,0.012366,0,6.4762,-0.3744,0.0026088,-17.903
0.41679,-0.0091492,0,10.768,-2.0015,0.0040839,-18.695
0.41669,-0.0088513,0,10.088,-1.8797,0.0049474,-19.032
0.41681,-0.0089946,0,10.481,-1.9457,0.0045624,-18.884
0.41669,-0.0088496,0,10.083,-1.8789,0.0049521,-19.033
0.41771,-0.0090284,0,10.027,-1.7565,0.0048411,-19.209
0.41768,-0.0093046,0,10.745,-1.8913,0.0040423,-18.87
0.4177,-0.0091495,0,10.447,-1.8339,0.0044926,-19.052
0.41772,-0.0090299,0,10.027,-1.7555,0.0048402,-19.21
0.41864,-0.0094642,0,10.724,-1.7871,0.0039925,-19.059
0.41867,-0.0093088,0,10.406,-1.7295,0.0044258,-19.219
0.41872,-0.0091954,0,9.9648,-1.6472,0.0047425,-19.362
0.49378,-0.0098994,0,6.1406,0.39758,0.0015911,-10.972
0.4938,-0.010171,0,7.0437,0.44574,0.0017222,-10.95
0.49378,-0.0099,0,6.1433,0.39773,0.0015915,-10.972
0.49379,-0.010014,0,6.6118,0.42372,0.0016681,-10.962
0.50213,-0.0093079,0,5.9026,0.43173,0.001445,-9.673
0.49916,-0.0097997,0,6.8464,0.47756,0.0016245,-10.064
0.50016,-0.009727,0,6.8496,0.49268,0.0015983,-9.9341
0.50002,-0.0094684,0,5.963,0.43286,0.0014652,-9.9421
0.49926,-0.0096337,0,6.4142,0.45288,0.0015644,-10.061
0.50015,-0.0095691,0,6.4084,0.46371,0.0015413,-9.9384
0.50002,-0.0094639,0,5.9428,0.43147,0.0014618,-9.9423
0.50058,-0.0094224,0,5.9386,0.43073,0.001457,-9.8991
0.50111,-0.0096567,0,6.8252,0.48674,0.0015884,-9.8696
0.5011,-0.0094992,0,6.3973,0.46033,0.0015331,-9.8624
0.5016,-0.0093469,0,5.9188,0.4309,0.0014489,-9.7674
0.50109,-0.0093853,0,5.9347,0.43008,0.0014528,-9.8604
0.50214,-0.0095799,0,6.7779,0.48577,0.0015784,-9.6573
0.50213,-0.009311,0,5.9148,0.43252,0.0014471,-9.6728
0.50213,-0.0094224,0,6.3591,0.461,0.0015232,-9.6663
0.55208,-0.0049039,0,5.247,0.54198,0.00070554,-1.1325
0.55206,-0.0047467,0,4.924,0.51437,0.00067331,-1.1322
0.55205,-0.0046331,0,4.5665,0.4821,0.00063535,-1.133
0.57604,0.0061337,0,5.5935,-0.65856,0.0015301,-7.5418
0.57602,0.0059766,0,5.265,-0.62419,0.0014786,-7.5451
0.57693,0.0060256,0,5.583,-0.67325,0.0015199,-7.4008
0.57691,0.0058681,0,5.2439,-0.63496,0.0014665,-7.4122
0.57705,0.0057363,0,4.8751,-0.59387,0.0013964,-7.3969
0.42583,0.011534,0,10.772,1.589,0.0068461,-24.458
0.42586,0.011378,0,10.347,1.5232,0.0077376,-24.562
0.42722,0.011726,0,10.706,1.4977,0.0067364,-24.554
0.42724,0.011569,0,10.27,1.4325,0.0075453,-24.666
0.4271,0.011433,0,9.7242,1.3563,0.0080988,-24.772
0.4271,0.011432,0,9.7242,1.3563,0.0080989,-24.772
0.426,0.011282,0,9.8056,1.4311,0.0083043,-24.675
0.42601,0.01128,0,9.7969,1.4296,0.0083134,-24.677
0.52602,0.011181,0,6.7851,-0.51744,0.002234,-14.924
0.52601,0.011024,0,6.3875,-0.49226,0.002174,-14.925
0.526,0.01091,0,5.9482,-0.4631,0.0020867,-14.928
0.52705,0.010825,0,5.9133,-0.47374,0.0020607,-14.743
0.42709,-0.010545,0,10.331,-1.0876,0.0037946,-19.579
0.42712,-0.010271,0,9.3558,-0.97108,0.00418,-19.79
0.42711,-0.010388,0,9.9039,-1.0357,0.0040543,-19.693
0.42712,-0.010271,0,9.3554,-0.97104,0.0041801,-19.79
0.43117,-0.010906,0,10.105,-0.83652,0.0037105,-19.562
0.43119,-0.010749,0,9.6338,-0.79149,0.0038958,-19.648
0.4312,-0.010633,0,9.0577,-0.73724,0.0039562,-19.718
0.43442,-0.01086,0,8.8194,-0.58826,0.0038117,-19.432
0.43543,-0.010922,0,8.7454,-0.5412,0.0037512,-19.365
0.44268,-0.01152,0,9.3757,-0.34015,0.0033046,-18.587
0.44269,-0.011362,0,8.8593,-0.31426,0.0033211,-18.634
0.44269,-0.011247,0,8.2687,-0.28657,0.0032727,-18.673
0.44373,-0.011551,0,9.3119,-0.3057,0.0032487,-18.455
0.44373,-0.011394,0,8.7938,-0.28169,0.0032558,-18.499
0.44791,-0.011369,0,7.9656,-0.14422,0.0029318,-18.023
0.44894,-0.011384,0,7.909,-0.11981,0.0028746,-17.89
0.45105,-0.011405,0,7.8133,-0.078294,0.0027655,-17.729
0.45229,-0.011685,0,8.8239,-0.080991,0.0028312,-17.411
0.4523,-0.011527,0,8.3069,-0.071504,0.0027941,-17.459
0.45214,-0.011411,0,7.744,-0.063049,0.0027131,-17.547
0.45102,-0.011678,0,8.9151,-0.097766,0.0028791,-17.655
0.45103,-0.01152,0,8.3901,-0.088347,0.0028451,-17.682
0.45216,-0.011411,0,7.743,-0.06259,0.0027125,-17.542
0.45094,-0.011678,0,8.9205,-0.098768,0.002882,-17.67
0.45105,-0.011406,0,7.8159,-0.078345,0.0027659,-17.729
0.45094,-0.01152,0,8.396,-0.089538,0.0028487,-17.698
0.46564,-0.011253,0,7.1377,0.16712,0.0022247,-15.437
0.46772,-0.011195,0,7.0462,0.19296,0.0021683,-15.13
0.47294,-0.011289,0,7.8208,0.27405,0.0021713,-14.305
0.47293,-0.011131,0,7.3465,0.26243,0.0021176,-14.323
0.47293,-0.011017,0,6.829,0.24835,0.0020314,-14.338
0.47398,-0.011247,0,7.7737,0.28624,0.0021462,-14.147
0.47397,-0.01109,0,7.3014,0.27385,0.0020923,-14.164
0.47605,-0.011161,0,7.6812,0.3056,0.0020993,-13.808
0.47605,-0.011003,0,7.2135,0.29216,0.0020452,-13.822
0.47602,-0.010889,0,6.7041,0.27608,0.0019609,-13.839
0.47704,-0.011116,0,7.6257,0.31025,0.0020747,-13.667
0.47703,-0.010844,0,6.6607,0.28303,0.0019374,-13.684
0.48129,-0.010911,0,7.5147,0.35992,0.0019791,-13.004
0.48129,-0.010639,0,6.5416,0.3228,0.0018389,-13.029
0.48128,-0.010754,0,7.0482,0.34328,0.001923,-13.018
0.48129,-0.010639,0,6.5415,0.3228,0.0018389,-13.029
0.48545,-0.010687,0,7.3265,0.39074,0.0018642,-12.297
0.48544,-0.010529,0,6.8797,0.37156,0.0018097,-12.308
0.48544,-0.010415,0,6.394,0.34925,0.0017285,-12.318
0.42285,-0.010066,0,10.555,-1.4015,0.0038855,-19.538
0.42287,-0.0099093,0,10.175,-1.3443,0.0042266,-19.659
0.4229,-0.0097943,0,9.6699,-1.269,0.0044315,-19.764
0.48941,-0.010453,0,7.1664,0.42082,0.0018119,-11.623
0.4894,-0.010295,0,6.7189,0.39942,0.0017551,-11.641
0.48954,-0.010172,0,6.2384,0.37686,0.0016682,-11.621
0.49787,-0.0096186,0,5.9989,0.40886,0.0015393,-10.309
0.49789,-0.0098903,0,6.8678,0.45606,0.0016631,-10.303
0.49787,-0.0096186,0,5.999,0.40886,0.0015393,-10.309
0.49788,-0.0097327,0,6.4537,0.43427,0.001607,-10.305
0.49788,-0.009618,0,5.9986,0.40895,0.001539,-10.308
0.49879,-0.0098266,0,6.8452,0.47199,0.0016341,-10.111
0.49878,-0.0096685,0,6.4173,0.44704,0.0015768,-10.127
0.49891,-0.0095438,0,5.9575,0.42053,0.0015002,-10.106
0.50622,-0.0091081,0,6.2035,0.46641,0.0014432,-8.9617
0.50712,-0.0091954,0,6.5813,0.50495,0.0014808,-8.7691
0.50711,-0.0090374,0,6.1695,0.47748,0.0014251,-8.7823
0.50725,-0.0089117,0,5.7267,0.44847,0.0013505,-8.7612
0.50622,-0.0091169,0,6.2258,0.46776,0.0014463,-8.9616
0.5063,-0.0092603,0,6.6004,0.49169,0.0014965,-8.9462
0.50623,-0.0092657,0,6.6019,0.49059,0.0014978,-8.9608
0.50576,-0.0093022,0,6.6243,0.4919,0.0015081,-9.0317
0.50621,-0.0090289,0,5.8991,0.44698,0.0013924,-8.9634
0.50643,-0.0089762,0,5.757,0.44062,0.0013659,-8.92
0.50621,-0.0089942,0,5.7654,0.43844,0.0013701,-8.9641
0.50609,-0.0090031,0,5.7694,0.43845,0.0013724,-8.9824
0.50838,-0.0090945,0,6.5866,0.52281,0.0014634,-8.6133
0.50826,-0.0088303,0,5.7151,0.45807,0.0013347,-8.6187
0.53958,-0.0062231,0,5.6358,0.54689,0.0009225,-3.4192
0.53957,-0.0060658,0,5.2921,0.51952,0.00087506,-3.4205
0.54382,-0.0057848,0,5.5353,0.55362,0.00081664,-2.6916
0.5438,-0.005515,0,4.8166,0.49046,0.00072934,-2.7001
0.54381,-0.0056276,0,5.1916,0.52435,0.00077585,-2.6955
0.54379,-0.0055142,0,4.8141,0.49023,0.00072902,-2.7001
0.39949,-0.0013956,0,3.1427,-2.7355,0.0082853,48.91
0.39962,-0.0013439,0,2.8519,-2.8957,0.010912,49.953
0.3998,-0.0013123,0,2.5741,-3.1086,0.013947,50.798
0.5481,-0.0053332,0,5.4196,0.5693,0.00077618,-1.8968
0.54809,-0.0051757,0,5.0666,0.53481,0.00073737,-1.8978
0.54795,-0.0050755,0,4.6903,0.49712,0.00069539,-1.9061
0.55819,-0.0042282,0,5.0507,0.54619,0.00061815,0.12351
0.55773,-0.0042794,0,5.0653,0.5416,0.0006238,0.014716
0.55831,-0.0039411,0,4.3753,0.48214,0.00055292,0.14285
0.55817,-0.0040706,0,4.726,0.51554,0.0005881,0.11632
0.55772,-0.004121,0,4.7453,0.5129,0.00059388,0.012617
0.55831,-0.0039403,0,4.3733,0.48195,0.00055272,0.143
0.55835,-0.003935,0,4.3724,0.48213,0.00055223,0.15229
0.55729,-0.0043282,0,5.0792,0.53722,0.00062919,-0.089032
0.55727,-0.004171,0,4.7645,0.51028,0.00059961,-0.090312
0.55726,-0.0040572,0,4.4156,0.47823,0.00056471,-0.091996
0.55631,-0.0044374,0,5.1354,0.54382,0.0006449,-0.30503
0.55629,-0.0042803,0,4.8125,0.51543,0.00061429,-0.30844
0.55627,-0.0041685,0,4.4576,0.48217,0.00057854,-0.31631
0.58135,-0.0014795,0,3.9519,0.41741,0.00043475,6.0289
0.58133,-0.0013213,0,3.6753,0.39582,0.00042479,6.0413
0.58236,-0.0013661,0,3.8798,0.38267,0.00045839,6.3658
0.58235,-0.0012079,0,3.6095,0.36319,0.00045157,6.3753
0.58436,-0.0011739,0,3.7975,0.32048,0.0005237,6.8391
0.58435,-0.0010153,0,3.5405,0.3018,0.00052283,6.8545
0.58525,-0.0011016,0,3.8013,0.30469,0.00055994,7.0168
0.58524,-0.00094226,0,3.5392,0.2837,0.00056081,7.029
0.58961,-0.00085415,0,3.9081,0.17105,0.00057517,7.4329
0.5896,-0.00069524,0,3.6745,0.15691,0.00059525,7.4534
0.5896,-0.00058758,0,3.4247,0.14212,0.00059972,7.4721
0.59375,-0.0007886,0,4.1679,0.048684,0.00069125,7.1912
0.59375,-0.00062977,0,3.9427,0.035917,0.00070225,7.2184
0.59375,-0.00052189,0,3.6981,0.024315,0.00070671,7.2432
0.59784,-0.00056558,0,4.0994,-0.11021,0.0010318,6.0505
0.59789,-0.00064927,0,4.2793,-0.10536,0.0011245,6.0228
0.59789,-0.00064927,0,4.2793,-0.10536,0.0011245,6.0228
0.59782,-0.00054129,0,4.0472,-0.11161,0.0010048,6.0585
0.59782,-0.00054129,0,4.0472,-0.11161,0.0010048,6.0585
0.39943,0.0013858,0,3.0117,2.8021,0.025671,49.043
0.39975,0.0013196,0,2.4331,3.1614,0.034576,50.919
0.39957,0.0013398,0,2.7156,2.9526,0.029569,50.089
0.39975,0.0013195,0,2.4321,3.1621,0.034593,50.921
0.58112,0.0055091,0,5.5649,-0.72931,0.0014127,-7.0597
0.5811,0.0053533,0,5.2376,-0.68882,0.0013544,-7.0913
0.58124,0.0052146,0,4.8753,-0.64786,0.0012738,-7.1022
0.58022,0.0053458,0,4.8903,-0.61855,0.0013179,-7.1917
0.58541,0.004564,0,4.5899,-0.76848,0.00097328,-6.0202
0.58531,0.0048639,0,5.3044,-0.85455,0.0011467,-6.0007
0.58541,0.004564,0,4.59,-0.76849,0.00097331,-6.0202
0.58529,0.0047091,0,4.9737,-0.814,0.001072,-6.0395
0.59788,0.001677,0,2.5821,-0.67373,0.00022398,2.2169
0.59788,0.001677,0,2.5821,-0.67373,0.00022398,2.2169
0.59785,0.0015564,0,2.2955,-0.62318,0.00019641,2.3221
0.59785,0.0015564,0,2.2955,-0.62318,0.00019641,2.3221
0.59792,0.0014242,0,1.972,-0.55783,0.00016255,2.3632
0.59909,0.0010206,0,1.7656,-0.5042,0.00023742,2.8532
0.59909,0.0010206,0,1.7656,-0.5042,0.00023742,2.8532
0.59893,0.00099687,0,1.4968,-0.42804,0.00021516,2.8795
0.59893,0.00099687,0,1.4968,-0.42804,0.00021516,2.8795
0.41455,0.0091383,0,10.373,2.5743,0.01078,-21.698
0.41536,0.0096171,0,10.987,2.6066,0.0077998,-21.78
0.4154,0.0094639,0,10.721,2.5444,0.0093436,-21.989
0.41505,0.0092551,0,10.358,2.5072,0.010664,-21.957
0.41558,0.0093807,0,10.342,2.4349,0.010538,-22.236
0.41448,0.0094072,0,10.97,2.7259,0.0078914,-21.253
0.41455,0.0091388,0,10.375,2.5747,0.010774,-21.698
0.41452,0.0092547,0,10.727,2.6653,0.0094778,-21.486
0.41394,0.0089838,0,10.379,2.6643,0.010953,-21.374
0.4185,0.010292,0,10.977,2.2414,0.0075894,-22.926
0.41853,0.010138,0,10.657,2.1755,0.0089155,-23.089
0.4187,0.01005,0,10.213,2.0685,0.0098951,-23.279
0.53958,0.00974,0,5.6482,-0.50708,0.0018641,-12.938
0.53963,0.010009,0,6.4518,-0.57048,0.0020042,-12.924
0.53958,0.00974,0,5.6482,-0.50709,0.0018642,-12.938
0.53961,0.0098517,0,6.0689,-0.54087,0.0019456,-12.929
0.54288,0.0097059,0,6.403,-0.60056,0.0019363,-12.459
0.54287,0.0095483,0,6.002,-0.56527,0.0018807,-12.462
0.54273,0.0094462,0,5.5744,-0.52608,0.0018006,-12.463
0.54383,0.0096154,0,6.3839,-0.59277,0.0019179,-12.396
0.54382,0.0094581,0,5.9955,-0.56036,0.0018638,-12.387
0.5438,0.0093448,0,5.5712,-0.52333,0.0017828,-12.384
0.54384,0.0093416,0,5.5703,-0.5233,0.0017823,-12.379
0.57601,0.0058627,0,4.8979,-0.58439,0.0014099,-7.5487
0.42303,0.011107,0,10.868,1.8209,0.0072025,-24.002
0.42306,0.010952,0,10.485,1.7535,0.0082432,-24.136
0.52692,0.011109,0,6.7677,-0.53248,0.0022109,-14.748
0.52691,0.010951,0,6.3568,-0.50396,0.0021503,-14.762
0.4354,-0.011194,0,9.8267,-0.62522,0.0036279,-19.245
0.4354,-0.011037,0,9.3348,-0.58622,0.0037409,-19.311
0.4344,-0.011134,0,9.8883,-0.67473,0.0036619,-19.262
0.43441,-0.010977,0,9.4049,-0.63476,0.0037893,-19.355
0.4406,-0.011447,0,9.5041,-0.41585,0.0034078,-18.818
0.4406,-0.011289,0,8.9923,-0.38622,0.0034479,-18.87
0.44061,-0.011174,0,8.4012,-0.35399,0.0034135,-18.913
0.43955,-0.011404,0,9.567,-0.45554,0.0034567,-18.912
0.43956,-0.011247,0,9.0579,-0.42397,0.0035095,-18.965
0.43957,-0.011131,0,8.4667,-0.38933,0.0034832,-19.009
0.44373,-0.011278,0,8.2039,-0.25626,0.0032013,-18.536
0.44895,-0.011657,0,9.0097,-0.14906,0.0029761,-17.819
0.44895,-0.011499,0,8.4904,-0.13439,0.0029501,-17.858
0.4479,-0.011642,0,9.0696,-0.17782,0.0030262,-17.95
0.44791,-0.011485,0,8.5494,-0.16111,0.0030046,-17.99
0.45731,-0.011671,0,8.6117,0.043067,0.0026105,-16.746
0.45731,-0.011513,0,8.0865,0.04609,0.0025685,-16.755
0.45731,-0.011398,0,7.5147,0.047399,0.0024863,-16.766
0.45635,-0.011679,0,8.6532,0.034081,0.0026409,-16.815
0.45635,-0.011521,0,8.116,0.03637,0.0026018,-16.837
0.45624,-0.011406,0,7.5446,0.03622,0.0025241,-16.856
0.46043,-0.011634,0,8.4268,0.099775,0.0025168,-16.16
0.46043,-0.011476,0,7.9233,0.10007,0.0024668,-16.185
0.46043,-0.011361,0,7.3689,0.098289,0.0023783,-16.206
0.45939,-0.011649,0,8.4863,0.080659,0.0025487,-16.321
0.45939,-0.011491,0,7.9778,0.082533,0.0025017,-16.352
0.45939,-0.011376,0,7.4178,0.082066,0.0024167,-16.376
0.46565,-0.011525,0,8.161,0.17999,0.0023643,-15.398
0.46564,-0.011368,0,7.6726,0.17458,0.002312,-15.419
0.4646,-0.011551,0,8.2113,0.16506,0.0023918,-15.548
0.4646,-0.011393,0,7.7204,0.16066,0.0023396,-15.569
0.4646,-0.011278,0,7.1826,0.15425,0.0022519,-15.586
0.46877,-0.011435,0,8.0114,0.22306,0.0022806,-14.931
0.46877,-0.011277,0,7.5291,0.21481,0.0022275,-14.95
0.46876,-0.011163,0,7.0018,0.2043,0.0021405,-14.966
0.46773,-0.011467,0,8.0601,0.2098,0.0023081,-15.093
0.46773,-0.011309,0,7.5759,0.20247,0.0022554,-15.113
0.47397,-0.010975,0,6.7862,0.25897,0.0020065,-14.179
0.47704,-0.010959,0,7.166,0.29809,0.0020216,-13.675
0.40727,-0.0067875,0,10.317,-3.6192,0.0044465,-11.66
0.40732,-0.0066412,0,10.211,-3.6016,0.0054333,-12.081
0.40724,-0.006474,0,10.025,-3.5738,0.00638,-12.359
0.40597,-0.0063106,0,10.047,-3.9314,0.0042888,-9.1619
0.40603,-0.0061666,0,9.9664,-3.9253,0.0053981,-9.6431
0.40621,-0.006091,0,9.8444,-3.8599,0.0064579,-10.353
0.53956,-0.0059519,0,4.9111,0.48718,0.00082224,-3.4225
0.58233,-0.0011002,0,3.3209,0.34012,0.00043973,6.3821
0.58131,-0.0012137,0,3.3787,0.37112,0.00041006,6.0456
0.58538,-0.00082374,0,3.2698,0.2595,0.00056019,7.0667
0.58434,-0.00090778,0,3.2678,0.28076,0.000516,6.8671
0.5731,0.006486,0,5.6879,-0.67196,0.0015671,-7.9495
0.57308,0.0063288,0,5.3309,-0.63156,0.0015129,-7.9522
0.57294,0.0062303,0,4.9474,-0.58694,0.0014431,-7.9567
0.57405,0.006373,0,5.6696,-0.66401,0.0015561,-7.8795
0.57403,0.006216,0,5.3248,-0.62678,0.001503,-7.8731
0.574,0.0061041,0,4.9454,-0.58445,0.0014327,-7.8722
0.42293,0.010811,0,9.9836,1.6719,0.0090084,-24.251
0.42393,0.011249,0,10.83,1.7382,0.0070938,-24.069
0.42395,0.011094,0,10.442,1.6707,0.0080755,-24.208
0.42396,0.010976,0,9.9238,1.5825,0.008776,-24.327
0.52297,0.011421,0,6.9117,-0.5143,0.0022942,-15.42
0.52296,0.011264,0,6.4972,-0.48825,0.0022309,-15.428
0.52296,0.011149,0,6.0433,-0.45761,0.0021407,-15.435
0.52401,0.011341,0,6.867,-0.51694,0.0022757,-15.223
0.524,0.011183,0,6.4583,-0.49086,0.002213,-15.233
0.52398,0.01107,0,6.0102,-0.4605,0.0021237,-15.242
0.41958,-0.0096116,0,10.7,-1.6941,0.0039517,-19.277
0.41961,-0.009456,0,10.36,-1.637,0.0043651,-19.419
0.41976,-0.0093586,0,9.8944,-1.547,0.004645,-19.57
0.50316,-0.0092301,0,5.8669,0.43466,0.0014303,-9.4556
0.50421,-0.0094225,0,6.6877,0.49108,0.0015416,-9.2755
0.5042,-0.0092651,0,6.2788,0.46557,0.0014856,-9.283
0.50409,-0.0091588,0,5.836,0.43616,0.0014127,-9.305
0.50418,-0.0091517,0,5.8329,0.43631,0.0014109,-9.2901
0.50318,-0.0095015,0,6.7304,0.48875,0.0015615,-9.4376
0.50316,-0.0092305,0,5.8684,0.43476,0.0014306,-9.4555
0.50316,-0.009344,0,6.3177,0.46386,0.0015062,-9.4476
0.51048,-0.0089235,0,6.5175,0.51376,0.0014306,-8.3106
0.51046,-0.0087661,0,6.1152,0.48722,0.0013754,-8.3176
0.50945,-0.0090074,0,6.563,0.51672,0.0014465,-8.5262
0.50944,-0.0088499,0,6.1518,0.48841,0.0013909,-8.5176
0.50942,-0.0087363,0,5.7063,0.45602,0.0013185,-8.5144
0.51881,-0.0082101,0,6.2517,0.53192,0.0012958,-6.9073
0.51878,-0.0079408,0,5.4534,0.47229,0.0011784,-6.921
0.51879,-0.0080527,0,5.8685,0.50414,0.0012436,-6.9144
0.51878,-0.0079396,0,5.449,0.47195,0.0011777,-6.9211
0.40184,-0.0041755,0,7.6534,-4.9534,0.0031641,11.275
0.40193,-0.0040609,0,7.5968,-5.0896,0.0048533,10.661
0.40209,-0.0039634,0,7.6096,-5.1664,0.0066276,9.2765
0.55297,-0.0048066,0,5.2223,0.55189,0.0006936,-0.92987
0.55295,-0.0046489,0,4.8885,0.52072,0.00066091,-0.93724
0.5541,-0.0044082,0,4.5106,0.49191,0.00061052,-0.72143
0.55309,-0.0045191,0,4.5262,0.48692,0.00062224,-0.91095
0.55419,-0.0043981,0,4.5091,0.49237,0.00060945,-0.70413
0.55435,-0.0046551,0,5.2169,0.56386,0.00067812,-0.69168
0.55453,-0.0046355,0,5.2109,0.56164,0.00067507,-0.66557
0.55419,-0.0043981,0,4.5093,0.49238,0.00060946,-0.70413
0.55433,-0.0044977,0,4.8742,0.52961,0.00064539,-0.6929
0.55446,-0.0044833,0,4.8715,0.52846,0.00064334,-0.67272
0.56148,-0.003581,0,4.2941,0.47421,0.00051317,0.7758
0.56875,-0.0030118,0,4.63,0.50976,0.00047821,2.4505
0.56872,-0.0027411,0,4.0119,0.45397,0.00042595,2.4485
0.56873,-0.0028547,0,4.3362,0.48423,0.0004553,2.4499
0.56872,-0.0027411,0,4.0119,0.45396,0.00042595,2.4485
0.56027,0.0079424,0,5.9361,-0.62856,0.0016891,-9.8068
0.56025,0.0077848,0,5.5735,-0.59354,0.0016341,-9.8167
0.56038,0.007655,0,5.1799,-0.55591,0.0015589,-9.7957
0.55946,0.0077554,0,5.2087,-0.54945,0.0015654,-9.9559
0.43535,0.012641,0,10.296,1.0018,0.0057455,-24.926
0.43538,0.012369,0,9.2018,0.88294,0.0064714,-25.054
0.43537,0.012484,0,9.7985,0.94708,0.0062154,-24.996
0.43538,0.012368,0,9.1997,0.88272,0.0064723,-25.054
0.50214,0.012818,0,7.5246,-0.40274,0.0028674,-18.439
0.50212,0.012547,0,6.5755,-0.35844,0.0027042,-18.431
0.50213,0.01266,0,7.0658,-0.38221,0.0028037,-18.432
0.50212,0.012546,0,6.5697,-0.35816,0.0027031,-18.431
0.51024,0.012329,0,7.2225,-0.45081,0.0026164,-17.135
0.51023,0.012171,0,6.7846,-0.42752,0.0025498,-17.152
0.51037,0.012047,0,6.3131,-0.40318,0.0024475,-17.135
0.52652,0.011142,0,6.7755,-0.52572,0.0022213,-14.827
0.52705,0.010825,0,5.9135,-0.47375,0.0020608,-14.743
0.52636,0.010995,0,6.3755,-0.49681,0.0021648,-14.862
0.43645,-0.010979,0,8.6761,-0.50113,0.0036868,-19.323
0.44477,-0.011579,0,9.2505,-0.27299,0.0031938,-18.331
0.44477,-0.011421,0,8.7314,-0.2509,0.0031926,-18.374
0.44686,-0.011625,0,9.1298,-0.20881,0.0030833,-18.096
0.44686,-0.011467,0,8.61,-0.19024,0.0030665,-18.138
0.44686,-0.011352,0,8.0244,-0.17115,0.0029973,-18.173
0.455,-0.011685,0,8.6685,-0.00065164,0.002696,-16.935
0.455,-0.011527,0,8.1484,0.0054721,0.0026604,-16.967
0.46981,-0.011129,0,6.9585,0.21636,0.0021128,-14.82
0.4719,-0.011328,0,7.8672,0.26192,0.0021977,-14.457
0.47189,-0.01117,0,7.3908,0.25108,0.002144,-14.474
0.47189,-0.011056,0,6.8706,0.23781,0.0020574,-14.489
0.41452,-0.0087133,0,10.79,-2.2782,0.0042041,-17.934
0.41455,-0.0085593,0,10.544,-2.2245,0.0047563,-18.154
0.41541,-0.0088916,0,10.789,-2.1622,0.0041444,-18.302
0.41544,-0.0087373,0,10.52,-2.1078,0.0046721,-18.492
0.40937,-0.007457,0,10.598,-3.1438,0.004498,-14.554
0.40828,-0.0071212,0,10.48,-3.3708,0.0044945,-13.319
0.40942,-0.0073074,0,10.448,-3.1107,0.0053131,-14.896
0.4083,-0.0069633,0,10.349,-3.3506,0.0053917,-13.665
0.40933,-0.0071479,0,10.214,-3.0637,0.0060911,-15.16
0.41018,-0.0076848,0,10.667,-2.9727,0.004469,-15.381
0.41022,-0.0075343,0,10.5,-2.9344,0.005228,-15.693
0.41038,-0.0074464,0,10.248,-2.8453,0.0059163,-16.083
0.50524,-0.0093427,0,6.6492,0.49335,0.0015197,-9.1104
0.50523,-0.0091852,0,6.2433,0.46775,0.0014638,-9.1165
0.5052,-0.009073,0,5.8011,0.4386,0.00139,-9.1263
0.50849,-0.0090132,0,6.3937,0.5103,0.0014358,-8.6003
0.5085,-0.0090851,0,6.5871,0.52448,0.0014617,-8.5988
0.50835,-0.0088238,0,5.7168,0.45913,0.0013337,-8.606
0.50848,-0.0089273,0,6.1627,0.49336,0.0014049,-8.6022
0.50871,-0.0089085,0,6.1601,0.49217,0.0014015,-8.5817
0.50835,-0.0088231,0,5.7141,0.45892,0.0013333,-8.6061
0.51046,-0.0086517,0,5.6759,0.45604,0.0013035,-8.3233
0.51151,-0.0088376,0,6.469,0.51472,0.001414,-8.0989
0.5115,-0.0086802,0,6.0726,0.48815,0.0013596,-8.107
0.51148,-0.0085669,0,5.639,0.45729,0.0012888,-8.1148
0.51455,-0.0083084,0,5.5333,0.46669,0.0012397,-7.5739
0.51442,-0.0085928,0,6.3604,0.52628,0.0013632,-7.5845
0.51396,-0.0086321,0,6.3714,0.51916,0.0013711,-7.6817
0.51455,-0.0083084,0,5.5334,0.4667,0.0012398,-7.5739
0.51441,-0.0084349,0,5.9622,0.49751,0.0013096,-7.5967
0.51386,-0.0084815,0,5.9829,0.49114,0.0013197,-7.7043
0.51401,-0.0083542,0,5.553,0.46196,0.0012489,-7.6776
0.51353,-0.008669,0,6.3816,0.51248,0.0013785,-7.7729
0.51351,-0.0085115,0,5.9962,0.48704,0.0013262,-7.7737
0.52309,-0.0078241,0,6.1536,0.55782,0.0012304,-6.2217
0.52307,-0.0076664,0,5.7572,0.52448,0.0011785,-6.2234
0.52294,-0.007564,0,5.3363,0.4876,0.0011165,-6.2267
0.52707,-0.0074527,0,5.9916,0.53809,0.001164,-5.5506
0.52705,-0.0071816,0,5.2285,0.47961,0.0010568,-5.552
0.52706,-0.0072952,0,5.629,0.51107,0.0011123,-5.5508
0.52705,-0.0071815,0,5.2283,0.47959,0.0010568,-5.552
0.52715,-0.0071717,0,5.2246,0.48027,0.0010532,-5.532
0.52797,-0.0073682,0,5.9704,0.54982,0.0011356,-5.3642
0.52795,-0.0072104,0,5.5958,0.51934,0.0010824,-5.3738
0.52809,-0.0070825,0,5.191,0.48648,0.0010206,-5.3502
0.52832,-0.0070609,0,5.1886,0.48803,0.0010144,-5.3158
0.53663,-0.0065217,0,5.7613,0.56993,0.00097569,-3.9492
0.53662,-0.0063642,0,5.3879,0.53549,0.00092732,-3.9502
0.53526,-0.0066593,0,5.7575,0.55547,0.00099703,-4.1451
0.53524,-0.0065016,0,5.3946,0.52424,0.00094972,-4.1538
0.5386,-0.0063229,0,5.6894,0.55259,0.00093429,-3.6197
0.53858,-0.0061656,0,5.3366,0.52368,0.00088797,-3.6231
0.5553,-0.00455,0,5.1846,0.55192,0.00066172,-0.55155
0.55528,-0.0043928,0,4.8542,0.52123,0.00063038,-0.5452
0.55526,-0.0042807,0,4.4928,0.48626,0.00059395,-0.54541
0.55957,-0.0040729,0,5.0398,0.55597,0.0006038,0.37231
0.55955,-0.0039155,0,4.7077,0.5224,0.000574,0.3713
0.55941,-0.0038163,0,4.3537,0.48597,0.00054133,0.35857
0.56051,-0.0039652,0,5.0037,0.54312,0.00058864,0.52891
0.5605,-0.003808,0,4.6837,0.51323,0.00056025,0.53471
0.56047,-0.003696,0,4.3334,0.47908,0.00052734,0.5337
0.56152,-0.0038498,0,4.9507,0.53416,0.00057302,0.7874
0.56151,-0.0036927,0,4.6378,0.50659,0.00054539,0.78402
0.56478,-0.0034762,0,4.8419,0.54494,0.00053311,1.5151
0.56476,-0.0033189,0,4.5203,0.51214,0.00050682,1.5133
0.56462,-0.00322,0,4.1775,0.47649,0.00047866,1.498
0.56289,-0.0036939,0,4.8775,0.53058,0.00055368,1.1147
0.5634,-0.0036355,0,4.8593,0.53546,0.00054777,1.2444
0.56267,-0.0035601,0,4.5776,0.50171,0.00052941,1.0603
0.56338,-0.0034779,0,4.5443,0.50555,0.00052081,1.2371
0.5633,-0.0033727,0,4.2114,0.47199,0.00049115,1.2118
0.56352,-0.0033472,0,4.2016,0.47266,0.00048873,1.2652
0.57298,-0.0025073,0,4.4561,0.49721,0.00043283,3.5201
0.57296,-0.0023503,0,4.1655,0.47244,0.00041264,3.5159
0.57293,-0.0022387,0,3.8473,0.44294,0.00038842,3.5066
0.58041,-0.0015945,0,4.023,0.45075,0.0004192,5.7248
0.58039,-0.0014368,0,3.7356,0.42464,0.00040607,5.7288
0.58538,-0.00082389,0,3.2702,0.25953,0.00056019,7.0667
0.40172,0.0043,0,7.5096,5.2492,0.018877,10.804
0.40181,0.0041887,0,7.4451,5.383,0.022737,10.196
0.40197,0.0040969,0,7.4518,5.4623,0.026856,8.8141
0.40197,0.0040969,0,7.4518,5.4623,0.026856,8.8141
0.58758,0.0044335,0,5.0331,-0.89532,0.0009607,-4.9672
0.58755,0.0042793,0,4.6974,-0.85348,0.00088055,-4.9897
0.58737,0.0041917,0,4.3365,-0.79934,0.00080045,-5.0922
0.5877,0.0041257,0,4.2841,-0.80201,0.00076968,-4.9109
0.58752,0.0041619,0,4.3154,-0.80064,0.00078646,-5.0176
0.58669,0.0046091,0,5.1696,-0.89536,0.001045,-5.4046
0.58649,0.0043653,0,4.461,-0.7921,0.00088188,-5.5233
0.58666,0.0044545,0,4.8257,-0.8471,0.00096468,-5.4401
0.58649,0.0043648,0,4.4591,-0.79181,0.00088143,-5.5237
0.58962,0.003714,0,3.9434,-0.81096,0.00058866,-3.6934
0.59071,0.0037473,0,4.4741,-0.90319,0.00066892,-2.982
0.59068,0.0035943,0,4.1299,-0.85653,0.00058313,-3.0028
0.59064,0.0034786,0,3.7463,-0.7983,0.0004896,-3.0334
0.58855,0.0039482,0,4.1307,-0.80878,0.00068726,-4.3868
0.58846,0.0042523,0,4.8803,-0.90874,0.00087817,-4.3993
0.58855,0.0039488,0,4.1322,-0.80898,0.00068765,-4.3869
0.58843,0.0040984,0,4.5343,-0.86331,0.00079322,-4.4314
0.40613,0.0067575,0,10.114,4.2793,0.010175,-11.661
0.40619,0.0066164,0,10.025,4.2751,0.012875,-12.114
0.41361,0.0091903,0,10.946,2.8538,0.0080056,-20.772
0.41365,0.009038,0,10.716,2.7958,0.0096697,-21.003
0.41354,0.008884,0,10.382,2.7224,0.011065,-21.164
0.53559,0.010374,0,6.5912,-0.57834,0.0020343,-13.543
0.53558,0.010216,0,6.1794,-0.54458,0.0019794,-13.546
0.53544,0.010113,0,5.7408,-0.507,0.0019014,-13.548
0.54483,0.0092466,0,5.5438,-0.52249,0.001768,-12.213
0.54641,0.0093676,0,6.2788,-0.58833,0.0018768,-11.922
0.54588,0.0094182,0,6.3019,-0.58986,0.0018859,-11.995
0.54584,0.0091511,0,5.5205,-0.52482,0.0017537,-12.012
0.54642,0.0092073,0,5.9064,-0.55836,0.0018207,-11.921
0.54587,0.0092609,0,5.9268,-0.55943,0.0018307,-12.002
0.54584,0.0091493,0,5.5137,-0.52425,0.0017525,-12.012
0.54666,0.0090695,0,5.4882,-0.52356,0.0017355,-11.888
0.54486,0.0095175,0,6.3423,-0.58891,0.0019011,-12.201
0.54483,0.0092469,0,5.5449,-0.52258,0.0017682,-12.213
0.54484,0.0093602,0,5.962,-0.55818,0.0018468,-12.207
0.54914,0.009099,0,6.2507,-0.61704,0.0018396,-11.535
0.54912,0.0089414,0,5.8599,-0.58077,0.0017816,-11.537
0.54899,0.00884,0,5.4425,-0.54056,0.0017036,-11.54
0.54776,0.0092354,0,6.2417,-0.59991,0.0018546,-11.69
0.54775,0.0090776,0,5.8618,-0.56693,0.0017973,-11.701
0.54687,0.0093226,0,6.2582,-0.58697,0.0018687,-11.857
0.54685,0.0091653,0,5.8905,-0.55752,0.0018128,-11.857
0.54684,0.0090521,0,5.4844,-0.52357,0.001732,-11.859
0.54684,0.0090515,0,5.4825,-0.52341,0.0017316,-11.859
0.54789,0.0089492,0,5.4504,-0.5316,0.0017151,-11.681
0.54789,0.0089491,0,5.4502,-0.53158,0.0017151,-11.681
0.54864,0.0088744,0,5.4449,-0.53773,0.0017072,-11.584
0.55214,0.0087964,0,6.1476,-0.60407,0.0017972,-11.053
0.55212,0.0086393,0,5.7815,-0.57279,0.0017404,-11.06
0.55111,0.0089004,0,6.188,-0.60405,0.0018113,-11.261
0.5511,0.0087432,0,5.8171,-0.57248,0.0017544,-11.266
0.55108,0.0086297,0,5.4086,-0.53586,0.0016766,-11.272
0.55309,0.0084251,0,5.3461,-0.53599,0.0016447,-10.917
0.56548,0.0073666,0,5.8166,-0.63992,0.0016356,-9.0068
0.56561,0.0073523,0,5.8172,-0.64144,0.0016346,-8.992
0.56546,0.007209,0,5.461,-0.60443,0.0015832,-9.0176
0.56572,0.0071802,0,5.4605,-0.60686,0.0015809,-8.9861
0.5656,0.0070786,0,5.0741,-0.56604,0.0015131,-8.9969
0.56561,0.0070775,0,5.074,-0.56612,0.001513,-8.9956
0.56459,0.0074666,0,5.836,-0.62748,0.0016441,-9.1816
0.56457,0.0073095,0,5.4914,-0.59578,0.0015938,-9.1841
0.56456,0.0071955,0,5.1075,-0.55872,0.0015254,-9.1872
0.43122,0.011941,0,9.4651,1.0991,0.0072665,-25.047
0.45207,0.013514,0,8.8879,0.33205,0.0045727,-24.282
0.45208,0.013398,0,8.2935,0.30474,0.0045917,-24.311
0.45624,0.013792,0,9.2129,0.24892,0.004267,-23.899
0.45624,0.013634,0,8.6871,0.22915,0.0043678,-23.935
0.45728,0.013814,0,9.162,0.22238,0.0042319,-23.804
0.45728,0.013657,0,8.6369,0.20412,0.0043237,-23.838
0.45519,0.013765,0,9.2618,0.27607,0.0043037,-23.972
0.4552,0.013608,0,8.7352,0.25481,0.0044141,-24.007
0.4552,0.013493,0,8.1479,0.23269,0.0044104,-24.036
0.46041,0.013595,0,7.9182,0.12154,0.0041579,-23.562
0.45937,0.013853,0,9.0649,0.17391,0.0041599,-23.594
0.46145,0.013608,0,7.8725,0.10165,0.0041073,-23.443
0.46458,0.013903,0,8.8304,0.061761,0.0039739,-23.074
0.46458,0.013746,0,8.3139,0.053095,0.0040168,-23.103
0.46458,0.013631,0,7.7461,0.044953,0.0039645,-23.126
0.46562,0.013906,0,8.7845,0.042503,0.0039381,-22.944
0.46562,0.013748,0,8.2695,0.035177,0.0039756,-22.97
0.46562,0.013634,0,7.704,0.028491,0.0039201,-22.991
0.46354,0.013899,0,8.8773,0.083459,0.0040116,-23.181
0.46354,0.013741,0,8.3594,0.073557,0.0040607,-23.211
0.46354,0.013626,0,7.7893,0.064063,0.0040126,-23.236
0.46875,0.013629,0,7.5842,-0.021508,0.0037906,-22.649
0.46771,0.013633,0,7.6246,-0.0059051,0.0038328,-22.781
0.4698,0.013896,0,8.6084,-0.03218,0.0037995,-22.486
0.46979,0.013738,0,8.1012,-0.034919,0.0038176,-22.51
0.47293,0.013865,0,8.4806,-0.082775,0.0037057,-22.123
0.47292,0.013707,0,7.9795,-0.08235,0.003712,-22.144
0.47292,0.013593,0,7.432,-0.080586,0.0036377,-22.162
0.47397,0.013851,0,8.4395,-0.098932,0.0036749,-22.01
0.47397,0.013693,0,7.9406,-0.097548,0.0036777,-22.032
0.47396,0.013578,0,7.396,-0.094739,0.0036017,-22.051
0.47709,0.013524,0,7.2878,-0.13386,0.0034976,-21.674
0.47605,0.013816,0,8.3571,-0.12909,0.0036156,-21.753
0.47605,0.013544,0,7.3226,-0.12091,0.0035315,-21.789
0.48126,0.013698,0,8.1587,-0.19844,0.003491,-21.124
0.48126,0.01354,0,7.6747,-0.19092,0.003472,-21.142
0.48125,0.013425,0,7.1474,-0.18152,0.0033866,-21.157
0.4823,0.013668,0,8.1184,-0.20914,0.0034727,-20.986
0.4823,0.013511,0,7.6367,-0.20085,0.003451,-21.001
0.48022,0.013725,0,8.1981,-0.18511,0.0035113,-21.25
0.48022,0.013568,0,7.7123,-0.17836,0.0034952,-21.27
0.48022,0.013453,0,7.1825,-0.1698,0.003411,-21.286
0.48522,0.013579,0,8.01,-0.24703,0.0033866,-20.539
0.48522,0.01342,0,7.5234,-0.23698,0.0033578,-20.563
0.48536,0.013301,0,7.001,-0.22671,0.0032621,-20.548
0.48433,0.013607,0,8.0311,-0.22596,0.0034269,-20.733
0.48432,0.013449,0,7.5602,-0.21858,0.0033998,-20.742
0.50629,0.012576,0,7.3577,-0.42445,0.0027444,-17.751
0.50628,0.012418,0,6.9223,-0.40335,0.0026773,-17.761
0.50627,0.012304,0,6.4467,-0.37905,0.0025769,-17.769
0.52195,0.0115,0,6.9536,-0.51584,0.0023124,-15.625
0.52193,0.011343,0,6.5303,-0.48819,0.002249,-15.616
0.43643,-0.011252,0,9.7637,-0.58073,0.0035888,-19.22
0.43644,-0.011095,0,9.2661,-0.54352,0.0036865,-19.276
0.43851,-0.011358,0,9.6312,-0.49609,0.003505,-19.014
0.43852,-0.0112,0,9.1254,-0.46247,0.0035717,-19.068
0.43852,-0.011084,0,8.5345,-0.42527,0.0035538,-19.114
0.44478,-0.011306,0,8.1425,-0.22769,0.0031325,-18.409
0.45515,-0.011412,0,7.5785,0.013442,0.0025766,-16.969
0.46147,-0.011616,0,8.3715,0.1163,0.0024826,-16.006
0.46147,-0.011459,0,7.8718,0.11524,0.0024299,-16.029
0.46147,-0.011344,0,7.3226,0.11217,0.00234,-16.047
0.46356,-0.011575,0,8.2642,0.14994,0.0024196,-15.713
0.46356,-0.011417,0,7.7709,0.14667,0.0023667,-15.736
0.46356,-0.011303,0,7.2299,0.14143,0.0022781,-15.755
0.46981,-0.011402,0,7.9636,0.23686,0.0022533,-14.783
0.46981,-0.011244,0,7.4834,0.22776,0.0021998,-14.803
0.41561,-0.0086478,0,10.137,-2.0116,0.0050876,-18.711
0.41458,-0.0084419,0,10.188,-2.1444,0.0052266,-18.352
0.5135,-0.0083976,0,5.5717,0.45749,0.0012576,-7.7756
0.53648,-0.0062631,0,4.9907,0.49777,0.00087365,-3.9561
0.53538,-0.0063731,0,5.0025,0.49066,0.00089284,-4.1294
0.53856,-0.0060536,0,4.9493,0.48998,0.00083366,-3.6309
0.58025,-0.001342,0,3.4373,0.39867,0.00038683,5.7019
0.58983,0.0039513,0,4.6649,-0.92392,0.00076209,-3.5567
0.5898,0.0037977,0,4.3106,-0.86966,0.00067379,-3.5887
0.40512,0.0059822,0,9.5563,4.5628,0.017182,-9.4741
0.40623,0.0064815,0,9.8721,4.2372,0.015521,-12.58
0.55209,0.0085277,0,5.378,-0.5367,0.0016631,-11.07
0.55312,0.0086961,0,6.1037,-0.60137,0.0017791,-10.913
0.5531,0.0085389,0,5.7448,-0.57107,0.0017232,-10.914
0.57172,0.0066489,0,5.675,-0.65446,0.0015752,-8.104
0.5717,0.0064915,0,5.328,-0.61732,0.0015221,-8.1141
0.57184,0.0063602,0,4.9509,-0.5776,0.0014503,-8.0948
0.43106,0.0122,0,10.534,1.2388,0.0062549,-24.883
0.43108,0.012043,0,10.055,1.1787,0.0068931,-24.962
0.45103,0.013633,0,9.4599,0.38504,0.0044913,-24.197
0.45104,0.013475,0,8.9314,0.35819,0.0046522,-24.239
0.45107,0.013361,0,8.3335,0.32919,0.0046783,-24.273
0.45207,0.013671,0,9.4164,0.35741,0.0044252,-24.246
0.45311,0.013705,0,9.3653,0.32912,0.0043816,-24.189
0.45311,0.013547,0,8.8376,0.30485,0.0045144,-24.226
0.45312,0.013432,0,8.2462,0.2791,0.0045246,-24.258
0.45624,0.013519,0,8.1021,0.2087,0.004357,-23.966
0.45728,0.013542,0,8.0537,0.18531,0.0043062,-23.867
0.45937,0.013695,0,8.5418,0.15865,0.0042363,-23.626
0.45937,0.01358,0,7.9626,0.1432,0.0042081,-23.653
0.46041,0.013868,0,9.0172,0.14942,0.0041231,-23.503
0.46041,0.01371,0,8.4951,0.13549,0.0041919,-23.535
0.46145,0.01388,0,8.9685,0.12655,0.0040854,-23.389
0.46145,0.013722,0,8.4475,0.11404,0.0041469,-23.418
0.46771,0.013906,0,8.696,0.0033123,0.0038678,-22.733
0.46771,0.013748,0,8.1849,-0.0017392,0.0038952,-22.759
0.46875,0.013902,0,8.6513,-0.014778,0.0038334,-22.605
0.46875,0.013744,0,8.142,-0.018629,0.0038559,-22.629
0.46979,0.013623,0,7.5461,-0.036577,0.0037498,-22.529
0.47188,0.013877,0,8.5223,-0.067085,0.0037361,-22.252
0.47188,0.013719,0,8.0191,-0.067731,0.003746,-22.275
0.47188,0.013605,0,7.4692,-0.067119,0.0036734,-22.294
0.47605,0.013659,0,7.8624,-0.12578,0.0036114,-21.773
0.4771,0.013797,0,8.3174,-0.14383,0.003587,-21.636
0.47709,0.013639,0,7.825,-0.13967,0.003579,-21.657
0.47814,0.013774,0,8.2766,-0.1584,0.003559,-21.512
0.47813,0.013617,0,7.7863,-0.15338,0.0035479,-21.532
0.47813,0.013502,0,7.2515,-0.14665,0.0034653,-21.549
0.48229,0.013396,0,7.1119,-0.19068,0.0033644,-21.015
0.48432,0.013335,0,7.0424,-0.20905,0.0033113,-20.752
0.52192,0.011229,0,6.0704,-0.4564,0.0021586,-15.613
0.57601,0.0059025,0,5.0262,-0.5983,0.0014339,-7.5474
0.57549,0.0060404,0,5.2826,-0.62471,0.0014856,-7.6272
0.57608,0.0058543,0,4.8964,-0.58502,0.001409,-7.5386
0.57506,0.0062517,0,5.6348,-0.6605,0.0015443,-7.6922
0.57506,0.0062381,0,5.6055,-0.65742,0.0015397,-7.6926
0.57444,0.0061665,0,5.3137,-0.62612,0.0014983,-7.8013
0.57504,0.0060948,0,5.2977,-0.62516,0.0014916,-7.6971
0.57475,0.006014,0,4.9298,-0.58431,0.0014246,-7.7482
0.57501,0.0059831,0,4.9244,-0.58426,0.0014219,-7.7056
0.42489,0.011397,0,10.802,1.6572,0.0069555,-24.235
0.42492,0.011241,0,10.397,1.5906,0.0078952,-24.359
0.42496,0.011128,0,9.8648,1.5017,0.0085399,-24.465
0.42405,0.01099,0,9.9182,1.5748,0.0087537,-24.34
0.42496,0.011128,0,9.864,1.5015,0.008541,-24.465
0.52513,0.010979,0,5.9759,-0.46299,0.002104,-15.052
0.52504,0.011259,0,6.8293,-0.51954,0.0022568,-15.055
0.52503,0.011102,0,6.4242,-0.49321,0.002195,-15.062
0.52499,0.01099,0,5.9807,-0.46301,0.0021068,-15.071
0.52477,0.011008,0,5.9869,-0.46243,0.0021105,-15.109
0.52499,0.01099,0,5.9802,-0.46298,0.0021067,-15.071
0.43442,-0.010861,0,8.8194,-0.58826,0.0038117,-19.432
0.44238,-0.01151,0,9.3945,-0.35082,0.0033202,-18.624
0.44164,-0.011486,0,9.4404,-0.37686,0.0033583,-18.714
0.44236,-0.011352,0,8.8801,-0.32509,0.0033413,-18.674
0.44164,-0.011328,0,8.9261,-0.34907,0.003386,-18.765
0.44165,-0.011212,0,8.3351,-0.31904,0.0033441,-18.807
0.44165,-0.011212,0,8.3353,-0.31911,0.0033443,-18.807
0.44373,-0.011278,0,8.2045,-0.25651,0.0032019,-18.537
0.44998,-0.011396,0,7.8646,-0.09258,0.0028218,-17.765
0.44894,-0.011384,0,7.9098,-0.11983,0.0028747,-17.89
0.44998,-0.011669,0,8.9642,-0.11387,0.0029295,-17.685
0.44998,-0.011396,0,7.8647,-0.092581,0.0028218,-17.765
0.44998,-0.011511,0,8.4444,-0.10335,0.002899,-17.731
0.45834,-0.011661,0,8.5496,0.059535,0.0025808,-16.524
0.45834,-0.011504,0,8.0336,0.062597,0.0025357,-16.553
0.45835,-0.011388,0,7.4671,0.0634,0.0024514,-16.576
0.46564,-0.011253,0,7.1377,0.16712,0.0022247,-15.437
0.46564,-0.011253,0,7.1377,0.16714,0.0022247,-15.436
0.46564,-0.011253,0,7.1378,0.16709,0.0022248,-15.437
0.46669,-0.011498,0,8.1108,0.19537,0.0023364,-15.253
0.46668,-0.01134,0,7.6246,0.18903,0.0022839,-15.275
0.46772,-0.011195,0,7.0463,0.19292,0.0021684,-15.131
0.46668,-0.011225,0,7.0926,0.18056,0.0021969,-15.293
0.46772,-0.011195,0,7.0473,0.19298,0.0021685,-15.13
0.46845,-0.011172,0,7.0151,0.20091,0.0021488,-15.015
0.47502,-0.011204,0,7.7258,0.29595,0.0021222,-13.978
0.47501,-0.011047,0,7.2556,0.28279,0.0020681,-13.992
0.475,-0.010932,0,6.7431,0.26718,0.0019831,-14.006
0.47397,-0.010976,0,6.7902,0.25908,0.0020072,-14.179
0.47479,-0.010941,0,6.7522,0.26545,0.001988,-14.042
0.47293,-0.011016,0,6.8287,0.24842,0.0020312,-14.337
0.47702,-0.010959,0,7.1667,0.298,0.0020219,-13.677
0.58338,-0.0012627,0,3.8313,0.35167,0.00048978,6.6442
0.58336,-0.0011043,0,3.5665,0.33242,0.00048599,6.655
0.58233,-0.0011002,0,3.321,0.34013,0.00043974,6.3821
0.58333,-0.00099874,0,3.2859,0.31088,0.00047621,6.6596
0.58333,-0.00099871,0,3.2859,0.31088,0.00047621,6.6596
0.58434,-0.00090779,0,3.2678,0.28076,0.000516,6.8671
0.53233,0.010657,0,6.6389,-0.54774,0.0021006,-13.992
0.53229,0.010388,0,5.8138,-0.48723,0.0019623,-14.006
0.53232,0.010499,0,6.2453,-0.51948,0.0020451,-13.998
0.53229,0.010388,0,5.8135,-0.48721,0.0019623,-14.006
0.42326,0.011143,0,10.859,1.8001,0.0071752,-24.019
0.42324,0.010981,0,10.476,1.7366,0.0082089,-24.151
0.51042,-0.0086552,0,5.6771,0.45604,0.0013041,-8.3311
0.51108,-0.0088737,0,6.4894,0.51431,0.001421,-8.1879
0.511,-0.0087217,0,6.0931,0.4877,0.0013672,-8.2087
0.51254,-0.0087517,0,6.4285,0.51553,0.0013971,-7.9152
0.51253,-0.0085942,0,6.0356,0.48877,0.0013435,-7.9203
0.51249,-0.0084823,0,5.6064,0.45812,0.0012739,-7.929
0.51312,-0.00843,0,5.585,0.45773,0.0012639,-7.8344
0.56148,-0.003581,0,4.2942,0.47422,0.00051318,0.77581
0.56236,-0.00348,0,4.253,0.47006,0.00050162,0.98684
0.56076,-0.0036633,0,4.3222,0.47769,0.00052331,0.60261
0.56251,-0.0037378,0,4.8913,0.52693,0.00055811,1.0174
0.56249,-0.0035806,0,4.5859,0.50075,0.00053155,1.0161
0.56248,-0.0034668,0,4.2477,0.46952,0.00050012,1.0143
0.59291,0.0032014,0,3.9937,-0.8822,0.00047144,-1.3823
0.59271,0.0029666,0,3.2876,-0.76671,0.00030556,-1.4879
0.59287,0.0030492,0,3.6405,-0.82714,0.00038485,-1.4015
0.59271,0.0029655,0,3.2833,-0.76597,0.00030458,-1.4889
0.59346,0.0027662,0,3.1128,-0.74602,0.00024741,-0.93445
0.59158,0.003537,0,4.2739,-0.89803,0.00058339,-2.3046
0.59155,0.0033841,0,3.9214,-0.84848,0.00049496,-2.3329
0.59121,0.0036264,0,4.359,-0.90022,0.00061975,-2.5926
0.59166,0.003233,0,3.5165,-0.78611,0.00039346,-2.2768
0.59109,0.0034941,0,4.0306,-0.8527,0.00054112,-2.6837
0.59166,0.003233,0,3.5165,-0.78611,0.00039345,-2.2768
0.59162,0.0030931,0,3.1006,-0.70594,0.00030247,-2.3055
0.55887,0.0080927,0,5.9744,-0.61798,0.0017031,-10.044
0.55839,0.008144,0,5.995,-0.61953,0.0017093,-10.11
0.55885,0.0079355,0,5.6202,-0.58609,0.0016481,-10.047
0.55837,0.0079869,0,5.6375,-0.58716,0.0016538,-10.117
0.55834,0.0078754,0,5.2432,-0.54984,0.0015791,-10.126
0.55937,0.0080387,0,5.9527,-0.61635,0.0016966,-9.9734
0.55934,0.0077678,0,5.2125,-0.54867,0.0015662,-9.9757
0.55935,0.0078815,0,5.602,-0.58496,0.0016421,-9.9741
0.55934,0.0077678,0,5.2123,-0.54865,0.0015662,-9.9757
0.44137,0.013125,0,9.9683,0.72581,0.0051074,-24.816
0.44163,0.013143,0,9.956,0.71596,0.005077,-24.831
0.44165,0.012871,0,8.8325,0.62332,0.0054995,-24.924
0.44152,0.012977,0,9.4417,0.67672,0.0053888,-24.876
0.44164,0.012985,0,9.4357,0.67243,0.0053718,-24.882
0.44165,0.01287,0,8.8298,0.62309,0.0055001,-24.924
0.44267,0.013212,0,9.9036,0.67595,0.0049874,-24.826
0.44269,0.012939,0,8.7763,0.58682,0.005369,-24.926
0.44268,0.013055,0,9.3809,0.63388,0.0052571,-24.88
0.44269,0.012939,0,8.7762,0.58682,0.005369,-24.926
0.44269,0.01294,0,8.7758,0.58652,0.0053681,-24.926
0.44579,0.013395,0,9.7369,0.55853,0.0047847,-24.645
0.4458,0.013129,0,8.6407,0.48516,0.0050631,-24.734
0.4458,0.013237,0,9.2079,0.52229,0.0049965,-24.696
0.4458,0.013122,0,8.6044,0.48278,0.0050673,-24.736
0.44632,0.013149,0,8.5832,0.46551,0.005018,-24.717
0.44476,0.013064,0,8.6588,0.51495,0.005163,-24.786
0.44475,0.013337,0,9.7909,0.59566,0.0048493,-24.693
0.44476,0.013065,0,8.6615,0.51514,0.0051627,-24.785
0.44476,0.01318,0,9.263,0.5572,0.0050799,-24.744
0.44424,0.013034,0,8.6879,0.53234,0.0052129,-24.829
0.48754,0.013497,0,7.996,-0.27585,0.003304,-20.407
0.48732,0.013505,0,8.0017,-0.2758,0.0033091,-20.411
0.48773,0.01349,0,7.9877,-0.27684,0.0033012,-20.369
0.48754,0.013339,0,7.5068,-0.26334,0.003266,-20.403
0.48723,0.01335,0,7.5101,-0.26286,0.0032747,-20.413
0.48784,0.013328,0,7.4959,-0.26518,0.0032601,-20.345
0.48753,0.013225,0,6.9797,-0.24779,0.0031728,-20.403
0.4865,0.013262,0,6.9877,-0.24432,0.0032043,-20.433
0.48659,0.013532,0,8.02,-0.27563,0.0033257,-20.422
0.48658,0.013374,0,7.5172,-0.26183,0.0032932,-20.433
0.48646,0.013264,0,6.988,-0.24419,0.0032056,-20.434
0.4917,0.013332,0,7.8187,-0.31119,0.0032034,-19.722
0.49169,0.013174,0,7.3557,-0.29698,0.003155,-19.735
0.49164,0.013062,0,6.8526,-0.2798,0.0030598,-19.751
0.49169,0.01306,0,6.8513,-0.28009,0.0030586,-19.746
0.49274,0.013287,0,7.7811,-0.32023,0.0031757,-19.595
0.49361,0.013248,0,7.7497,-0.32791,0.0031512,-19.484
0.49273,0.01313,0,7.3213,-0.30542,0.0031255,-19.61
0.49367,0.013087,0,7.2895,-0.31316,0.0030974,-19.489
0.49273,0.013015,0,6.8206,-0.28798,0.0030285,-19.621
0.49586,0.013144,0,7.6721,-0.3462,0.0030882,-19.195
0.49637,0.013119,0,7.6535,-0.34995,0.0030735,-19.129
0.49585,0.012872,0,6.728,-0.31065,0.0029348,-19.22
0.49585,0.012986,0,7.219,-0.32966,0.003033,-19.208
0.49621,0.012969,0,7.2068,-0.33207,0.0030223,-19.163
0.49584,0.012872,0,6.7255,-0.31047,0.0029345,-19.221
0.49585,0.012872,0,6.7252,-0.31053,0.0029342,-19.22
0.49482,0.013193,0,7.7072,-0.3376,0.0031172,-19.323
0.49481,0.013035,0,7.2521,-0.32152,0.0030639,-19.336
0.49481,0.012921,0,6.7563,-0.30286,0.0029657,-19.346
0.49378,0.012968,0,6.7878,-0.29602,0.0029964,-19.486
0.51962,0.011676,0,6.9608,-0.50077,0.0023641,-15.812
0.51961,0.011518,0,6.5381,-0.47417,0.0023003,-15.827
0.51975,0.011393,0,6.0827,-0.44619,0.0022057,-15.808
0.52099,0.011573,0,6.9738,-0.52214,0.0023328,-15.671
0.52098,0.011416,0,6.5373,-0.49193,0.0022684,-15.675
0.52085,0.011311,0,6.0744,-0.45801,0.0021791,-15.676
0.52115,0.011288,0,6.0732,-0.45756,0.0021733,-15.658
0.43749,-0.011034,0,8.6051,-0.46269,0.0036221,-19.225
0.43645,-0.01098,0,8.6767,-0.50117,0.0036868,-19.323
0.43747,-0.011307,0,9.6975,-0.53795,0.0035491,-19.123
0.43748,-0.011036,0,8.6167,-0.46348,0.0036223,-19.224
0.43748,-0.011149,0,9.1954,-0.50247,0.0036312,-19.179
0.43825,-0.011071,0,8.5532,-0.43518,0.0035719,-19.143
0.44581,-0.011604,0,9.1907,-0.24083,0.0031386,-18.215
0.44582,-0.011446,0,8.6712,-0.22054,0.0031293,-18.258
0.44478,-0.011307,0,8.146,-0.22782,0.0031329,-18.409
0.44582,-0.011331,0,8.0839,-0.19947,0.0030643,-18.293
0.44582,-0.011331,0,8.0837,-0.1994,0.0030641,-18.293
0.44582,-0.011331,0,8.0838,-0.19947,0.0030643,-18.293
0.44698,-0.011627,0,9.1228,-0.20518,0.0030767,-18.078
0.44698,-0.011469,0,8.603,-0.18688,0.0030594,-18.121
0.46251,-0.011324,0,7.2774,0.12681,0.0023062,-15.907
0.46251,-0.011325,0,7.2775,0.1268,0.0023062,-15.907
0.46252,-0.011597,0,8.3182,0.13314,0.0024492,-15.864
0.46251,-0.011324,0,7.2774,0.12681,0.0023062,-15.907
0.46251,-0.01144,0,7.822,0.13097,0.0023957,-15.888
0.46252,-0.011324,0,7.2773,0.12686,0.0023061,-15.907
0.47086,-0.011365,0,7.9147,0.25025,0.0022254,-14.627
0.47085,-0.011208,0,7.4363,0.24029,0.0021717,-14.645
0.47085,-0.011093,0,6.9138,0.22795,0.0020848,-14.661
0.47005,-0.011393,0,7.9525,0.23989,0.002247,-14.748
0.46981,-0.01113,0,6.9608,0.21641,0.0021131,-14.82
0.47045,-0.011222,0,7.4543,0.2355,0.0021824,-14.706
0.46895,-0.011157,0,6.994,0.20647,0.0021355,-14.94
0.41561,-0.0086479,0,10.137,-2.0117,0.0050873,-18.71
0.5135,-0.0083976,0,5.5719,0.4575,0.0012576,-7.7756
0.53758,-0.0064259,0,5.7347,0.55935,0.00095742,-3.8495
0.53757,-0.0062685,0,5.3738,0.52818,0.0009102,-3.8412
0.53754,-0.0061561,0,4.9802,0.49279,0.00085498,-3.8398
0.53648,-0.0062631,0,4.9907,0.49778,0.00087365,-3.9561
0.5365,-0.0062615,0,4.9906,0.4977,0.00087337,-3.9544
0.53852,-0.0060569,0,4.9503,0.49007,0.00083434,-3.6375
0.53856,-0.0060539,0,4.9501,0.49005,0.00083378,-3.6309
0.58025,-0.001342,0,3.4373,0.39867,0.00038683,5.7019
0.57903,-0.0017673,0,4.0926,0.46088,0.00040467,5.3037
0.57901,-0.00161,0,3.8098,0.43723,0.00039035,5.3003
0.57915,-0.0014785,0,3.5008,0.40919,0.00037385,5.3401
0.57915,-0.0014785,0,3.5007,0.40919,0.00037385,5.3401
0.405,0.0062539,0,9.7481,4.5702,0.0112,-8.4043
0.40506,0.0061173,0,9.6783,4.587,0.014167,-8.907
0.40512,0.0059822,0,9.5564,4.5628,0.017181,-9.4739
0.5802,0.0053484,0,4.8906,-0.61797,0.0013188,-7.1935
0.58022,0.0056219,0,5.5741,-0.69775,0.0014474,-7.1703
0.5802,0.0053484,0,4.8906,-0.61798,0.0013188,-7.1935
0.5802,0.0054653,0,5.2532,-0.66086,0.0013928,-7.1818
0.59024,0.0038559,0,4.5756,-0.91423,0.00071852,-3.288
0.59024,0.0036953,0,4.2196,-0.86305,0.00062815,-3.2938
0.41149,0.0086147,0,10.862,3.1824,0.008237,-19.3
0.41053,0.0083277,0,10.796,3.3416,0.0084078,-18.458
0.41144,0.0083096,0,10.384,3.0649,0.011752,-19.775
0.41153,0.0084646,0,10.671,3.1317,0.010112,-19.584
0.41075,0.0082285,0,10.63,3.2661,0.010343,-18.908
0.41144,0.0083095,0,10.384,3.0648,0.011753,-19.775
0.4124,0.0085776,0,10.393,2.9004,0.011406,-20.495
0.41059,0.0080524,0,10.358,3.2221,0.012131,-19.025
0.41229,0.0088395,0,10.908,3.0406,0.008111,-19.991
0.41233,0.0086882,0,10.7,2.9862,0.0098987,-20.256
0.41249,0.0086042,0,10.394,2.8841,0.011371,-20.566
0.42165,0.010878,0,10.915,1.9321,0.007317,-23.764
0.42168,0.010722,0,10.546,1.8653,0.0084481,-23.899
0.42185,0.010631,0,10.049,1.763,0.0092373,-24.054
0.42185,0.010631,0,10.049,1.7629,0.0092376,-24.054
0.53027,0.010832,0,6.7176,-0.5438,0.0021409,-14.35
0.53026,0.010675,0,6.3155,-0.51593,0.0020817,-14.358
0.53025,0.010561,0,5.8747,-0.48333,0.0019958,-14.364
0.53025,0.010561,0,5.8746,-0.48332,0.0019958,-14.364
0.54904,0.008835,0,5.4422,-0.54043,0.001703,-11.536
0.55009,0.0090035,0,6.2303,-0.60894,0.0018254,-11.461
0.55007,0.0088463,0,5.8517,-0.57569,0.0017684,-11.453
0.55006,0.0087333,0,5.4381,-0.53773,0.0016897,-11.45
0.55096,0.0086419,0,5.412,-0.53608,0.0016782,-11.293
0.55006,0.0087331,0,5.4376,-0.53769,0.0016896,-11.45
0.55736,0.008253,0,6.0339,-0.61916,0.0017222,-10.311
0.55735,0.0080959,0,5.6718,-0.58652,0.0016661,-10.316
0.55733,0.0079824,0,5.2726,-0.54869,0.0015905,-10.322
0.55671,0.0080484,0,5.2894,-0.54956,0.001598,-10.427
0.55115,0.0086234,0,5.4067,-0.53591,0.0016758,-11.259
0.55401,0.0086041,0,6.0865,-0.61456,0.0017655,-10.743
0.554,0.0084464,0,5.7154,-0.58071,0.0017084,-10.754
0.55323,0.0084108,0,5.3417,-0.53709,0.0016426,-10.892
0.55414,0.0083173,0,5.3127,-0.5443,0.0016286,-10.733
0.55539,0.0084608,0,6.0948,-0.63162,0.0017511,-10.579
0.55538,0.0083033,0,5.7129,-0.59431,0.0016931,-10.581
0.55524,0.0082027,0,5.3044,-0.55302,0.0016165,-10.584
0.55627,0.008095,0,5.3003,-0.55023,0.0016033,-10.498
0.55263,0.0087465,0,6.1257,-0.60273,0.0017882,-10.983
0.55309,0.0084251,0,5.3462,-0.536,0.0016447,-10.917
0.55246,0.0086043,0,5.7687,-0.57219,0.0017344,-11.009
0.55309,0.0084259,0,5.3463,-0.536,0.0016449,-10.918
0.4406,0.013071,0,10.005,0.755,0.0051972,-24.77
0.44061,0.012913,0,9.488,0.7097,0.0055196,-24.829
0.44064,0.012799,0,8.8812,0.65787,0.005665,-24.878
0.44048,0.012788,0,8.8908,0.66442,0.0056943,-24.882
0.44682,0.013449,0,9.6969,0.51546,0.0047059,-24.595
0.44683,0.013292,0,9.1655,0.48365,0.0049061,-24.653
0.44684,0.013176,0,8.5619,0.44813,0.0049683,-24.698
0.44915,0.013471,0,9.2749,0.44232,0.0047613,-24.514
0.44915,0.013558,0,9.5694,0.45872,0.0046698,-24.481
0.44917,0.013559,0,9.5679,0.45776,0.0046678,-24.474
0.44915,0.0134,0,9.0364,0.42905,0.0048354,-24.54
0.44905,0.013395,0,9.0426,0.43141,0.0048375,-24.552
0.44901,0.013278,0,8.4449,0.39821,0.0048764,-24.63
0.44901,0.013278,0,8.445,0.39828,0.0048765,-24.63
0.45004,0.013594,0,9.5061,0.41754,0.0045867,-24.208
0.45005,0.013437,0,8.9816,0.38943,0.0047538,-24.284
0.45006,0.013322,0,8.3835,0.35857,0.0047875,-24.344
0.45201,0.013511,0,8.8904,0.33357,0.0045773,-24.279
0.45207,0.013398,0,8.2942,0.30519,0.0045933,-24.311
0.45208,0.013514,0,8.8874,0.33183,0.0045722,-24.281
0.45216,0.013401,0,8.29,0.30288,0.0045869,-24.308
0.45464,0.01375,0,9.2883,0.28997,0.0043246,-24.023
0.45415,0.013737,0,9.3119,0.30229,0.004343,-24.068
0.45468,0.013593,0,8.7598,0.26707,0.0044387,-24.054
0.45416,0.013579,0,8.7846,0.27947,0.0044636,-24.103
0.45452,0.013474,0,8.179,0.24766,0.0044469,-24.099
0.45416,0.013464,0,8.1952,0.2555,0.0044661,-24.132
0.45728,0.013542,0,8.0538,0.18532,0.0043062,-23.867
0.45832,0.013835,0,9.1122,0.19808,0.004196,-23.688
0.45832,0.013677,0,8.5879,0.18139,0.0042797,-23.719
0.45833,0.013562,0,8.0068,0.16433,0.0042568,-23.746
0.45934,0.013695,0,8.5431,0.15932,0.0042376,-23.629
0.45833,0.013562,0,8.0066,0.16433,0.0042568,-23.746
0.45589,0.01351,0,8.1176,0.21683,0.0043751,-23.989
0.45937,0.013791,0,8.8591,0.1679,0.00419,-23.606
0.45937,0.013853,0,9.0646,0.17375,0.0041597,-23.593
0.45955,0.013583,0,7.955,0.13949,0.0041995,-23.638
0.46145,0.013608,0,7.8726,0.10165,0.0041073,-23.443
0.4625,0.013618,0,7.83,0.08345,0.0040602,-23.325
0.46259,0.013891,0,8.9182,0.10339,0.0040454,-23.265
0.46249,0.013891,0,8.9223,0.1054,0.0040488,-23.274
0.4625,0.013618,0,7.8302,0.083454,0.0040602,-23.325
0.46253,0.013733,0,8.4011,0.093526,0.0041026,-23.299
0.46249,0.013733,0,8.4027,0.094295,0.0041042,-23.302
0.46582,0.013907,0,8.7761,0.038791,0.0039313,-22.924
0.46572,0.013749,0,8.2655,0.033409,0.0039717,-22.959
0.46565,0.013634,0,7.7031,0.028086,0.003919,-22.988
0.46667,0.013907,0,8.7407,0.023082,0.0039028,-22.838
0.46667,0.01375,0,8.2277,0.016909,0.0039352,-22.865
0.46735,0.013634,0,7.6387,0.0001801,0.0038479,-22.818
0.46667,0.013635,0,7.6649,0.011502,0.0038761,-22.887
0.46771,0.013633,0,7.6258,-0.0058965,0.0038329,-22.781
0.46898,0.0139,0,8.6421,-0.018491,0.0038261,-22.58
0.46979,0.013625,0,7.5566,-0.036545,0.0037511,-22.529
0.46911,0.013742,0,8.1279,-0.024272,0.0038426,-22.588
0.47032,0.013619,0,7.5268,-0.044527,0.0037301,-22.475
0.46876,0.013629,0,7.5838,-0.021659,0.0037902,-22.648
0.47084,0.013888,0,8.5656,-0.050048,0.0037673,-22.376
0.47084,0.01373,0,8.0605,-0.051753,0.0037812,-22.401
0.47084,0.013615,0,7.5081,-0.052282,0.003711,-22.421
0.47144,0.013882,0,8.5404,-0.059942,0.0037492,-22.304
0.47139,0.013724,0,8.0387,-0.060157,0.0037627,-22.335
0.47147,0.013609,0,7.4845,-0.061277,0.0036882,-22.344
0.47501,0.013834,0,8.3975,-0.1148,0.0036445,-21.887
0.47501,0.013677,0,7.9008,-0.11245,0.0036437,-21.909
0.47501,0.013562,0,7.3586,-0.10862,0.0035655,-21.927
0.47601,0.013659,0,7.8637,-0.12534,0.0036124,-21.778
0.47277,0.013867,0,8.4869,-0.080405,0.0037103,-22.142
0.47287,0.013708,0,7.9813,-0.081669,0.0037136,-22.15
0.47213,0.013602,0,7.4602,-0.070378,0.0036648,-22.262
0.47605,0.013755,0,8.1655,-0.12781,0.003614,-21.761
0.47607,0.013816,0,8.3564,-0.12934,0.0036151,-21.751
0.47605,0.013544,0,7.3231,-0.12092,0.0035316,-21.789
0.47893,0.013756,0,8.2462,-0.16835,0.0035396,-21.405
0.47902,0.013596,0,7.7542,-0.16371,0.0035243,-21.411
0.47834,0.013497,0,7.2445,-0.14886,0.0034597,-21.52
0.47779,0.013509,0,7.2635,-0.14242,0.003476,-21.59
0.47918,0.013751,0,8.2369,-0.17142,0.0035336,-21.372
0.47918,0.013593,0,7.7487,-0.16548,0.0035202,-21.39
0.47917,0.013478,0,7.2163,-0.15778,0.0034372,-21.405
0.48229,0.013396,0,7.1121,-0.19068,0.0033645,-21.015
0.48227,0.013397,0,7.1124,-0.19055,0.0033648,-21.017
0.48334,0.013638,0,8.081,-0.2202,0.0034511,-20.848
0.48333,0.013481,0,7.6017,-0.21165,0.0034271,-20.863
0.48331,0.013367,0,7.08,-0.20101,0.0033398,-20.88
0.48331,0.013367,0,7.0799,-0.20101,0.0033398,-20.88
0.49066,0.013376,0,7.8578,-0.30276,0.0032321,-19.857
0.49065,0.013104,0,6.8867,-0.27327,0.0030901,-19.884
0.49065,0.013218,0,7.3912,-0.28938,0.0031855,-19.872
0.49065,0.013104,0,6.8824,-0.27313,0.0030893,-19.884
0.48962,0.013145,0,6.9149,-0.26445,0.0031217,-20.026
0.48858,0.013458,0,7.9486,-0.28144,0.0032884,-20.19
0.48857,0.0133,0,7.4696,-0.26961,0.0032457,-20.206
0.48857,0.013188,0,6.9591,-0.25476,0.003152,-20.217
0.48857,0.013186,0,6.9486,-0.25446,0.0031501,-20.218
0.4896,0.013146,0,6.9155,-0.26428,0.0031223,-20.029
0.48432,0.013335,0,7.0451,-0.2091,0.0033118,-20.752
0.48472,0.013322,0,7.0266,-0.21583,0.0032924,-20.674
0.49892,0.012991,0,7.5532,-0.36266,0.0029913,-18.785
0.4982,0.013028,0,7.5866,-0.36113,0.0030172,-18.871
0.49891,0.012833,0,7.1113,-0.34695,0.0029329,-18.79
0.4983,0.012865,0,7.1354,-0.34473,0.0029554,-18.867
0.49891,0.012719,0,6.625,-0.32833,0.0028331,-18.796
0.49857,0.012736,0,6.6364,-0.32677,0.0028451,-18.839
0.4969,0.013093,0,7.6344,-0.35379,0.0030585,-19.062
0.49689,0.012935,0,7.1831,-0.33675,0.0030015,-19.074
0.49688,0.012821,0,6.6912,-0.31721,0.0029021,-19.085
0.52264,0.011447,0,6.9252,-0.5148,0.0023001,-15.486
0.52192,0.011229,0,6.0714,-0.45647,0.0021588,-15.613
0.52262,0.01129,0,6.5082,-0.48823,0.0022369,-15.491
0.56686,0.0072108,0,5.8233,-0.65645,0.0016253,-8.8456
0.56684,0.0070534,0,5.4581,-0.61756,0.0015705,-8.8482
0.5667,0.006954,0,5.0664,-0.57444,0.0014994,-8.8522
0.56781,0.0071023,0,5.8034,-0.64877,0.0016128,-8.7671
0.56779,0.0069453,0,5.4501,-0.61288,0.0015594,-8.7605
0.56777,0.0068325,0,5.0622,-0.57189,0.0014883,-8.7587
0.56883,0.0069852,0,5.764,-0.64423,0.0016,-8.5779
0.56881,0.0068283,0,5.4178,-0.60988,0.0015473,-8.5832
0.56978,0.006716,0,5.3872,-0.61026,0.0015384,-8.4022
0.56879,0.0067149,0,5.0355,-0.57015,0.0014769,-8.5884
0.5177,0.011544,0,6.1505,-0.43314,0.0022571,-16.141
0.51626,0.011919,0,7.0691,-0.48101,0.0024521,-16.334
0.51671,0.011888,0,7.0537,-0.48241,0.0024413,-16.277
0.51668,0.011617,0,6.1798,-0.42955,0.0022802,-16.292
0.51645,0.011748,0,6.6438,-0.45699,0.0023807,-16.317
0.5167,0.01173,0,6.6359,-0.45765,0.0023749,-16.285
0.51668,0.011617,0,6.1792,-0.42951,0.0022801,-16.292
0.51774,0.011814,0,7.0202,-0.48606,0.0024161,-16.124
0.5177,0.011547,0,6.1614,-0.43382,0.0022593,-16.141
0.51772,0.011656,0,6.6046,-0.46129,0.0023507,-16.131
0.51865,0.011474,0,6.1195,-0.43451,0.0022344,-16.004
0.51872,0.011742,0,6.9769,-0.48493,0.0023891,-15.992
0.51871,0.011584,0,6.5684,-0.46155,0.0023257,-15.994
0.5187,0.01147,0,6.1179,-0.43459,0.0022332,-15.997
0.43543,-0.010922,0,8.7456,-0.54122,0.0037512,-19.365
0.44373,-0.011278,0,8.2041,-0.25627,0.0032013,-18.536
0.44791,-0.011369,0,7.9656,-0.14422,0.0029318,-18.023
0.45582,-0.011681,0,8.6592,0.020485,0.0026625,-16.862
0.45584,-0.011523,0,8.1282,0.02471,0.0026239,-16.886
0.47704,-0.011041,0,7.4072,0.30447,0.0020495,-13.671
0.47703,-0.010844,0,6.6607,0.28303,0.0019374,-13.684
0.408,-0.0067288,0,10.113,-3.3802,0.0062864,-13.546
0.40806,-0.0070538,0,10.457,-3.4165,0.0044938,-13.071
0.40827,-0.0068233,0,10.146,-3.3089,0.0062491,-13.983
0.40811,-0.0069061,0,10.333,-3.3905,0.0054048,-13.461
0.40827,-0.006823,0,10.145,-3.3087,0.0062518,-13.985
0.5313,-0.0067745,0,5.1399,0.48828,0.00096889,-4.8812
0.53387,-0.0067961,0,5.7994,0.54669,0.0010299,-4.4092
0.53338,-0.0068448,0,5.8216,0.54906,0.0010427,-4.4833
0.53385,-0.0066389,0,5.4456,0.51817,0.000983,-4.4111
0.53336,-0.0066875,0,5.4647,0.51987,0.00099495,-4.4874
0.53333,-0.0065761,0,5.0735,0.4866,0.00093832,-4.4949
0.53235,-0.0069452,0,5.8593,0.54979,0.0010628,-4.6621
0.53234,-0.006788,0,5.4995,0.52075,0.001014,-4.668
0.53198,-0.0067081,0,5.1164,0.48757,0.00095934,-4.7429
0.53232,-0.006675,0,5.1047,0.48721,0.00095458,-4.6741
0.53132,-0.0070458,0,5.9045,0.55122,0.0010814,-4.8721
0.5313,-0.0067829,0,5.1697,0.4908,0.00097352,-4.8809
0.5313,-0.0068885,0,5.5399,0.52222,0.0010311,-4.8772
0.53436,-0.0067478,0,5.7773,0.54434,0.0010173,-4.3356
0.53435,-0.0065904,0,5.4266,0.51647,0.00097109,-4.335
0.53434,-0.0064778,0,5.0428,0.48455,0.00091673,-4.3358
0.53434,-0.0064767,0,5.0393,0.48426,0.00091624,-4.3358
0.53538,-0.0063752,0,5.0089,0.49121,0.00089377,-4.1298
0.53956,-0.0059531,0,4.9149,0.48751,0.00082277,-3.4224
0.57623,-0.0021131,0,4.2976,0.49643,0.00041145,4.419
0.57621,-0.0019558,0,4.0004,0.46688,0.0003939,4.417
0.57717,-0.0019976,0,4.2395,0.47877,0.00040625,4.6738
0.57715,-0.0018406,0,3.9547,0.45412,0.00038993,4.6774
0.57711,-0.0017305,0,3.6445,0.42565,0.00036854,4.6688
0.57606,-0.001859,0,3.6875,0.43575,0.00037243,4.3916
0.57675,-0.0017747,0,3.6591,0.42911,0.00036987,4.5733
0.57606,-0.0018588,0,3.6869,0.4357,0.00037239,4.3915
0.57759,-0.0016717,0,3.6124,0.4203,0.00036923,4.8187
0.58131,-0.0012137,0,3.3788,0.37113,0.00041006,6.0456
0.40623,0.0064816,0,9.8722,4.2372,0.015519,-12.58
0.53131,0.010745,0,6.6741,-0.54588,0.0021245,-14.157
0.53128,0.010474,0,5.8425,-0.4856,0.0019811,-14.174
0.53129,0.010587,0,6.2775,-0.5179,0.0020661,-14.166
0.53128,0.010474,0,5.8418,-0.48555,0.0019809,-14.174
0.42294,0.010823,0,10.024,1.6784,0.0089475,-24.242
0.51461,0.011762,0,6.2388,-0.42325,0.0023287,-16.581
0.51567,0.011961,0,7.0895,-0.47914,0.0024665,-16.411
0.51566,0.011804,0,6.6691,-0.45487,0.0023995,-16.42
0.51565,0.01169,0,6.209,-0.42687,0.0023037,-16.427
0.51565,0.01169,0,6.209,-0.42687,0.0023037,-16.427
0.51463,0.012034,0,7.127,-0.47454,0.002493,-16.56
0.51461,0.011762,0,6.2389,-0.42325,0.0023287,-16.581
0.51462,0.011876,0,6.7032,-0.45097,0.0024254,-16.572
0.51458,0.011765,0,6.2399,-0.42308,0.0023296,-16.588
0.51046,-0.0086521,0,5.6771,0.45613,0.0013037,-8.3233
0.59371,0.0029886,0,3.7878,-0.86147,0.00039834,-0.74433
0.59367,0.0028368,0,3.4378,-0.80484,0.00031458,-0.76255
0.59376,0.0026868,0,3.0448,-0.73807,0.00022463,-0.71345
0.41018,0.0082213,0,10.771,3.4006,0.0084712,-18.145
0.41039,0.0079906,0,10.352,3.2599,0.012221,-18.845
0.41023,0.008072,0,10.603,3.3552,0.010497,-18.46
0.41039,0.0079906,0,10.352,3.2598,0.012222,-18.845
0.56983,0.0067101,0,5.3856,-0.61028,0.0015379,-8.3928
0.57083,0.0067532,0,5.6883,-0.64165,0.0015812,-8.2585
0.57003,0.0068455,0,5.7199,-0.64395,0.0015882,-8.3622
0.5708,0.0064831,0,4.9819,-0.57013,0.0014587,-8.261
0.57081,0.0065961,0,5.3529,-0.60828,0.0015296,-8.2594
0.5708,0.0064824,0,4.9796,-0.5699,0.0014582,-8.261
0.57118,0.006438,0,4.9692,-0.5727,0.0014554,-8.2006
0.56984,0.0068044,0,5.5909,-0.63083,0.0015691,-8.3891
0.56985,0.0068671,0,5.7274,-0.64449,0.0015899,-8.3866
0.5698,0.0066037,0,5.0239,-0.57265,0.0014709,-8.4015
0.5698,0.006599,0,5.0079,-0.57099,0.001468,-8.4019
0.42811,0.011843,0,10.656,1.4254,0.006621,-24.521
0.42813,0.011687,0,10.219,1.3609,0.0073842,-24.641
0.42909,0.011967,0,10.611,1.3586,0.0064877,-24.641
0.42911,0.01181,0,10.161,1.2944,0.0072105,-24.738
0.42914,0.011696,0,9.5905,1.2144,0.0076681,-24.82
0.42824,0.011582,0,9.6516,1.2738,0.007864,-24.75
0.42916,0.011699,0,9.5895,1.2132,0.007664,-24.822
0.42814,0.01157,0,9.6581,1.2801,0.0078849,-24.742
0.42814,0.01157,0,9.6581,1.2801,0.0078849,-24.742
0.44371,0.013276,0,9.8465,0.63498,0.0049165,-24.773
0.44372,0.013119,0,9.3214,0.59455,0.0051659,-24.827
0.44372,0.013003,0,8.717,0.54972,0.0052627,-24.872
0.49378,0.013241,0,7.7435,-0.32942,0.0031463,-19.462
0.49377,0.012969,0,6.7884,-0.29594,0.0029968,-19.488
0.49377,0.013083,0,7.2862,-0.31397,0.0030944,-19.476
0.49377,0.012969,0,6.7882,-0.29593,0.0029968,-19.488
0.51218,0.012201,0,7.2224,-0.47104,0.0025552,-16.976
0.51257,0.012175,0,7.214,-0.46902,0.002544,-16.96
0.51351,0.012111,0,7.1744,-0.46931,0.0025212,-16.773
0.51255,0.011905,0,6.3047,-0.41607,0.0023807,-16.949
0.51217,0.012043,0,6.7778,-0.44538,0.0024877,-16.973
0.51256,0.012017,0,6.7748,-0.4443,0.0024767,-16.952
0.51353,0.011952,0,6.743,-0.44591,0.0024527,-16.777
0.51254,0.011903,0,6.2985,-0.4157,0.0023794,-16.949
0.51161,0.012239,0,7.2346,-0.47398,0.0025714,-16.999
0.5116,0.012081,0,6.7822,-0.44698,0.002504,-17.005
0.51147,0.011975,0,6.3031,-0.41634,0.0024089,-17.006
0.45318,-0.011687,0,8.7575,-0.047648,0.0027901,-17.068
0.45318,-0.011528,0,8.2503,-0.039266,0.0027545,-17.133
0.45411,-0.011687,0,8.6993,-0.027266,0.0027411,-17.011
0.45411,-0.011529,0,8.1957,-0.018392,0.0027079,-17.036
0.45413,-0.011414,0,7.629,-0.010534,0.00263,-17.058
0.45413,-0.011414,0,7.6293,-0.010635,0.0026302,-17.059
0.45447,-0.011413,0,7.6123,-0.0026007,0.0026123,-17.029
0.45316,-0.011414,0,7.685,-0.031707,0.0026707,-17.188
0.45316,-0.011413,0,7.6815,-0.03166,0.0026701,-17.189
0.45515,-0.011412,0,7.5785,0.013442,0.0025767,-16.969
0.41458,-0.008442,0,10.188,-2.1445,0.0052263,-18.352
0.52935,-0.0072368,0,5.9735,0.56518,0.0011071,-5.176
0.5292,-0.0069776,0,5.1803,0.49412,0.00099028,-5.1826
0.52933,-0.0070792,0,5.5886,0.5313,0.0010531,-5.1776
0.5292,-0.0069773,0,5.1792,0.49402,0.00099011,-5.1826
0.53027,-0.0068745,0,5.1707,0.49018,0.00098033,-5.0755
0.5303,-0.0071451,0,5.9488,0.55616,0.0010961,-5.0856
0.53027,-0.0068746,0,5.171,0.4902,0.00098038,-5.0755
0.53028,-0.0069878,0,5.5765,0.52537,0.0010443,-5.078
0.57814,-0.0018781,0,4.1563,0.46157,0.00040193,4.9837
0.57812,-0.0017211,0,3.8807,0.44086,0.0003876,4.984
0.57811,-0.0016075,0,3.5786,0.41455,0.00037009,4.9839
0.57811,-0.0016069,0,3.577,0.4144,0.00037,4.9839
0.58962,0.003714,0,3.9435,-0.81098,0.00058868,-3.6934
0.59711,0.0019812,0,2.8588,-0.72501,0.00022882,1.7461
0.59707,0.0018398,0,2.5606,-0.67032,0.00017502,1.7266
0.59691,0.0017677,0,2.2754,-0.61501,0.00012394,1.6505
0.55634,0.0083609,0,6.0748,-0.6236,0.0017368,-10.505
0.55631,0.0080907,0,5.3002,-0.55013,0.0016028,-10.495
0.55633,0.0082037,0,5.7051,-0.58928,0.00168,-10.497
0.55631,0.0080907,0,5.3002,-0.55012,0.0016028,-10.495
0.55209,0.0085345,0,5.4026,-0.5389,0.0016678,-11.069
0.43015,0.011818,0,9.5336,1.1534,0.0074535,-24.924
0.43011,0.01209,0,10.573,1.2916,0.0063489,-24.752
0.43015,0.011819,0,9.5355,1.1536,0.0074522,-24.924
0.43013,0.011933,0,10.111,1.2303,0.007029,-24.846
0.43122,0.011941,0,9.4652,1.0991,0.0072665,-25.047
0.43961,0.012998,0,10.057,0.79965,0.0053413,-24.742
0.43963,0.012725,0,8.9429,0.69959,0.0058512,-24.902
0.43962,0.012841,0,9.5469,0.75308,0.005685,-24.83
0.43963,0.012725,0,8.9424,0.69954,0.0058513,-24.903
0.44778,0.013496,0,9.6577,0.49075,0.0046824,-24.655
0.44779,0.013338,0,9.119,0.46073,0.004864,-24.695
0.44791,0.013228,0,8.5108,0.42432,0.0049105,-24.743
0.45207,0.01353,0,8.9428,0.33469,0.0045573,-24.278
0.45624,0.013519,0,8.1037,0.20876,0.0043571,-23.966
0.46041,0.013595,0,7.9183,0.12155,0.0041579,-23.562
0.46875,0.013629,0,7.5844,-0.021507,0.0037906,-22.649
0.47709,0.013524,0,7.2889,-0.13387,0.0034977,-21.674
0.48962,0.013418,0,7.9008,-0.29231,0.0032632,-19.994
0.48961,0.01326,0,7.4294,-0.27994,0.0032182,-20.012
0.48961,0.013146,0,6.9153,-0.26434,0.0031221,-20.027
0.49793,0.013041,0,7.5992,-0.36056,0.003027,-18.904
0.49793,0.012884,0,7.1498,-0.3434,0.0029688,-18.914
0.4979,0.012771,0,6.6598,-0.32361,0.0028696,-18.927
0.51359,0.012105,0,7.1711,-0.46934,0.0025193,-16.757
0.51358,0.011948,0,6.7411,-0.446,0.0024513,-16.767
0.51358,0.011833,0,6.2709,-0.41834,0.0023539,-16.774
0.45417,-0.02827,0,11.759,-0.21217,-0.00033828,-12.044
0.46252,-0.023322,0,11.824,-0.0086291,-0.00039489,-12.897
0.47086,-0.023318,0,11.757,0.15186,-0.00037757,-12.133
0.47921,-0.023314,0,11.677,0.28469,-0.00036902,-11.223
0.48755,-0.02331,0,11.587,0.39318,-0.00035954,-10.22
0.49589,-0.023305,0,11.491,0.48111,-0.00035037,-9.1536
0.57092,-0.018203,0,10.458,0.64975,-0.00037168,1.9164
0.57924,-0.018155,0,10.354,0.55293,-0.00036974,3.1016
0.58754,-0.013152,0,10.058,0.45646,-0.00042427,4.7743
0.60417,-0.0125,0,10.025,0.1936,-0.00043569,4.83
0.6125,-0.0074985,0,8.9933,0.09912,-4.8177e-05,4.7418
0.6125,-0.0024948,0,6.3205,0.076116,0.00093209,5.0432
0.38671,0.0026347,0,8.4921,0.4678,0.0021302,20.517
0.6125,0.0025043,0,5.6227,-0.40333,0.0011836,4.8458
0.38676,0.0078116,0,8.8635,0.94588,0.0012253,17.272
0.6125,0.0075003,0,8.7283,-0.64543,0.00016729,4.0811
0.38687,0.012976,0,9.2903,1.1583,0.00051556,13.366
0.60421,0.012587,0,10.141,-0.90328,-0.00019864,2.0021
0.39541,0.018169,0,9.842,1.7926,0.00038184,7.4378
0.40391,0.023237,0,10.65,1.879,0.00025111,-1.1803
0.42069,0.023302,0,11.783,1.6724,0.00036418,-13.796
0.57092,0.023212,0,11.289,-0.91134,-0.00029163,-7.1565
0.42907,0.028266,0,11.942,1.2175,6.0892e-05,-15.039
0.43743,0.028277,0,12.14,0.96324,6.3353e-05,-17.096
0.45414,0.028287,0,12.308,0.48724,8.4877e-05,-18.755
0.46249,0.028289,0,12.321,0.28052,7.2279e-05,-18.827
0.47084,0.028289,0,12.306,0.10051,3.9881e-05,-18.61
0.47918,0.028287,0,12.267,-0.055519,7.957e-08,-18.134
0.48753,0.028285,0,12.215,-0.19213,-3.933e-05,-17.508
0.49587,0.028282,0,12.15,-0.30847,-7.1444e-05,-16.742
0.50421,0.028277,0,12.075,-0.4089,-9.9094e-05,-15.874
0.51255,0.028272,0,11.995,-0.49554,-0.00012154,-14.935
0.52089,0.028267,0,11.908,-0.57015,-0.00013901,-13.937
0.40392,-0.023238,0,10.465,-1.5439,-0.00046176,1.317
0.41233,-0.023275,0,11.021,-1.5138,-0.00043005,-4.9427
0.42072,-0.023297,0,11.449,-1.2935,-0.00041534,-9.4271
0.42909,-0.02331,0,11.709,-0.99296,-0.00042811,-12.033
0.43746,-0.023317,0,11.838,-0.69692,-0.00043509,-13.274
0.44581,-0.023322,0,11.882,-0.43041,-0.00043367,-13.636
0.50423,-0.0233,0,11.392,0.55142,-0.00034003,-8.0457
0.51257,-0.023294,0,11.29,0.60568,-0.000331,-6.9049
0.5209,-0.023286,0,11.186,0.64885,-0.00031994,-5.7466
0.52924,-0.023274,0,11.08,0.67525,-0.00030676,-4.57
0.53758,-0.023258,0,10.971,0.68944,-0.00029417,-3.3629
0.39542,-0.018172,0,9.7268,-1.4859,-0.00059871,9.0465
0.54592,-0.018289,0,10.816,0.76051,-0.00038805,-2.1526
0.55425,-0.018266,0,10.697,0.7458,-0.00038264,-0.80156
0.56258,-0.018239,0,10.577,0.70959,-0.00037649,0.56693
0.38683,-0.01291,0,9.2351,-0.88785,-0.00040084,14.176
0.4102,-0.014591,0,11.04,-2.2858,-0.0003032,-6.9479
0.51049,-0.014623,0,11.043,0.70416,-9.715e-05,-7.8946
0.51883,-0.014616,0,10.972,0.75211,-0.00020463,-6.5836
0.5355,-0.014599,0,10.809,0.80596,-0.00033775,-3.9059
0.59588,-0.013018,0,10.038,0.30903,-0.00043576,4.9191
0.38677,-0.0077908,0,8.8346,-0.68115,-0.00034552,17.776
0.40913,-0.010228,0,11.013,-2.9168,-0.0025813,-9.6579
0.51779,-0.010254,0,9.0394,0.71372,0.0011856,-7.0805
0.56885,-0.0095667,0,9.6151,0.78034,-2.6806e-05,2.2562
0.57718,-0.0095342,0,9.5644,0.68465,-0.00015215,4.0217
0.38672,-0.0025977,0,8.4822,-0.2031,0.00069978,20.705
0.393,-0.0040423,0,7.6595,-0.94261,-0.0019885,26.7
0.56781,-0.0051848,0,7.0563,0.70428,0.00054769,2.2161
0.55113,0.011498,0,9.404,-0.86382,0.0013311,-11.174
0.57718,0.012059,0,10.408,-1.089,0.00021762,-6.8457
0.58555,0.012014,0,10.401,-1.1822,6.6224e-05,-4.7191
0.41859,0.017107,0,11.896,2.115,0.00043462,-16.343
0.45936,0.016499,0,12.137,0.30602,-0.001035,-22.78
0.53549,0.017111,0,11.544,-0.80999,-0.00065284,-13.054
0.57926,0.018229,0,11.1,-1.0289,-0.00046355,-5.836
0.58763,0.018186,0,10.921,-1.0412,-0.00042464,-3.7284
0.59601,0.018134,0,10.714,-0.97845,-0.00036593,-1.2381
0.4123,0.023275,0,11.28,1.8808,0.00024476,-8.3284
0.52923,0.023309,0,11.826,-0.69396,-0.00034867,-13.358
0.53757,0.023296,0,11.728,-0.7511,-0.00034182,-12.211
0.54591,0.02328,0,11.627,-0.8003,-0.00033344,-11.029
0.55424,0.023261,0,11.521,-0.84215,-0.00032245,-9.8032
0.56258,0.023238,0,11.41,-0.88164,-0.00030936,-8.5267
0.44579,0.028283,0,12.256,0.71509,7.7804e-05,-18.27
0.41757,-0.011434,0,11.679,-2.0211,-0.00092038,-16.407
0.50111,-0.011521,0,9.6065,0.62412,0.0013338,-9.7439
0.50735,-0.011458,0,9.7318,0.67001,0.0011286,-8.5646
0.50944,-0.011503,0,9.8337,0.69064,0.001038,-8.3626
0.52613,-0.010244,0,9.3616,0.77271,0.00091512,-5.638
0.55739,-0.0064567,0,7.6261,0.74833,0.00068654,-0.041959
0.56051,-0.0095936,0,9.617,0.82129,0.00012845,0.53437
0.55947,-0.0064781,0,7.7544,0.74961,0.00064284,0.38871
0.39295,0.0013714,0,7.2715,0.56377,0.0020236,29.607
0.39297,0.0040458,0,7.6662,1.2238,0.0078465,26.319
0.40046,0.0063654,0,8.2126,4.0015,-0.0080042,14.527
0.59081,0.0063972,0,7.5474,-1.1862,0.0011392,-2.7269
0.41017,0.014591,0,11.228,2.7345,0.00054336,-10.242
0.50108,0.015252,0,10.922,-0.48621,0.0011659,-18.183
0.54904,0.011492,0,9.2909,-0.83162,0.0014182,-11.41
0.4437,0.019622,0,12.469,0.85588,-0.0011109,-21.71
0.45727,0.016483,0,12.177,0.36986,-0.0011977,-22.926
0.45623,0.019616,0,12.466,0.43284,-0.001653,-21.798
0.46562,0.016522,0,12.013,0.13562,-0.00063114,-22.272
0.46458,0.019628,0,12.419,0.20021,-0.0016731,-21.384
0.46771,0.016522,0,11.971,0.084213,-0.00052064,-22.078
0.47397,0.016499,0,11.849,-0.056581,-0.00024902,-21.442
0.46875,0.019628,0,12.386,0.098122,-0.0016418,-21.078
0.47293,0.019623,0,12.35,0.0041521,-0.0015945,-20.723
0.47606,0.016485,0,11.809,-0.099915,-0.00017172,-21.217
0.4771,0.019616,0,12.311,-0.082076,-0.0015348,-20.324
0.48962,0.019626,0,12.188,-0.30324,-0.0013073,-18.968
0.51466,-0.01462,0,11.007,0.73023,-0.00015593,-7.224
0.40055,-0.0062865,0,8.232,-3.6459,-0.0052002,15.622
0.52404,-0.010246,0,9.2942,0.75269,0.00097995,-6.0271
0.56468,-0.0095828,0,9.6237,0.80695,4.6542e-05,1.3879
0.39297,-0.0013785,0,7.2643,-0.29144,-0.0018021,29.765
0.56573,-0.0052431,0,7.0042,0.70482,0.00058357,1.6772
0.41543,0.011488,0,11.757,2.6947,-0.0043789,-19.437
0.43429,0.015244,0,12.33,1.288,-0.003046,-23.231
0.50735,0.015229,0,10.961,-0.57,0.00093586,-17.332
0.55217,0.014605,0,11.015,-0.92642,-0.00012404,-10.747
0.55634,0.014597,0,11.022,-0.95244,-0.00020249,-10.092
0.44788,0.019617,0,12.483,0.70253,-0.0013759,-21.895
0.45205,0.01961,0,12.48,0.56164,-0.0015489,-21.907
0.4604,0.019623,0,12.445,0.3115,-0.0016823,-21.627
0.48127,0.01961,0,12.27,-0.16319,-0.001459,-19.898
0.48544,0.019617,0,12.229,-0.23499,-0.0013823,-19.429
0.41547,-0.011435,0,11.605,-2.2186,-0.0015036,-15.16
0.52716,-0.01461,0,10.894,0.78469,-0.00028156,-5.2536
0.53133,-0.014606,0,10.853,0.79676,-0.00031183,-4.5863
0.57301,-0.0095518,0,9.5943,0.74006,-9.1279e-05,3.1509
0.60625,-0.0037428,0,7.1181,0.12458,0.00065054,5.525
0.60625,-0.0012352,0,5.0917,0.098493,0.0011253,5.6742
0.60625,0.0012575,0,3.8152,-0.32313,0.0012811,5.5503
0.60625,0.0037472,0,6.0399,-0.63468,0.00090336,5.1481
0.59813,0.0093598,0,9.3885,-1.1333,0.00040407,1.0318
0.56468,0.014577,0,11.013,-0.99965,-0.00029693,-8.7742
0.42697,0.019603,0,12.189,1.5769,0.00067431,-18.655
0.43115,0.019609,0,12.307,1.3819,0.00022543,-19.931
0.43534,0.019614,0,12.387,1.1956,-0.00028191,-20.791
0.49379,0.019623,0,12.145,-0.36571,-0.0012315,-18.455
0.49796,0.019619,0,12.102,-0.42276,-0.0011585,-17.933
0.50213,0.019619,0,12.059,-0.47559,-0.0010906,-17.407
0.5063,0.019616,0,12.016,-0.52592,-0.0010233,-16.865
0.51047,0.019613,0,11.973,-0.57048,-0.00095985,-16.303
0.51464,0.019612,0,11.931,-0.61339,-0.00089808,-15.755
0.41441,-0.0146,0,11.437,-2.0701,-0.000757,-11.096
0.52299,-0.014612,0,10.933,0.76935,-0.00024646,-5.9085
0.41125,-0.010201,0,11.266,-2.7178,-0.0017163,-12.729
0.51987,-0.0102,0,9.0749,0.72275,0.0011328,-6.6363
0.58134,-0.0070486,0,8.5878,0.6105,0.0001132,5.2632
0.56988,-0.0051664,0,7.14,0.69973,0.0005118,2.7645
0.58451,0.0077013,0,8.2956,-1.1113,0.0012826,-5.8046
0.59394,0.0094621,0,9.4476,-1.2101,0.00049704,-0.96997
0.41752,0.012757,0,11.934,2.4507,-0.0053565,-19.595
0.54488,0.011494,0,9.0582,-0.80114,0.0015953,-12.145
0.56051,0.014588,0,11.021,-0.97639,-0.00025569,-9.4418
0.43952,0.019617,0,12.439,1.0194,-0.00074363,-21.367
0.42386,-0.01274,0,11.872,-1.4983,-0.00093981,-17.488
0.48235,-0.012803,0,10.411,0.44798,0.0014353,-12.595
0.48025,-0.012802,0,10.408,0.42053,0.0014443,-12.999
0.49067,-0.012743,0,10.427,0.53671,0.0010838,-11.212
0.48859,-0.012687,0,10.358,0.52,0.0014935,-11.525
0.49277,-0.012776,0,10.47,0.56823,0.0010115,-10.97
0.59901,-0.0022089,0,5.9706,0.091118,0.00093855,5.2339
0.56364,0.010229,0,9.0228,-0.91549,0.0013197,-9.2696
0.43638,0.015251,0,12.315,1.1809,-0.0025779,-23.513
0.53654,0.012769,0,9.8041,-0.78084,0.0013384,-13.321
0.53863,0.01275,0,9.8685,-0.80702,0.0012845,-12.98
0.43013,-0.012767,0,11.808,-1.0847,0.00040619,-18.371
0.49486,-0.012751,0,10.466,0.59122,0.00097544,-10.57
0.5032,-0.011495,0,9.6432,0.64221,0.00127,-9.3432
0.52194,-0.010205,0,9.1698,0.73388,0.0010612,-6.2393
0.54905,-0.0077439,0,8.3109,0.7778,0.00073945,-1.7238
0.54696,-0.0077258,0,8.1867,0.76443,0.0009723,-2.0054
0.55114,-0.0077256,0,8.3843,0.79258,0.00070075,-1.2987
0.57197,-0.0051889,0,7.2513,0.70467,0.00047125,3.1766
0.59499,0.0051032,0,6.6164,-1.1317,0.00095224,0.089672
0.56155,0.010222,0,8.8952,-0.8817,0.0013951,-9.5284
0.58241,0.0077115,0,8.1815,-1.0386,0.0013644,-6.418
0.50318,0.015285,0,10.969,-0.52009,0.0010477,-17.991
0.50526,0.015263,0,10.966,-0.54282,0.00098392,-17.626
0.45208,-0.019611,0,11.951,-0.23734,-0.00063153,-14.745
0.45625,-0.019612,0,11.923,-0.1258,-0.00059041,-14.431
0.46043,-0.017149,0,11.861,0.0018659,-0.00054351,-14.76
0.46461,-0.017146,0,11.812,0.095815,-0.0004649,-14.258
0.39301,0.006664,0,8.1983,1.6009,0.0057536,22.063
0.39735,0.0094155,0,8.7365,2.5823,0.001727,15.486
0.40168,0.012025,0,9.7899,2.9653,0.0016712,4.522
0.40595,0.014565,0,10.651,2.7934,0.0015486,-3.8351
0.56884,0.014565,0,10.998,-1.0244,-0.00033004,-8.0979
0.52298,0.017122,0,11.627,-0.71323,-0.00067295,-14.878
0.51881,0.019609,0,11.887,-0.65286,-0.00084061,-15.176
0.52298,0.019604,0,11.843,-0.68961,-0.00079246,-14.607
0.43536,-0.017119,0,12.003,-0.82707,-0.001162,-16.04
0.43954,-0.01713,0,12.013,-0.65106,-0.0011274,-16.156
0.44372,-0.017144,0,12.005,-0.49212,-0.0010241,-16.103
0.4479,-0.017146,0,11.982,-0.34857,-0.00089131,-15.905
0.46878,-0.017134,0,11.762,0.18079,-0.00040906,-13.739
0.47295,-0.01712,0,11.71,0.25718,-0.00036786,-13.187
0.40598,-0.014572,0,10.516,-2.372,-0.00039253,-1.2779
0.40171,-0.012037,0,9.7078,-2.5708,-0.00093211,6.5641
0.44268,-0.014069,0,11.808,-0.49875,0.00037751,-17.525
0.44477,-0.014093,0,11.768,-0.41944,0.00051632,-17.366
0.46774,-0.014049,0,11.275,0.20326,0.00091752,-14.597
0.46982,-0.014021,0,11.235,0.24331,0.00090302,-14.303
0.53967,-0.012112,0,10.386,0.8318,-4.6417e-06,-3.281
0.39737,-0.0094122,0,8.7208,-2.2418,-0.0019277,16.599
0.57301,0.014549,0,10.974,-1.052,-0.00036021,-7.3808
0.46145,0.016511,0,12.096,0.24622,-0.00088623,-22.627
0.41967,-0.011444,0,11.713,-1.8337,-0.00028143,-17.454
0.44895,-0.014094,0,11.675,-0.27449,0.00075284,-17.017
0.45105,-0.01402,0,11.608,-0.20345,0.00093422,-16.888
0.45729,-0.014067,0,11.481,-0.030209,0.00097608,-16.095
0.45939,-0.014109,0,11.449,0.024406,0.00095053,-15.762
0.46148,-0.014108,0,11.405,0.071484,0.00094226,-15.456
0.53654,-0.0089703,0,8.7507,0.76946,0.00091008,-3.8781
0.5553,-0.0064701,0,7.5269,0.74088,0.00072893,-0.54225
0.56156,-0.0064874,0,7.8573,0.76565,0.00059553,0.7678
0.58031,-0.0039726,0,6.5464,0.5867,0.00040339,5.5254
0.59913,0.0036087,0,5.3565,-0.95678,0.00073182,2.8235
0.40267,0.007674,0,9.3608,4.1107,-0.0067997,3.0743
0.40487,0.0088986,0,10.193,3.8902,-0.0066371,-4.4139
0.41332,0.011461,0,11.626,2.8928,-0.0057976,-17.434
0.42592,0.013989,0,12.211,1.7878,-0.0037551,-22.444
0.52403,0.013997,0,10.37,-0.7173,0.0012007,-15.069
0.52194,0.014004,0,10.323,-0.68958,0.0013159,-15.411
0.46354,0.016519,0,12.055,0.18966,-0.00075193,-22.455
0.4698,0.016518,0,11.93,0.03515,-0.00042362,-21.874
0.47188,0.01651,0,11.889,-0.011747,-0.00033329,-21.663
0.44059,-0.014038,0,11.845,-0.58367,0.00021643,-17.65
0.4385,-0.014004,0,11.877,-0.67452,2.4121e-05,-17.735
0.44686,-0.014107,0,11.724,-0.34484,0.00063373,-17.191
0.46565,-0.014073,0,11.317,0.16145,0.0009287,-14.886
0.46356,-0.014093,0,11.36,0.11764,0.00093759,-15.171
0.50528,-0.011445,0,9.6578,0.65624,0.0012121,-8.9588
0.51153,-0.011496,0,9.8751,0.7138,0.00096923,-7.9865
0.40275,-0.0076139,0,9.3572,-3.6846,-0.0043735,4.9208
0.39834,-0.0035219,0,6.2864,-2.7782,-0.0059047,33.237
0.57406,0.0089453,0,8.6098,-0.95448,0.0013533,-7.7281
0.58871,0.0064241,0,7.4745,-1.1529,0.0012304,-3.9822
0.54696,0.011466,0,9.1473,-0.81575,0.0015196,-11.706
0.60106,-0.0018546,0,5.6878,0.16833,0.00083414,5.8916
0.42281,-0.017111,0,11.782,-1.449,-0.00060907,-13.782
0.48129,-0.017124,0,11.609,0.38871,-0.00033151,-12.036
0.48547,-0.017121,0,11.556,0.44557,-0.0003308,-11.425
0.48964,-0.017117,0,11.505,0.49453,-0.00033048,-10.806
0.49381,-0.017117,0,11.454,0.54009,-0.00034364,-10.2
0.55634,-0.012081,0,10.295,0.82575,-0.00023287,-0.32424
0.58547,-0.0070233,0,8.5939,0.51075,4.6858e-05,5.9763
0.58961,-0.0069903,0,8.6175,0.40139,-1.7266e-06,6.2368
0.59375,-0.0069278,0,8.6484,0.30222,2.8261e-05,6.1405
0.60208,-0.0062479,0,8.431,0.19199,7.6689e-05,5.7606
0.60218,0.0063838,0,7.8127,-0.94137,0.00073118,3.734
0.42278,0.017115,0,12.115,1.887,-0.00065037,-18.682
0.52715,0.017118,0,11.6,-0.74862,-0.00067275,-14.261
0.53966,0.017105,0,11.512,-0.83833,-0.00064046,-12.444
0.54383,0.017098,0,11.479,-0.8641,-0.00062945,-11.822
0.41861,-0.017102,0,11.602,-1.6755,-0.00032634,-11.901
0.427,-0.017117,0,11.899,-1.2273,-0.00089419,-14.973
0.43118,-0.01712,0,11.971,-1.019,-0.0010918,-15.704
0.47712,-0.017117,0,11.659,0.32713,-0.00034386,-12.612
0.49798,-0.017115,0,11.403,0.58003,-0.00035748,-9.5685
0.50215,-0.017113,0,11.353,0.61575,-0.00037226,-8.9513
0.50632,-0.01711,0,11.302,0.64808,-0.00038639,-8.3201
0.43641,-0.013973,0,11.906,-0.77167,-0.00019517,-17.771
0.54384,-0.012107,0,10.374,0.83867,-7.8033e-05,-2.5637
0.54801,-0.012099,0,10.355,0.83838,-0.00013534,-1.8326
0.55217,-0.012091,0,10.328,0.83442,-0.00018835,-1.0856
0.59795,-0.0065987,0,8.5605,0.23668,4.4021e-05,5.5238
0.58136,0.012042,0,10.427,-1.137,0.00014026,-5.9618
0.58974,0.011981,0,10.329,-1.2009,-1.0318e-06,-3.0823
0.41439,0.017095,0,11.594,2.3213,0.0011042,-13.159
0.53132,0.017117,0,11.574,-0.78078,-0.00065989,-13.676
0.548,0.01709,0,11.444,-0.88941,-0.00061592,-11.198
0.53863,-0.0089877,0,8.8557,0.7934,0.00085548,-3.5844
0.42382,0.013993,0,12.185,1.9327,-0.00442,-21.7
0.45518,0.016464,0,12.217,0.43779,-0.0013652,-23.061
0.47815,0.016468,0,11.772,-0.14351,-0.00010257,-20.994
0.47191,-0.013992,0,11.196,0.28364,0.00087318,-14.012
0.599,-0.0034458,0,6.8178,0.14397,0.00079502,5.4122
0.45417,-0.030743,0,11.713,-0.21532,-0.00028178,-11.459
0.45417,-0.030743,0,11.713,-0.21532,-0.00028178,-11.459
0.44999,-0.028269,0,11.759,-0.3097,-0.00034547,-12.083
0.44902,-0.028269,0,11.756,-0.33417,-0.00034671,-12.064
0.45834,-0.028269,0,11.75,-0.12078,-0.00033077,-11.922
0.40393,-0.025715,0,10.516,-1.4213,-0.00037883,1.1584
0.40393,-0.025715,0,10.516,-1.4213,-0.00037883,1.1584
0.39971,-0.023208,0,10.26,-1.4649,-0.00044908,3.8129
0.39971,-0.023208,0,10.26,-1.4649,-0.00044908,3.8129
0.41234,-0.025751,0,10.994,-1.3753,-0.00037039,-4.3685
0.40812,-0.023256,0,10.749,-1.5566,-0.000451,-1.9459
0.42072,-0.025771,0,11.373,-1.1963,-0.0003922,-8.4332
0.41653,-0.023289,0,11.257,-1.4216,-0.00041814,-7.4508
0.4291,-0.025784,0,11.622,-0.93706,-0.00040904,-10.984
0.42491,-0.023304,0,11.598,-1.1464,-0.0004192,-10.934
0.43746,-0.025791,0,11.757,-0.67036,-0.00041184,-12.306
0.43328,-0.023314,0,11.787,-0.84179,-0.00043392,-12.789
0.43328,-0.023314,0,11.787,-0.84179,-0.00043392,-12.789
0.43328,-0.023314,0,11.787,-0.84179,-0.00043392,-12.789
0.43328,-0.023314,0,11.787,-0.84179,-0.00043392,-12.789
0.44581,-0.025795,0,11.812,-0.42377,-0.00040375,-12.788
0.44164,-0.02332,0,11.869,-0.5594,-0.00043643,-13.545
0.44164,-0.02332,0,11.869,-0.5594,-0.00043643,-13.545
0.44164,-0.02332,0,11.869,-0.5594,-0.00043643,-13.545
0.44164,-0.02332,0,11.869,-0.5594,-0.00043643,-13.545
0.46251,-0.025795,0,11.779,-0.02426,-0.00036783,-12.293
0.47086,-0.025793,0,11.722,0.13041,-0.00035025,-11.629
0.46669,-0.023321,0,11.793,0.075237,-0.00038532,-12.538
0.46669,-0.023321,0,11.793,0.075237,-0.00038532,-12.538
0.46669,-0.023321,0,11.793,0.075237,-0.00038532,-12.538
0.46669,-0.023321,0,11.793,0.075237,-0.00038532,-12.538
0.4792,-0.025789,0,11.65,0.25912,-0.00033644,-10.807
0.4749,-0.023316,0,11.72,0.2193,-0.00037279,-11.708
0.47506,-0.023316,0,11.718,0.22205,-0.0003726,-11.69
0.47503,-0.023316,0,11.718,0.22158,-0.00037262,-11.693
0.47503,-0.023316,0,11.718,0.22158,-0.00037262,-11.693
0.47503,-0.023316,0,11.718,0.22158,-0.00037262,-11.693
0.47503,-0.023316,0,11.718,0.22158,-0.00037262,-11.693
0.48755,-0.025785,0,11.567,0.36531,-0.00032263,-9.8762
0.48338,-0.023313,0,11.633,0.34169,-0.00036443,-10.731
0.49589,-0.02578,0,11.477,0.45182,-0.0003089,-8.8725
0.49172,-0.023308,0,11.54,0.43947,-0.00035487,-9.693
0.50423,-0.025774,0,11.383,0.52108,-0.00029398,-7.8197
0.49827,-0.023304,0,11.463,0.50235,-0.00034748,-8.8397
0.50006,-0.023303,0,11.442,0.5183,-0.00034531,-8.6041
0.51256,-0.025768,0,11.285,0.57474,-0.00028183,-6.7284
0.5084,-0.023297,0,11.341,0.58068,-0.00033542,-7.4792
0.5209,-0.025762,0,11.185,0.61936,-0.00026941,-5.6331
0.5209,-0.025762,0,11.185,0.61936,-0.00026941,-5.6331
0.51674,-0.02329,0,11.238,0.63065,-0.00032599,-6.3251
0.52924,-0.025751,0,11.082,0.64511,-0.00025682,-4.4878
0.52924,-0.025751,0,11.082,0.64511,-0.00025682,-4.4878
0.52507,-0.023282,0,11.133,0.6635,-0.00031338,-5.1649
0.53757,-0.025734,0,10.977,0.65887,-0.00024515,-3.3199
0.53757,-0.025734,0,10.977,0.65887,-0.00024515,-3.3199
0.53341,-0.023267,0,11.026,0.68398,-0.00030034,-3.9702
0.54174,-0.023249,0,10.916,0.69145,-0.00028815,-2.7548
0.39546,-0.020677,0,9.8757,-1.3904,-0.00049817,7.8162
0.39546,-0.020677,0,9.8757,-1.3904,-0.00049817,7.8162
0.39116,-0.018095,0,9.6255,-1.2573,-0.0004808,10.315
0.39116,-0.018095,0,9.6255,-1.2573,-0.0004808,10.315
0.45208,-0.020849,0,11.933,-0.24391,-0.00052408,-14.366
0.45208,-0.020849,0,11.933,-0.24391,-0.00052408,-14.366
0.44999,-0.019612,0,11.962,-0.29787,-0.00064787,-14.87
0.44987,-0.019612,0,11.962,-0.30154,-0.00064865,-14.875
0.45625,-0.020849,0,11.909,-0.13419,-0.0005011,-14.09
0.45625,-0.020849,0,11.909,-0.13419,-0.0005011,-14.09
0.45834,-0.019613,0,11.907,-0.073689,-0.00056949,-14.256
0.54591,-0.020762,0,10.845,0.72454,-0.00034003,-2.1438
0.55425,-0.020739,0,10.729,0.7093,-0.00033005,-0.85147
0.55008,-0.018278,0,10.757,0.75547,-0.00038555,-1.4807
0.56258,-0.020711,0,10.613,0.67432,-0.00032188,0.44324
0.56258,-0.020626,0,10.612,0.67553,-0.00032375,0.44749
0.55842,-0.018254,0,10.637,0.73093,-0.00037953,-0.11791
0.57091,-0.020674,0,10.497,0.61995,-0.00031701,1.7086
0.57091,-0.020674,0,10.497,0.61995,-0.00031701,1.7086
0.56675,-0.018223,0,10.516,0.68512,-0.00037397,1.2421
0.56433,-0.018232,0,10.551,0.69934,-0.00037543,0.84983
0.57924,-0.020627,0,10.4,0.52977,-0.00031551,2.8148
0.57924,-0.020627,0,10.4,0.52977,-0.00031551,2.8148
0.57508,-0.018182,0,10.403,0.60484,-0.00037002,2.5371
0.58339,-0.018128,0,10.313,0.49342,-0.00037066,3.5757
0.3869,-0.01549,0,9.3955,-0.91786,-0.00038063,12.694
0.3869,-0.01549,0,9.3955,-0.91786,-0.00038063,12.694
0.38264,-0.012804,0,9.3186,-0.68203,-0.00029005,13.449
0.38264,-0.012804,0,9.3186,-0.68203,-0.00029005,13.449
0.4102,-0.015833,0,11.018,-2.1656,-0.00018001,-6.2653
0.4102,-0.015833,0,11.018,-2.1656,-0.00018001,-6.2653
0.40809,-0.014584,0,10.79,-2.3476,-0.00025612,-4.2748
0.40599,-0.015814,0,10.539,-2.2397,-0.00048198,-0.99148
0.40599,-0.015814,0,10.539,-2.2397,-0.00048198,-0.99148
0.41442,-0.01585,0,11.39,-1.9736,-0.00030293,-10.167
0.41652,-0.017097,0,11.485,-1.7846,-0.00022786,-10.661
0.42337,-0.017112,0,11.799,-1.4188,-0.00064877,-13.961
0.4249,-0.017115,0,11.847,-1.3364,-0.00075706,-14.449
0.43327,-0.017119,0,11.992,-0.92049,-0.0011417,-15.943
0.44164,-0.017138,0,12.011,-0.56947,-0.0010806,-16.155
0.46594,-0.017142,0,11.797,0.12367,-0.00044672,-14.094
0.46669,-0.01714,0,11.788,0.13929,-0.00043653,-14.003
0.47504,-0.017116,0,11.684,0.29426,-0.00035561,-12.897
0.48338,-0.017125,0,11.583,0.41832,-0.00032939,-11.739
0.49172,-0.017118,0,11.48,0.51759,-0.00033586,-10.504
0.50006,-0.017114,0,11.378,0.59804,-0.00036455,-9.258
0.51049,-0.015867,0,11.181,0.69125,-0.00030888,-7.7947
0.5084,-0.017108,0,11.277,0.6622,-0.0003923,-8.0031
0.51466,-0.015863,0,11.122,0.71766,-0.00030959,-7.1513
0.51466,-0.015863,0,11.122,0.71766,-0.00030959,-7.1513
0.51674,-0.01462,0,10.99,0.74105,-0.0001815,-6.9048
0.51883,-0.015858,0,11.075,0.73876,-0.00033193,-6.5088
0.51883,-0.015858,0,11.075,0.73876,-0.00033193,-6.5088
0.52299,-0.015853,0,11.028,0.75644,-0.00035181,-5.8491
0.52299,-0.015853,0,11.028,0.75644,-0.00035181,-5.8491
0.52716,-0.015849,0,10.981,0.77131,-0.00036726,-5.2008
0.52716,-0.015849,0,10.981,0.77131,-0.00036726,-5.2008
0.52508,-0.014612,0,10.914,0.77742,-0.00026468,-5.5842
0.52506,-0.014612,0,10.914,0.77733,-0.00026449,-5.5875
0.53133,-0.015843,0,10.932,0.78313,-0.00038105,-4.5414
0.53133,-0.015843,0,10.932,0.78313,-0.00038105,-4.5414
0.53342,-0.014603,0,10.831,0.80194,-0.00032509,-4.2498
0.53282,-0.014603,0,10.838,0.80046,-0.0003213,-4.3459
0.5355,-0.015836,0,10.882,0.79188,-0.00039217,-3.8722
0.5355,-0.015836,0,10.882,0.79188,-0.00039217,-3.8722
0.58754,-0.015613,0,10.205,0.44469,-0.00042319,4.3273
0.59588,-0.015484,0,10.183,0.31179,-0.00042617,4.5541
0.58842,-0.013143,0,10.056,0.43964,-0.00042702,4.814
0.59168,-0.013109,0,10.049,0.37731,-0.00043723,4.9611
0.59168,-0.013109,0,10.049,0.37731,-0.00043723,4.9611
0.60417,-0.015,0,10.181,0.20414,-0.00044028,4.5167
0.6,-0.0125,0,10.017,0.2492,-0.00042781,4.8911
0.59918,-0.012603,0,10.021,0.26108,-0.00042939,4.8966
0.6,-0.0125,0,10.017,0.2492,-0.00042781,4.8911
0.59972,-0.012207,0,9.9755,0.25159,-0.00041547,4.9274
0.6,-0.0125,0,10.017,0.2492,-0.00042781,4.8911
0.6,-0.0125,0,10.017,0.2492,-0.00042781,4.8911
0.60833,-0.0125,0,10.042,0.14866,-0.00044077,4.5855
0.38679,-0.010355,0,9.0396,-0.80826,-0.00041321,15.954
0.38679,-0.010355,0,9.0396,-0.80826,-0.00041321,15.954
0.38258,-0.0076926,0,9.0294,-0.47543,-0.00016946,16.071
0.38258,-0.0076926,0,9.0294,-0.47543,-0.00016946,16.071
0.39957,-0.011998,0,9.4591,-2.3986,-0.0010412,9.6869
0.39957,-0.011998,0,9.4591,-2.3986,-0.0010412,9.6869
0.39738,-0.010674,0,8.9588,-2.1597,-0.0017585,14.877
0.39738,-0.010674,0,8.9588,-2.1597,-0.0017585,14.877
0.40914,-0.010852,0,11.007,-2.8347,-0.0025083,-8.9187
0.40914,-0.010852,0,11.007,-2.8347,-0.0025083,-8.9187
0.40808,-0.010234,0,10.877,-2.9841,-0.0027435,-8.1276
0.40808,-0.010234,0,10.877,-2.9841,-0.0027435,-8.1276
0.41652,-0.011427,0,11.648,-2.1172,-0.0012143,-15.826
0.50832,-0.011488,0,9.7845,0.67635,0.001084,-8.4556
0.50878,-0.011495,0,9.8052,0.68188,0.0010649,-8.416
0.5084,-0.01149,0,9.7889,0.67688,0.0010803,-8.4465
0.51779,-0.010874,0,9.5266,0.73365,0.0009971,-7.0538
0.51779,-0.010874,0,9.5266,0.73365,0.0009971,-7.0538
0.52404,-0.010869,0,9.7029,0.77033,0.00079166,-5.9724
0.52404,-0.010869,0,9.7029,0.77033,0.00079166,-5.9724
0.52612,-0.010875,0,9.7565,0.78656,0.0007221,-5.567
0.52612,-0.010875,0,9.7565,0.78656,0.0007221,-5.567
0.52511,-0.010251,0,9.3341,0.76291,0.0009456,-5.8487
0.52508,-0.010251,0,9.3333,0.76262,0.00094651,-5.8549
0.54176,-0.012111,0,10.381,0.83641,-4.2745e-05,-2.9229
0.55009,-0.012095,0,10.342,0.83697,-0.00016202,-1.4629
0.56051,-0.010833,0,10.007,0.82159,-9.9445e-05,0.48595
0.55843,-0.012075,0,10.276,0.81921,-0.00025253,0.062056
0.56468,-0.010819,0,9.942,0.80298,-0.00013023,1.3279
0.56468,-0.010819,0,9.942,0.80298,-0.00013023,1.3279
0.56676,-0.0095757,0,9.6215,0.7954,8.6152e-06,1.8133
0.56884,-0.010804,0,9.9093,0.77273,-0.00018133,2.1705
0.56884,-0.010804,0,9.9093,0.77273,-0.00018133,2.1705
0.57301,-0.010786,0,9.8693,0.73084,-0.00022573,3.0333
0.57301,-0.010786,0,9.8693,0.73084,-0.00022573,3.0333
0.57718,-0.010766,0,9.8255,0.67485,-0.00026796,3.8589
0.57718,-0.010766,0,9.8255,0.67485,-0.00026796,3.8589
0.57592,-0.0095405,0,9.574,0.70263,-0.00013453,3.7606
0.5751,-0.0095446,0,9.5804,0.71448,-0.00012291,3.5886
0.6125,-0.0099995,0,9.7084,0.10373,-0.00032574,4.5847
0.61667,-0.0074988,0,9.0138,0.074292,-3.5894e-05,4.5162
0.61667,-0.0074988,0,9.0138,0.074292,-3.5894e-05,4.5162
0.38673,-0.005213,0,8.6375,-0.47376,2.3041e-05,19.469
0.38673,-0.005213,0,8.6375,-0.47376,2.3041e-05,19.469
0.38673,-0.005213,0,8.6375,-0.47376,2.3041e-05,19.469
0.38673,-0.005213,0,8.6375,-0.47376,2.3041e-05,19.469
0.38254,-0.0025354,0,8.8127,-0.1045,0.000362,17.904
0.38254,-0.0025354,0,8.8127,-0.1045,0.000362,17.904
0.39299,-0.0053474,0,7.9298,-1.154,-0.0014658,24.637
0.39089,-0.0040059,0,7.9661,-0.69958,-0.00055665,24.681
0.39089,-0.0040059,0,7.9661,-0.69958,-0.00055665,24.681
0.39946,-0.0062534,0,7.9858,-3.3299,-0.0048958,18.928
0.39946,-0.0062534,0,7.9858,-3.3299,-0.0048958,18.928
0.55843,-0.006461,0,7.6853,0.7469,0.00066568,0.20556
0.56572,-0.0058533,0,7.4848,0.7314,0.00055408,1.6837
0.56572,-0.0058533,0,7.4848,0.7314,0.00055408,1.6837
0.56781,-0.0058263,0,7.5394,0.73017,0.00051597,2.1885
0.56781,-0.0058263,0,7.5394,0.73017,0.00051597,2.1885
0.56677,-0.0052198,0,7.0364,0.7072,0.00056491,1.9289
0.58289,-0.0070394,0,8.589,0.57512,8.8577e-05,5.5513
0.58341,-0.0070363,0,8.5895,0.56336,8.0394e-05,5.647
0.59168,-0.0069676,0,8.6299,0.34982,8.1666e-06,6.2306
0.6,-0.0062485,0,8.4448,0.20871,7.4702e-05,5.5998
0.59884,-0.0064473,0,8.5105,0.22459,5.7286e-05,5.5567
0.6125,-0.0049974,0,7.888,0.08452,0.00036325,4.9168
0.6125,-0.0049974,0,7.888,0.08452,0.00036325,4.9168
0.6125,-0.0049974,0,7.888,0.08452,0.00036325,4.9168
0.6125,-0.0049974,0,7.888,0.08452,0.00036325,4.9168
0.60625,-0.0049968,0,7.7839,0.13717,0.00037553,5.4863
0.60625,-0.0049968,0,7.7839,0.13717,0.00037553,5.4863
0.60834,-0.0037439,0,7.146,0.11135,0.00062194,5.4006
0.60834,-0.0037439,0,7.146,0.11135,0.00062194,5.4006
0.61667,-0.002497,0,6.4216,0.0748,0.00088056,4.756
0.61667,-0.002497,0,6.4216,0.0748,0.00088056,4.756
0.3867,1.0545e-05,0,8.4327,0.13098,0.001664,21.092
0.38817,-0.00047276,0,8.1723,0.019451,0.0012966,23.056
0.3867,1.0545e-05,0,8.4327,0.13098,0.001664,21.092
0.38671,-0.0011204,0,8.4542,-0.013879,0.0012459,20.924
0.3867,1.0545e-05,0,8.4327,0.13098,0.001664,21.092
0.3867,1.0545e-05,0,8.4327,0.13098,0.001664,21.092
0.38255,0.0026151,0,8.8229,0.35745,0.00082476,17.747
0.38255,0.0026151,0,8.8229,0.35745,0.00082476,17.747
0.39086,-0.0013536,0,7.6977,-0.18381,0.00062701,26.637
0.39086,-0.0013536,0,7.6977,-0.18381,0.00062701,26.637
0.39294,7.6384e-05,0,7.2206,0.1608,-8.4104e-05,30.095
0.39294,-6.7805e-06,0,7.2173,0.13492,-0.00021946,30.127
0.39086,0.0013526,0,7.7035,0.45975,0.003288,26.5
0.39086,0.0013526,0,7.7035,0.45975,0.003288,26.5
0.6125,8.0239e-06,0,5.0326,-0.10091,0.0013964,4.945
0.6125,8.0239e-06,0,5.0326,-0.10091,0.0013964,4.945
0.6125,8.0239e-06,0,5.0326,-0.10091,0.0013964,4.945
0.6125,8.0239e-06,0,5.0326,-0.10091,0.0013964,4.945
0.60834,-0.0012399,0,5.1902,0.088591,0.0011806,5.4958
0.60834,-0.0012399,0,5.1902,0.088591,0.0011806,5.4958
0.60625,1.9486e-05,0,3.8553,-0.038534,0.0013148,5.6251
0.60834,0.0012561,0,4.1213,-0.3063,0.0014082,5.3649
0.60834,0.0012561,0,4.1213,-0.3063,0.0014082,5.3649
0.61667,0.0025026,0,5.905,-0.38173,0.0011077,4.5776
0.61667,0.0025026,0,5.905,-0.38173,0.0011077,4.5776
0.38672,0.0052412,0,8.6561,0.73781,0.0017048,19.119
0.38672,0.0052412,0,8.6561,0.73781,0.0017048,19.119
0.38672,0.0052412,0,8.6561,0.73781,0.0017048,19.119
0.38672,0.0052412,0,8.6561,0.73781,0.0017048,19.119
0.38259,0.0077586,0,9.0597,0.72872,0.00070625,15.624
0.38259,0.0077586,0,9.0597,0.72872,0.00070625,15.624
0.39088,0.0040129,0,7.974,0.9765,0.0060109,24.333
0.39088,0.0040129,0,7.974,0.9765,0.0060109,24.333
0.39297,0.0053442,0,7.9314,1.4391,0.0084119,24.195
0.39089,0.0065734,0,8.3666,1.3226,0.0047935,21.062
0.39089,0.0065734,0,8.3666,1.3226,0.0047935,21.062
0.39939,0.0063016,0,7.9686,3.6811,-0.0073406,17.954
0.39939,0.0063016,0,7.9686,3.6811,-0.0073406,17.954
0.59185,0.0063834,0,7.5707,-1.1933,0.0011012,-2.1688
0.59185,0.0063834,0,7.5707,-1.1933,0.0011012,-2.1688
0.6125,0.0050004,0,7.3581,-0.57123,0.00057904,4.528
0.6125,0.0050004,0,7.3581,-0.57123,0.00057904,4.528
0.6125,0.0050004,0,7.3581,-0.57123,0.00057904,4.528
0.6125,0.0050004,0,7.3581,-0.57123,0.00057904,4.528
0.60833,0.0037504,0,6.1912,-0.60204,0.0008919,5.0566
0.60833,0.0037504,0,6.1912,-0.60204,0.0008919,5.0566
0.60625,0.004998,0,6.9591,-0.70761,0.00073604,4.9815
0.60625,0.004998,0,6.9591,-0.70761,0.00073604,4.9815
0.61667,0.0075007,0,8.8211,-0.58077,0.00019143,3.9184
0.61667,0.0075007,0,8.8211,-0.58077,0.00019143,3.9184
0.3868,0.010395,0,9.0815,1.0775,0.00080088,15.295
0.3868,0.010395,0,9.0815,1.0775,0.00080088,15.295
0.38265,0.012848,0,9.3716,0.93613,0.00035315,12.734
0.38265,0.012848,0,9.3716,0.93613,0.00035315,12.734
0.39739,0.010688,0,8.9938,2.5048,0.0014468,13.643
0.39739,0.010688,0,8.9938,2.5048,0.0014468,13.643
0.39954,0.011988,0,9.5293,2.7534,0.0015995,8.021
0.39954,0.011988,0,9.5293,2.7534,0.0015995,8.021
0.55062,0.011502,0,9.3813,-0.85528,0.0013509,-11.251
0.55009,0.011507,0,9.3577,-0.84646,0.0013713,-11.33
0.58346,0.01203,0,10.42,-1.162,0.00010315,-5.3979
0.59393,0.0107,0,9.8575,-1.1975,0.00023735,-1.1104
0.59393,0.0107,0,9.8575,-1.1975,0.00023735,-1.1104
0.59183,0.011962,0,10.289,-1.192,-2.7766e-05,-2.3255
0.59183,0.011962,0,10.289,-1.192,-2.7766e-05,-2.3255
0.60031,0.0091395,0,9.2744,-1.0796,0.00038907,1.8468
0.60018,0.009247,0,9.3295,-1.0871,0.00037578,1.7448
0.60018,0.009247,0,9.3295,-1.0871,0.00037578,1.7448
0.59813,0.010206,0,9.6535,-1.123,0.00022047,0.90997
0.59813,0.010653,0,9.7936,-1.1176,0.00012342,0.8456
0.59813,0.010653,0,9.7936,-1.1176,0.00012342,0.8456
0.6125,0.01,0,9.6214,-0.67699,-6.817e-05,3.6166
0.60833,0.0125,0,10.099,-0.78478,-0.00020549,2.8029
0.38692,0.015511,0,9.4628,1.1851,0.00043367,11.767
0.38692,0.015511,0,9.4628,1.1851,0.00043367,11.767
0.39114,0.018076,0,9.7211,1.5302,0.00040583,9.0522
0.39114,0.018076,0,9.7211,1.5302,0.00040583,9.0522
0.40806,0.014578,0,10.95,2.785,0.0012474,-7.1617
0.41017,0.015834,0,11.212,2.6005,0.0011883,-9.5249
0.41017,0.015708,0,11.214,2.614,0.0011229,-9.5977
0.41017,0.015834,0,11.212,2.6005,0.0011883,-9.5249
0.40596,0.015808,0,10.684,2.6429,0.0012741,-3.572
0.40596,0.015808,0,10.684,2.6429,0.0012741,-3.572
0.41649,0.017102,0,11.755,2.2209,0.00084708,-14.814
0.43325,0.015238,0,12.333,1.3329,-0.0032175,-23.111
0.43325,0.015238,0,12.333,1.3329,-0.0032175,-23.111
0.43429,0.015729,0,12.363,1.2879,-0.0033102,-22.963
0.43429,0.015878,0,12.373,1.2879,-0.003391,-22.88
0.43429,0.015878,0,12.373,1.2879,-0.003391,-22.88
0.45846,0.016494,0,12.154,0.3329,-0.001104,-22.842
0.45832,0.016493,0,12.157,0.33724,-0.0011152,-22.852
0.46667,0.016523,0,11.992,0.10965,-0.00057467,-22.176
0.47502,0.016493,0,11.829,-0.07837,-0.00020967,-21.331
0.50109,0.015883,0,11.286,-0.49049,0.00048121,-18.1
0.50109,0.015883,0,11.286,-0.49049,0.00048121,-18.1
0.50839,0.015218,0,10.964,-0.58283,0.00089594,-17.201
0.50777,0.015224,0,10.962,-0.57517,0.00091977,-17.279
0.50839,0.015218,0,10.964,-0.58283,0.00089594,-17.201
0.50735,0.015842,0,11.279,-0.57132,0.00033477,-17.206
0.50735,0.015871,0,11.294,-0.57138,0.00030691,-17.2
0.50735,0.015871,0,11.294,-0.57138,0.00030691,-17.2
0.52507,0.017119,0,11.614,-0.73242,-0.00067505,-14.57
0.53341,0.017114,0,11.559,-0.79584,-0.00065467,-13.366
0.54175,0.017101,0,11.496,-0.85132,-0.00063467,-12.13
0.55217,0.015844,0,11.271,-0.92333,-0.00047387,-10.662
0.55008,0.017086,0,11.425,-0.90111,-0.00061112,-10.881
0.55842,0.014593,0,11.023,-0.96479,-0.00023083,-9.7748
0.55634,0.015834,0,11.223,-0.94741,-0.00044766,-10.017
0.55634,0.015834,0,11.223,-0.94741,-0.00044766,-10.017
0.56051,0.015824,0,11.197,-0.96982,-0.00045865,-9.364
0.56051,0.015824,0,11.197,-0.96982,-0.00045865,-9.364
0.56676,0.014572,0,11.007,-1.0118,-0.00031438,-8.4387
0.56467,0.015812,0,11.167,-0.99187,-0.00046812,-8.694
0.56467,0.015812,0,11.167,-0.99187,-0.00046812,-8.694
0.56884,0.015799,0,11.132,-1.015,-0.00047579,-8.0111
0.56884,0.015799,0,11.132,-1.015,-0.00047579,-8.0111
0.57509,0.014541,0,10.961,-1.0629,-0.00036796,-7.0661
0.57509,0.014541,0,10.961,-1.0629,-0.00036796,-7.0661
0.57301,0.015783,0,11.092,-1.0396,-0.00047707,-7.2735
0.57301,0.015783,0,11.092,-1.0396,-0.00047707,-7.2735
0.58344,0.018208,0,11.017,-1.0421,-0.00044504,-4.8587
0.59181,0.018161,0,10.817,-1.0255,-0.00040099,-2.4993
0.60421,0.015117,0,10.411,-0.87596,-0.00034723,1.3296
0.60024,0.018094,0,10.621,-0.913,-0.00034318,-0.14617
0.60414,0.017623,0,10.54,-0.84246,-0.00033746,0.76012
0.39544,0.020663,0,10.012,1.6778,0.00031085,5.9012
0.3997,0.023211,0,10.364,1.756,0.00025178,2.1429
0.40811,0.023258,0,10.97,1.9078,0.0002418,-4.8248
0.40876,0.023261,0,11.018,1.9036,0.00024226,-5.3696
0.42021,0.023301,0,11.756,1.6868,0.00035552,-13.516
0.4165,0.02329,0,11.555,1.797,0.00028913,-11.364
0.4165,0.02329,0,11.555,1.797,0.00028913,-11.364
0.42487,0.019599,0,12.114,1.6759,0.00083935,-17.847
0.42697,0.020841,0,12.146,1.5386,0.00082404,-17.978
0.42697,0.020841,0,12.146,1.5386,0.00082404,-17.978
0.43325,0.019612,0,12.351,1.2871,-2.8946e-05,-20.405
0.43115,0.020848,0,12.268,1.3553,0.0006404,-19.28
0.43115,0.020848,0,12.268,1.3553,0.0006404,-19.28
0.43534,0.020853,0,12.354,1.1772,0.00034662,-20.176
0.43534,0.020853,0,12.354,1.1772,0.00034662,-20.176
0.44161,0.01962,0,12.457,0.93598,-0.00094044,-21.562
0.44027,0.019618,0,12.446,0.98916,-0.00081497,-21.437
0.4437,0.02086,0,12.449,0.84943,-0.00030094,-21.179
0.4437,0.020784,0,12.45,0.84983,-0.00035074,-21.212
0.4437,0.02086,0,12.449,0.84943,-0.00030094,-21.179
0.43952,0.020562,0,12.419,1.0107,-0.00016605,-20.93
0.43952,0.020857,0,12.412,1.008,1.4637e-05,-20.793
0.43952,0.020857,0,12.412,1.008,1.4637e-05,-20.793
0.44997,0.019612,0,12.483,0.62995,-0.0014732,-21.923
0.44788,0.020859,0,12.469,0.70079,-0.00057068,-21.398
0.44788,0.020859,0,12.469,0.70079,-0.00057068,-21.398
0.45205,0.020858,0,12.474,0.56317,-0.00078555,-21.456
0.45296,0.021398,0,12.466,0.53055,-0.00049356,-21.213
0.45205,0.020858,0,12.474,0.56317,-0.00078555,-21.456
0.45716,0.019618,0,12.461,0.40518,-0.0016631,-21.762
0.45832,0.019621,0,12.456,0.37104,-0.0016755,-21.717
0.45623,0.02086,0,12.469,0.43579,-0.00082944,-21.343
0.4604,0.020494,0,12.453,0.31575,-0.0011754,-21.328
0.4604,0.020864,0,12.456,0.31756,-0.00095948,-21.2
0.46667,0.019629,0,12.403,0.14811,-0.0016602,-21.238
0.46458,0.020867,0,12.436,0.20836,-0.0010328,-20.996
0.46875,0.020867,0,12.41,0.10778,-0.0010757,-20.72
0.47501,0.019621,0,12.331,-0.040053,-0.0015657,-20.53
0.47293,0.020864,0,12.379,0.014985,-0.001095,-20.394
0.4771,0.020861,0,12.345,-0.070307,-0.0011006,-20.021
0.48336,0.019611,0,12.249,-0.20017,-0.0014198,-19.668
0.48127,0.020858,0,12.304,-0.15096,-0.0011102,-19.641
0.48127,0.020858,0,12.304,-0.15096,-0.0011102,-19.641
0.48544,0.02086,0,12.265,-0.22318,-0.0010694,-19.193
0.48544,0.02086,0,12.265,-0.22318,-0.0010694,-19.193
0.4917,0.019626,0,12.167,-0.33543,-0.0012688,-18.716
0.48962,0.020006,0,12.2,-0.29945,-0.0012205,-18.899
0.48962,0.020863,0,12.225,-0.29091,-0.0010252,-18.743
0.48962,0.020863,0,12.225,-0.29091,-0.0010252,-18.743
0.49379,0.020861,0,12.183,-0.35322,-0.00097707,-18.253
0.49379,0.020861,0,12.183,-0.35322,-0.00097707,-18.253
0.50005,0.019619,0,12.08,-0.44943,-0.0011242,-17.669
0.49796,0.020859,0,12.141,-0.41021,-0.00092687,-17.745
0.49796,0.020859,0,12.141,-0.41021,-0.00092687,-17.745
0.50213,0.020857,0,12.098,-0.46317,-0.00087815,-17.229
0.50213,0.020857,0,12.098,-0.46317,-0.00087815,-17.229
0.50839,0.019614,0,11.994,-0.54869,-0.00099151,-16.581
0.5063,0.020854,0,12.054,-0.51294,-0.0008278,-16.701
0.5063,0.020854,0,12.054,-0.51294,-0.0008278,-16.701
0.51047,0.020852,0,12.01,-0.55782,-0.00077984,-16.153
0.51047,0.020852,0,12.01,-0.55782,-0.00077984,-16.153
0.51673,0.01961,0,11.909,-0.63378,-0.00086876,-15.469
0.51464,0.020849,0,11.966,-0.60046,-0.0007325,-15.609
0.51464,0.020849,0,11.966,-0.60046,-0.0007325,-15.609
0.51881,0.020847,0,11.92,-0.63981,-0.00068899,-15.045
0.51881,0.020847,0,11.92,-0.63981,-0.00068899,-15.045
0.52507,0.0196,0,11.825,-0.7027,-0.00076889,-14.373
0.52507,0.0196,0,11.825,-0.7027,-0.00076889,-14.373
0.52298,0.020842,0,11.876,-0.67627,-0.0006428,-14.477
0.52298,0.020842,0,11.876,-0.67627,-0.0006428,-14.477
0.5334,0.023304,0,11.777,-0.72361,-0.00034567,-12.788
0.54174,0.023289,0,11.678,-0.77659,-0.00033763,-11.625
0.53991,0.023292,0,11.7,-0.76538,-0.00033947,-11.883
0.54398,0.023284,0,11.65,-0.78933,-0.00033538,-11.305
0.55008,0.023271,0,11.574,-0.82233,-0.00032823,-10.423
0.55841,0.02325,0,11.466,-0.86458,-0.00031677,-9.1704
0.56675,0.023226,0,11.351,-0.8973,-0.00030091,-7.8621
0.56581,0.023229,0,11.364,-0.89377,-0.00030282,-8.0122
0.57926,0.020703,0,11.136,-0.98004,-0.00036805,-5.697
0.57508,0.023198,0,11.222,-0.92372,-0.00028118,-6.4075
0.57604,0.023194,0,11.205,-0.92566,-0.00027859,-6.2228
0.58762,0.020665,0,10.963,-0.98258,-0.00033504,-3.736
0.59601,0.020617,0,10.77,-0.92764,-0.00029003,-1.5164
0.59601,0.020617,0,10.77,-0.92764,-0.00029003,-1.5164
0.40392,0.025714,0,10.703,1.7265,0.00021042,-1.3506
0.40603,0.026965,0,10.87,1.6669,0.00018674,-3.1623
0.40392,0.025714,0,10.703,1.7265,0.00021042,-1.3506
0.41231,0.025751,0,11.25,1.7186,0.00016304,-7.7622
0.42069,0.024235,0,11.753,1.6276,0.00028103,-13.391
0.4207,0.025776,0,11.704,1.5538,0.00014374,-12.722
0.42489,0.028259,0,11.805,1.3362,7.0758e-05,-13.576
0.42141,0.028252,0,11.668,1.4272,8.721e-05,-12.108
0.43325,0.028272,0,12.053,1.0901,5.9198e-05,-16.2
0.43824,0.028277,0,12.152,0.9388,6.474e-05,-17.227
0.44161,0.02828,0,12.206,0.83635,7.0554e-05,-17.777
0.45363,0.028287,0,12.305,0.50079,8.462e-05,-18.738
0.44997,0.028285,0,12.289,0.59771,8.2786e-05,-18.616
0.45832,0.028288,0,12.318,0.38094,8.2138e-05,-18.82
0.46667,0.028289,0,12.317,0.18727,5.747e-05,-18.759
0.47501,0.028288,0,12.289,0.019654,2.0774e-05,-18.398
0.48298,0.028286,0,12.245,-0.12091,-1.916e-05,-17.853
0.48474,0.028286,0,12.233,-0.14885,-2.712e-05,-17.72
0.48336,0.028286,0,12.243,-0.12735,-2.1053e-05,-17.825
0.4917,0.028283,0,12.184,-0.25251,-5.5838e-05,-17.145
0.50004,0.028279,0,12.114,-0.36063,-8.5907e-05,-16.319
0.50838,0.028275,0,12.036,-0.45392,-0.00011089,-15.414
0.51672,0.028269,0,11.952,-0.53433,-0.00013094,-14.444
0.52923,0.025785,0,11.826,-0.66357,-0.00021311,-13.122
0.5232,0.028265,0,11.884,-0.58862,-0.00014278,-13.651
0.52506,0.028263,0,11.864,-0.60346,-0.0001458,-13.421
0.53757,0.025772,0,11.729,-0.71968,-0.0002237,-12.004
0.54591,0.025755,0,11.629,-0.76777,-0.00022937,-10.848
0.55424,0.025736,0,11.523,-0.80839,-0.00023039,-9.6432
0.56258,0.025714,0,11.413,-0.84773,-0.0002282,-8.4063
0.56258,0.025714,0,11.413,-0.84773,-0.0002282,-8.4063
0.57091,0.025689,0,11.292,-0.87382,-0.00021662,-7.0482
0.57091,0.025689,0,11.292,-0.87382,-0.00021662,-7.0482
0.42907,0.03074,0,11.881,1.1539,4.0557e-05,-14.218
0.42907,0.03074,0,11.881,1.1539,4.0557e-05,-14.218
0.43744,0.029912,0,12.096,0.93699,2.8784e-05,-16.545
0.43744,0.03075,0,12.074,0.92354,1.1061e-05,-16.262
0.43744,0.03075,0,12.074,0.92354,1.1061e-05,-16.262
0.44579,0.030756,0,12.193,0.69304,-1.5417e-07,-17.49
0.44579,0.030599,0,12.197,0.69444,4.812e-06,-17.539
0.44667,0.031279,0,12.188,0.66221,-4.5738e-06,-17.39
0.44579,0.030756,0,12.193,0.69304,-1.5417e-07,-17.49
0.45414,0.03076,0,12.252,0.47493,-1.1956e-05,-17.996
0.45414,0.032716,0,12.207,0.46538,-2.4818e-05,-17.403
0.46249,0.030762,0,12.273,0.2802,-1.8661e-05,-18.136
0.47084,0.030762,0,12.265,0.10834,-3.2925e-05,-18.014
0.47918,0.03076,0,12.233,-0.041438,-5.1975e-05,-17.615
0.48753,0.030758,0,12.187,-0.17486,-6.0979e-05,-17.097
0.48753,0.030758,0,12.187,-0.17486,-6.0979e-05,-17.097
0.49587,0.030755,0,12.126,-0.28857,-7.7188e-05,-16.382
0.49587,0.030755,0,12.126,-0.28857,-7.7188e-05,-16.382
0.50421,0.030751,0,12.056,-0.38685,-9.0658e-05,-15.562
0.50421,0.030751,0,12.056,-0.38685,-9.0658e-05,-15.562
0.51255,0.030746,0,11.979,-0.47174,-0.0001018,-14.664
0.51255,0.030746,0,11.979,-0.47174,-0.0001018,-14.664
0.52089,0.03074,0,11.895,-0.54487,-0.00011046,-13.702
0.52089,0.03074,0,11.895,-0.54487,-0.00011046,-13.702
0.42193,-0.01711,0,11.748,-1.4963,-0.00054619,-13.43
0.42071,-0.017107,0,11.701,-1.5615,-0.0004596,-12.946
0.42909,-0.01712,0,11.939,-1.1208,-0.0010092,-15.387
0.42385,-0.013372,0,11.896,-1.4915,-0.0013503,-17
0.42385,-0.013372,0,11.896,-1.4915,-0.0013503,-17
0.43746,-0.017123,0,12.01,-0.73703,-0.0011563,-16.11
0.44581,-0.017149,0,11.995,-0.4186,-0.00095979,-16.017
0.44163,-0.014055,0,11.827,-0.54041,0.00029939,-17.593
0.44999,-0.014071,0,11.645,-0.2416,0.00082829,-16.935
0.46252,-0.01715,0,11.837,0.05011,-0.00049957,-14.51
0.45834,-0.0141,0,11.469,-0.00056138,0.00095759,-15.948
0.47087,-0.017127,0,11.737,0.22005,-0.00038445,-13.467
0.46669,-0.014061,0,11.296,0.18259,0.00092368,-14.743
0.47921,-0.017122,0,11.634,0.35804,-0.00033586,-12.323
0.47814,-0.017119,0,11.647,0.34215,-0.00033997,-12.472
0.48755,-0.017118,0,11.53,0.47084,-0.00033046,-11.114
0.48234,-0.013412,0,10.789,0.4467,0.0010944,-12.534
0.48234,-0.013412,0,10.789,0.4467,0.0010944,-12.534
0.49433,-0.017117,0,11.448,0.54533,-0.00034542,-10.121
0.49589,-0.017116,0,11.429,0.56095,-0.00035072,-9.8858
0.49172,-0.012776,0,10.459,0.55347,0.0010357,-11.135
0.49068,-0.013372,0,10.762,0.54051,0.00081637,-11.137
0.49068,-0.013372,0,10.762,0.54051,0.00081637,-11.137
0.49277,-0.01339,0,10.778,0.56998,0.00073543,-10.886
0.49277,-0.01339,0,10.778,0.56998,0.00073543,-10.886
0.50423,-0.017112,0,11.328,0.63269,-0.00037986,-8.6401
0.51257,-0.014622,0,11.025,0.71892,-0.00012766,-7.5609
0.41124,-0.010836,0,11.272,-2.66,-0.0021299,-11.954
0.41124,-0.010836,0,11.272,-2.66,-0.0021299,-11.954
0.50423,-0.011466,0,9.6471,0.64835,0.0012419,-9.1435
0.51257,-0.011485,0,9.8877,0.72202,0.00093921,-7.8146
0.51257,-0.011485,0,9.8877,0.72202,0.00093921,-7.8146
0.51987,-0.01085,0,9.56,0.74383,0.00093936,-6.622
0.51987,-0.01085,0,9.56,0.74383,0.00093936,-6.622
0.52195,-0.010851,0,9.6246,0.75344,0.00086717,-6.2245
0.52195,-0.010851,0,9.6246,0.75344,0.00086717,-6.2245
0.52091,-0.010186,0,9.11,0.72896,0.0011012,-6.4373
0.54592,-0.012104,0,10.365,0.83925,-0.00010923,-2.2025
0.55605,-0.012081,0,10.297,0.8264,-0.00022998,-0.37676
0.55426,-0.012086,0,10.312,0.83051,-0.00021189,-0.70536
0.55009,-0.0077396,0,8.3522,0.78479,0.00071829,-1.5305
0.54905,-0.0083677,0,8.742,0.80133,0.00067135,-1.694
0.54905,-0.0083677,0,8.742,0.80133,0.00067135,-1.694
0.55114,-0.0083605,0,8.807,0.81181,0.0006084,-1.2451
0.55114,-0.0083605,0,8.807,0.81181,0.0006084,-1.2451
0.5626,-0.0095897,0,9.6222,0.81596,8.6193e-05,0.95324
0.56261,-0.0095897,0,9.6223,0.81589,8.5879e-05,0.95668
0.39299,-0.002728,0,7.4231,-0.65516,-0.0022286,28.547
0.38672,-0.0025977,0,8.4822,-0.2031,0.00069978,20.705
0.56246,-0.006484,0,7.8862,0.76835,0.00057845,0.95938
0.5626,-0.0064835,0,7.8906,0.76877,0.00057584,0.98872
0.5626,-0.0064835,0,7.8906,0.76877,0.00057584,0.98872
0.56989,-0.0058133,0,7.6073,0.72304,0.00047591,2.7405
0.56989,-0.0058133,0,7.6073,0.72304,0.00047591,2.7405
0.57197,-0.0058199,0,7.6905,0.7216,0.00043155,3.2268
0.57197,-0.0058199,0,7.6905,0.7216,0.00043155,3.2268
0.57093,-0.0051842,0,7.2014,0.69754,0.00049255,2.9738
0.58754,-0.0070107,0,8.6043,0.45492,1.814e-05,6.1626
0.59583,-0.0068795,0,8.6546,0.26482,2.3938e-05,5.8934
0.59584,-0.0068789,0,8.6544,0.26476,2.3985e-05,5.8925
0.60002,-0.0018633,0,5.7496,0.13867,0.00079058,5.2853
0.59899,-0.0028318,0,6.4094,0.11953,0.0010266,5.2918
0.599,-0.0033598,0,6.7606,0.14054,0.00082746,5.3953
0.60105,-0.0024907,0,6.1523,0.16367,0.00081415,5.9743
0.60105,-0.0024907,0,6.1523,0.16367,0.00081415,5.9743
0.59909,-0.0034157,0,6.8048,0.1453,0.00079714,5.4013
0.60001,-0.0031181,0,6.6767,0.15848,0.00081809,5.2934
0.60001,-0.0031181,0,6.6767,0.15848,0.00081809,5.2934
0.38671,0.0026347,0,8.4921,0.4678,0.0021302,20.517
0.39296,0.0027385,0,7.4335,0.93231,0.0048416,28.251
0.60006,0.0032523,0,5.1568,-0.90243,0.00072183,3.3468
0.60006,0.0032523,0,5.1568,-0.90243,0.00072183,3.3468
0.5751,0.0089409,0,8.662,-0.9729,0.0013266,-7.5933
0.5751,0.0089409,0,8.662,-0.9729,0.0013266,-7.5933
0.58346,0.007712,0,8.2467,-1.0743,0.0013234,-6.1714
0.58241,0.0083335,0,8.6101,-1.0724,0.0012456,-6.3125
0.58241,0.0083335,0,8.6101,-1.0724,0.0012456,-6.3125
0.58451,0.0083215,0,8.7036,-1.1339,0.0011644,-5.6384
0.58451,0.0083215,0,8.7036,-1.1339,0.0011644,-5.6384
0.59499,0.0057263,0,7.1114,-1.1529,0.00096928,0.082481
0.59499,0.0057263,0,7.1114,-1.1529,0.00096928,0.082481
0.59604,0.0050932,0,6.6525,-1.1219,0.00092779,0.67709
0.59604,0.0050932,0,6.6525,-1.1219,0.00092779,0.67709
0.41227,0.011459,0,11.551,2.9745,-0.0060355,-16.437
0.41227,0.011459,0,11.551,2.9745,-0.0060355,-16.437
0.41648,0.012753,0,11.888,2.5218,-0.0054785,-18.954
0.41648,0.012753,0,11.888,2.5218,-0.0054785,-18.954
0.41752,0.013381,0,11.939,2.42,-0.0051467,-18.978
0.41752,0.013381,0,11.939,2.42,-0.0051467,-18.978
0.42487,0.013995,0,12.2,1.8617,-0.0041315,-22.052
0.52507,0.013986,0,10.386,-0.72776,0.001156,-14.908
0.52507,0.013986,0,10.386,-0.72776,0.001156,-14.908
0.54592,0.011472,0,9.0969,-0.80815,0.0015605,-11.911
0.56155,0.010858,0,9.3507,-0.91381,0.001184,-9.4931
0.56155,0.010858,0,9.3507,-0.91381,0.001184,-9.4931
0.56364,0.010858,0,9.4536,-0.94132,0.0011029,-9.1684
0.56364,0.010858,0,9.4536,-0.94132,0.0011029,-9.1684
0.56296,0.010232,0,8.9864,-0.90362,0.0013427,-9.376
0.5626,0.010233,0,8.9666,-0.89719,0.0013552,-9.4338
0.57927,0.012052,0,10.422,-1.1123,0.00017793,-6.4316
0.58764,0.011998,0,10.369,-1.195,3.2567e-05,-3.9468
0.41229,0.017087,0,11.439,2.3914,0.0011734,-11.499
0.41229,0.017087,0,11.439,2.3914,0.0011734,-11.499
0.42068,0.017111,0,12.017,1.9996,-8.4098e-05,-17.665
0.42175,0.017113,0,12.067,1.9422,-0.00037261,-18.183
0.43638,0.015879,0,12.375,1.1831,-0.0031297,-23.156
0.43638,0.015879,0,12.375,1.1831,-0.0031297,-23.156
0.45414,0.016455,0,12.232,0.46511,-0.0014392,-23.087
0.45414,0.016455,0,12.232,0.46511,-0.0014392,-23.087
0.46235,0.016516,0,12.078,0.22161,-0.000827,-22.555
0.46249,0.016516,0,12.075,0.2176,-0.00081733,-22.543
0.47084,0.016515,0,11.909,0.011451,-0.00037758,-21.77
0.47825,0.016467,0,11.77,-0.14526,-0.00010032,-20.985
0.47919,0.01646,0,11.757,-0.16172,-7.9231e-05,-20.902
0.47919,0.01646,0,11.757,-0.16172,-7.9231e-05,-20.902
0.50318,0.015898,0,11.305,-0.52218,0.00040568,-17.897
0.50318,0.015898,0,11.305,-0.52218,0.00040568,-17.897
0.50526,0.015888,0,11.298,-0.54611,0.000363,-17.555
0.50526,0.015888,0,11.298,-0.54611,0.000363,-17.555
0.50422,0.01528,0,10.97,-0.53192,0.0010107,-17.795
0.52868,0.017119,0,11.591,-0.76019,-0.00066894,-14.048
0.52924,0.017119,0,11.587,-0.76447,-0.00066752,-13.969
0.53757,0.017109,0,11.528,-0.82433,-0.0006479,-12.753
0.53758,0.017109,0,11.528,-0.82437,-0.00064789,-12.752
0.54486,0.017096,0,11.471,-0.87052,-0.00062606,-11.67
0.54592,0.017094,0,11.462,-0.87705,-0.0006226,-11.515
0.55426,0.014601,0,11.019,-0.9403,-0.00016793,-10.415
0.44579,0.019623,0,12.478,0.77798,-0.0012552,-21.824
0.44652,0.019621,0,12.48,0.75152,-0.0012975,-21.848
0.45414,0.019612,0,12.474,0.49641,-0.0016094,-21.88
0.45228,0.01961,0,12.479,0.55452,-0.0015555,-21.904
0.46249,0.019627,0,12.433,0.25462,-0.0016803,-21.516
0.46154,0.019625,0,12.438,0.28043,-0.0016812,-21.566
0.47084,0.019627,0,12.369,0.050168,-0.0016196,-20.907
0.47878,0.019614,0,12.294,-0.11574,-0.001506,-20.149
0.47919,0.019613,0,12.29,-0.1239,-0.001499,-20.107
0.4896,0.019626,0,12.188,-0.30294,-0.0013077,-18.97
0.48753,0.019624,0,12.209,-0.26931,-0.0013453,-19.201
0.43013,-0.013386,0,11.9,-1.0935,-0.00033485,-17.989
0.43013,-0.013386,0,11.9,-1.0935,-0.00033485,-17.989
0.43746,-0.013987,0,11.892,-0.72242,-7.9898e-05,-17.762
0.44581,-0.014102,0,11.746,-0.38159,0.0005756,-17.28
0.46252,-0.014101,0,11.383,0.094772,0.00094072,-15.315
0.46298,-0.014098,0,11.373,0.10491,0.00093933,-15.251
0.47086,-0.014007,0,11.215,0.26245,0.00089209,-14.158
0.48025,-0.013398,0,10.793,0.41568,0.0010932,-12.874
0.48025,-0.013398,0,10.793,0.41568,0.0010932,-12.874
0.48859,-0.013353,0,10.738,0.52086,0.001076,-11.461
0.48859,-0.013353,0,10.738,0.52086,0.001076,-11.461
0.49485,-0.013381,0,10.774,0.59212,0.00068039,-10.466
0.49485,-0.013381,0,10.774,0.59212,0.00068039,-10.466
0.49589,-0.012734,0,10.464,0.60199,0.00095627,-10.426
0.49589,-0.012734,0,10.464,0.60199,0.00095627,-10.426
0.40273,-0.0082643,0,9.4561,-3.5111,-0.0039441,5.0042
0.40273,-0.0082643,0,9.4561,-3.5111,-0.0039441,5.0042
0.53759,-0.0089873,0,8.8111,0.78019,0.00087727,-3.7665
0.54697,-0.0083686,0,8.6555,0.7907,0.00083147,-2.0143
0.54697,-0.0083686,0,8.6555,0.7907,0.00083147,-2.0143
0.40269,0.0082751,0,9.4769,3.9459,-0.0060415,2.999
0.40269,0.0082751,0,9.4769,3.9459,-0.0060415,2.999
0.40378,0.0089118,0,9.9549,3.8678,-0.0059757,-1.5176
0.40378,0.0089118,0,9.9549,3.8678,-0.0059757,-1.5176
0.53758,0.012767,0,9.8427,-0.79356,0.001335,-13.174
0.53654,0.013387,0,10.231,-0.80098,0.0010127,-13.25
0.53654,0.013387,0,10.231,-0.80098,0.0010127,-13.25
0.53862,0.013378,0,10.286,-0.82394,0.00094187,-12.883
0.53862,0.013378,0,10.286,-0.82394,0.00094187,-12.883
0.41231,-0.014597,0,11.257,-2.1839,-0.0004933,-9.2536
0.52091,-0.014613,0,10.952,0.76134,-0.00022646,-6.2448
0.52925,-0.014608,0,10.874,0.79092,-0.0002974,-4.9188
0.41019,-0.010221,0,11.15,-2.8204,-0.0022062,-11.246
0.41485,-0.011441,0,11.575,-2.2683,-0.0016286,-14.751
0.41441,-0.011445,0,11.554,-2.3027,-0.0017155,-14.467
0.41441,-0.011445,0,11.554,-2.3027,-0.0017155,-14.467
0.41862,-0.01145,0,11.705,-1.9297,-0.00062833,-16.924
0.50111,-0.011646,0,9.7028,0.62628,0.0012819,-9.7273
0.50111,-0.012128,0,10.074,0.63462,0.0010822,-9.6635
0.50111,-0.012128,0,10.074,0.63462,0.0010822,-9.6635
0.50171,-0.011523,0,9.6243,0.63115,0.0013134,-9.6443
0.50215,-0.011524,0,9.6375,0.63637,0.0012983,-9.5703
0.50631,-0.011436,0,9.6835,0.6646,0.0011753,-8.7635
0.50535,-0.011444,0,9.6597,0.65686,0.0012093,-8.9443
0.51049,-0.011509,0,9.861,0.70222,0.0010019,-8.1971
0.51086,-0.011505,0,9.866,0.7063,0.00099035,-8.1228
0.51883,-0.010225,0,9.0557,0.71813,0.0011594,-6.8438
0.52299,-0.010234,0,9.2383,0.74025,0.0010186,-6.1196
0.52716,-0.010241,0,9.3888,0.77917,0.00088471,-5.4608
0.52716,-0.010241,0,9.3888,0.77917,0.00088471,-5.4608
0.57093,-0.0095594,0,9.6058,0.76149,-5.96e-05,2.7064
0.57256,-0.0095535,0,9.5968,0.74467,-8.4471e-05,3.0554
0.57926,-0.0095237,0,9.5474,0.6488,-0.00017652,4.4313
0.58134,-0.0082789,0,9.1297,0.61485,-4.4423e-05,5.0148
0.58547,-0.0082498,0,9.0623,0.51764,-9.2079e-05,5.7147
0.58547,-0.0082498,0,9.0623,0.51764,-9.2079e-05,5.7147
0.39834,-0.0041915,0,6.7151,-2.8413,-0.005727,30.165
0.39834,-0.0041915,0,6.7151,-2.8413,-0.005727,30.165
0.55634,-0.0064638,0,7.5791,0.74712,0.00070709,-0.31312
0.56051,-0.0064918,0,7.8145,0.75662,0.00061898,0.54392
0.56884,-0.0051588,0,7.0867,0.70203,0.00053033,2.4953
0.57301,-0.0051903,0,7.2843,0.70682,0.00045338,3.4004
0.57301,-0.0051903,0,7.2843,0.70682,0.00045338,3.4004
0.60417,-0.0062478,0,8.4456,0.18289,8.165e-05,5.6047
0.60417,-0.0062478,0,8.4456,0.18289,8.165e-05,5.6047
0.6125,-0.0024948,0,6.3205,0.076116,0.00093209,5.0432
0.60625,-0.0024886,0,6.2714,0.098834,0.00092053,5.5926
0.6125,0.0025043,0,5.6227,-0.40333,0.0011836,4.8458
0.60625,0.0024963,0,4.8834,-0.51884,0.0010726,5.346
0.59071,0.0063987,0,7.5442,-1.1843,0.0011436,-2.7869
0.58976,0.006413,0,7.5146,-1.1669,0.0011848,-3.3494
0.60417,0.0062477,0,7.8081,-0.86168,0.00067509,4.3105
0.60417,0.0062477,0,7.8081,-0.86168,0.00067509,4.3105
0.60218,0.0065419,0,7.8999,-0.94564,0.00071149,3.6755
0.60217,0.0076436,0,8.5075,-0.97537,0.00057421,3.2682
0.60217,0.0076436,0,8.5075,-0.97537,0.00057421,3.2682
0.41444,0.011473,0,11.703,2.7901,-0.0051836,-18.472
0.41438,0.011472,0,11.699,2.7961,-0.0052345,-18.411
0.41542,0.012119,0,11.793,2.6631,-0.0053745,-18.737
0.41542,0.012119,0,11.793,2.6631,-0.0053745,-18.737
0.54901,0.011491,0,9.2887,-0.83133,0.0014197,-11.413
0.548,0.011473,0,9.214,-0.8217,0.0014713,-11.527
0.55217,0.011488,0,9.4375,-0.87509,0.0012952,-11.002
0.55217,0.011488,0,9.4375,-0.87509,0.0012952,-11.002
0.56468,0.010227,0,9.0686,-0.92706,0.0012878,-9.0952
0.56468,0.010227,0,9.0686,-0.92706,0.0012878,-9.0952
0.5965,0.0094187,0,9.4154,-1.1629,0.00043123,0.2908
0.59602,0.009436,0,9.4232,-1.1715,0.0004392,0.07343
0.42278,0.018356,0,12.074,1.8297,0.00056685,-17.823
0.43477,0.015248,0,12.327,1.263,-0.0029448,-23.295
0.43534,0.015253,0,12.323,1.2337,-0.0028263,-23.37
0.45623,0.016475,0,12.197,0.40374,-0.0012817,-23.001
0.4604,0.016507,0,12.117,0.27566,-0.00095949,-22.707
0.46458,0.016522,0,12.034,0.16227,-0.00069031,-22.366
0.46875,0.016521,0,11.951,0.059355,-0.00047132,-21.978
0.47293,0.016506,0,11.869,-0.034403,-0.00029052,-21.554
0.4771,0.016478,0,11.791,-0.1206,-0.00013709,-21.105
0.50213,0.015284,0,10.956,-0.5042,0.0010926,-18.134
0.50221,0.015284,0,10.957,-0.50529,0.0010895,-18.124
0.5063,0.015245,0,10.963,-0.55388,0.00096432,-17.48
0.56307,0.014582,0,11.017,-0.99059,-0.00028197,-9.0296
0.56259,0.014583,0,11.018,-0.98786,-0.00027747,-9.1065
0.42906,0.019607,0,12.253,1.478,0.0004655,-19.357
0.43706,0.019616,0,12.411,1.1215,-0.00048035,-21.058
0.43743,0.019616,0,12.416,1.1058,-0.00052249,-21.114
0.49588,0.019621,0,12.123,-0.3948,-0.0011947,-18.196
0.50413,0.019618,0,12.039,-0.50042,-0.001058,-17.155
0.50427,0.019618,0,12.038,-0.50209,-0.0010558,-17.137
0.50422,0.019618,0,12.038,-0.50152,-0.0010565,-17.144
0.51256,0.019613,0,11.952,-0.59202,-0.00092844,-16.031
0.42281,-0.012737,0,11.863,-1.5604,-0.0011165,-17.243
0.42281,-0.012737,0,11.863,-1.5604,-0.0011165,-17.243
0.43537,-0.013964,0,11.917,-0.81269,-0.00030752,-17.761
0.43537,-0.013964,0,11.917,-0.81269,-0.00030752,-17.761
0.43955,-0.014022,0,11.861,-0.62816,0.0001237,-17.697
0.44372,-0.014082,0,11.788,-0.45838,0.00045135,-17.448
0.44861,-0.014098,0,11.683,-0.28561,0.00073423,-17.043
0.4479,-0.014107,0,11.701,-0.30945,0.00069434,-17.101
0.46043,-0.014112,0,11.427,0.047944,0.00094542,-15.599
0.46461,-0.014083,0,11.339,0.13985,0.00093356,-15.029
0.46878,-0.014036,0,11.255,0.22338,0.00090982,-14.451
0.47295,-0.013978,0,11.181,0.30022,0.0008599,-13.892
0.47295,-0.013978,0,11.181,0.30022,0.0008599,-13.892
0.4813,-0.012821,0,10.422,0.4375,0.0013616,-12.825
0.48963,-0.012707,0,10.386,0.52706,0.0012652,-11.326
0.4936,-0.012771,0,10.471,0.57637,0.00099396,-10.8
0.49381,-0.01277,0,10.471,0.57837,0.00098964,-10.758
0.41966,-0.012087,0,11.769,-1.8265,-0.00104,-16.827
0.41966,-0.012087,0,11.769,-1.8265,-0.00104,-16.827
0.50319,-0.012125,0,10.103,0.65493,0.0010155,-9.3156
0.50319,-0.012125,0,10.103,0.65493,0.0010155,-9.3156
0.50528,-0.012104,0,10.116,0.66951,0.00095507,-8.9179
0.50528,-0.012104,0,10.116,0.66951,0.00095507,-8.9179
0.53967,-0.0089894,0,8.8914,0.80041,0.00082071,-3.3921
0.53967,-0.0089894,0,8.8914,0.80041,0.00082071,-3.3921
0.54801,-0.0077421,0,8.2543,0.76822,0.0008435,-1.852
0.55217,-0.0077164,0,8.4149,0.79702,0.00068121,-1.1062
0.55217,-0.0077164,0,8.4149,0.79702,0.00068121,-1.1062
0.39725,-0.0035001,0,6.4801,-2.2387,-0.0060522,32.997
0.39725,-0.0035001,0,6.4801,-2.2387,-0.0060522,32.997
0.5553,-0.0070972,0,8.0213,0.769,0.00068036,-0.5208
0.5553,-0.0070972,0,8.0213,0.769,0.00068036,-0.5208
0.58031,-0.0042361,0,6.7395,0.59275,0.00038986,5.5157
0.58031,-0.0045904,0,6.999,0.60088,0.00037168,5.5027
0.58031,-0.0045904,0,6.999,0.60088,0.00037168,5.5027
0.58135,-0.0039753,0,6.5759,0.57575,0.00039728,5.724
0.58135,-0.0039753,0,6.5759,0.57575,0.00039728,5.724
0.59791,-0.0024239,0,6.1006,0.07446,0.0012875,5.7707
0.59791,-0.0024239,0,6.1006,0.07446,0.0012875,5.7707
0.59791,-0.0036219,0,6.926,0.1399,0.00065876,5.7356
0.59877,-0.0034835,0,6.841,0.1431,0.00076584,5.4814
0.59791,-0.0036219,0,6.926,0.1399,0.00065876,5.7356
0.58871,0.0070486,0,7.9357,-1.1762,0.0011875,-3.9303
0.58871,0.0070486,0,7.9357,-1.1762,0.0011875,-3.9303
0.58556,0.007693,0,8.3303,-1.1357,0.0012468,-5.4399
0.58556,0.007693,0,8.3303,-1.1357,0.0012468,-5.4399
0.42342,0.013993,0,12.178,1.9564,-0.0044861,-21.564
0.42278,0.013994,0,12.167,1.9948,-0.0045929,-21.345
0.42278,0.013994,0,12.167,1.9948,-0.0045929,-21.345
0.52298,0.014009,0,10.353,-0.70324,0.0012596,-15.264
0.54488,0.012122,0,9.5686,-0.82918,0.0013314,-12.112
0.54488,0.012122,0,9.5686,-0.82918,0.0013314,-12.112
0.54696,0.012113,0,9.6461,-0.84329,0.0012516,-11.693
0.54696,0.012113,0,9.6461,-0.84329,0.0012516,-11.693
0.53917,0.012742,0,9.8803,-0.81233,0.0012629,-12.896
0.53966,0.012734,0,9.8908,-0.8171,0.0012435,-12.82
0.53966,0.012734,0,9.8908,-0.8171,0.0012435,-12.82
0.43536,-0.018364,0,11.98,-0.81817,-0.00084786,-15.404
0.43118,-0.01836,0,11.937,-1.0046,-0.00079007,-15.054
0.43118,-0.01836,0,11.937,-1.0046,-0.00079007,-15.054
0.43955,-0.01837,0,11.999,-0.64982,-0.00090181,-15.567
0.44372,-0.018376,0,11.999,-0.49594,-0.00088594,-15.578
0.45417,-0.019611,0,11.938,-0.17998,-0.00061192,-14.597
0.4479,-0.018377,0,11.985,-0.3561,-0.00083267,-15.429
0.46043,-0.018378,0,11.888,-0.011935,-0.00061102,-14.41
0.4646,-0.018377,0,11.845,0.081227,-0.00054763,-13.946
0.46878,-0.018371,0,11.8,0.16555,-0.00049904,-13.455
0.47295,-0.018365,0,11.751,0.24144,-0.00046164,-12.93
0.47712,-0.018362,0,11.698,0.31197,-0.0004207,-12.403
0.47712,-0.018362,0,11.698,0.31197,-0.0004207,-12.403
0.40387,-0.014559,0,10.283,-2.3478,-0.00059539,1.5018
0.40387,-0.014559,0,10.283,-2.3478,-0.00059539,1.5018
0.40172,-0.013283,0,9.8305,-2.4133,-0.00092356,6.0426
0.40172,-0.013283,0,9.8305,-2.4133,-0.00092356,6.0426
0.44268,-0.014679,0,11.894,-0.50889,-0.00014997,-17.269
0.44268,-0.014679,0,11.894,-0.50889,-0.00014997,-17.269
0.44059,-0.014658,0,11.922,-0.5929,-0.00031378,-17.374
0.44059,-0.014658,0,11.922,-0.5929,-0.00031378,-17.374
0.45103,-0.014647,0,11.744,-0.21455,0.00040829,-16.649
0.45103,-0.014647,0,11.744,-0.21455,0.00040829,-16.649
0.44895,-0.014688,0,11.791,-0.28525,0.00025213,-16.807
0.44895,-0.014688,0,11.791,-0.28525,0.00025213,-16.807
0.45939,-0.014701,0,11.606,0.014047,0.00052325,-15.612
0.45939,-0.014701,0,11.606,0.014047,0.00052325,-15.612
0.4573,-0.01467,0,11.636,-0.041072,0.00052182,-15.893
0.4573,-0.01467,0,11.636,-0.041072,0.00052182,-15.893
0.46774,-0.014665,0,11.458,0.19486,0.00054098,-14.468
0.46774,-0.014665,0,11.458,0.19486,0.00054098,-14.468
0.46565,-0.014682,0,11.494,0.15261,0.00054194,-14.752
0.46565,-0.014682,0,11.494,0.15261,0.00054194,-14.752
0.53759,-0.014595,0,10.786,0.80894,-0.00034917,-3.5644
0.53967,-0.013354,0,10.629,0.82479,-0.00023387,-3.2577
0.54384,-0.013345,0,10.57,0.82976,-0.00024827,-2.5519
0.54384,-0.013345,0,10.57,0.82976,-0.00024827,-2.5519
0.39525,-0.009377,0,8.6571,-1.9118,-0.001521,17.862
0.39525,-0.009377,0,8.6571,-1.9118,-0.001521,17.862
0.41756,-0.012083,0,11.707,-2.0026,-0.0014822,-15.783
0.41756,-0.012083,0,11.707,-2.0026,-0.0014822,-15.783
0.41546,-0.012081,0,11.605,-2.1855,-0.0017934,-14.453
0.41546,-0.012081,0,11.605,-2.1855,-0.0017934,-14.453
0.50735,-0.011769,0,9.9354,0.67595,0.0010084,-8.5521
0.50736,-0.012108,0,10.157,0.68243,0.00087748,-8.5384
0.50736,-0.012108,0,10.157,0.68243,0.00087748,-8.5384
0.50944,-0.011619,0,9.9039,0.69275,0.00099333,-8.349
0.50945,-0.012126,0,10.211,0.70196,0.00079785,-8.2894
0.50945,-0.012126,0,10.211,0.70196,0.00079785,-8.2894
0.40055,-0.0069306,0,8.4529,-3.4766,-0.0046724,14.599
0.40055,-0.0069306,0,8.4529,-3.4766,-0.0046724,14.599
0.55739,-0.0070988,0,8.1081,0.77462,0.00063397,-0.064122
0.55739,-0.0070988,0,8.1081,0.77462,0.00063397,-0.064122
0.55947,-0.0071048,0,8.2008,0.77518,0.00058649,0.38867
0.55947,-0.0071048,0,8.2008,0.77518,0.00058649,0.38867
0.38676,0.0078116,0,8.8635,0.94588,0.0012253,17.272
0.39306,0.0079999,0,8.4341,1.6932,0.0032668,20.151
0.39306,0.0079999,0,8.4341,1.6932,0.0032668,20.151
0.40048,0.0069899,0,8.4457,3.8494,-0.0071884,13.369
0.40048,0.0069899,0,8.4457,3.8494,-0.0071884,13.369
0.59081,0.006545,0,7.6519,-1.1902,0.0011289,-2.7072
0.5908,0.0070225,0,7.9894,-1.2032,0.0010954,-2.6435
0.5908,0.0070225,0,7.9894,-1.2032,0.0010954,-2.6435
0.59913,0.0042473,0,5.9717,-0.99346,0.00079519,2.7555
0.59913,0.0042473,0,5.9717,-0.99346,0.00079519,2.7555
0.39523,0.0093694,0,8.6752,2.235,0.0015592,16.939
0.39523,0.0093694,0,8.6752,2.235,0.0015592,16.939
0.4017,0.013273,0,9.9348,2.7875,0.001592,3.7832
0.55113,0.012122,0,9.835,-0.88578,0.0010613,-11.067
0.55113,0.012122,0,9.835,-0.88578,0.0010613,-11.067
0.54904,0.011527,0,9.316,-0.83315,0.0014037,-11.407
0.54905,0.012119,0,9.7458,-0.85938,0.0011555,-11.37
0.54905,0.012119,0,9.7458,-0.85938,0.0011555,-11.37
0.57718,0.013296,0,10.702,-1.0904,-9.4193e-05,-6.7316
0.57718,0.013296,0,10.702,-1.0904,-9.4193e-05,-6.7316
0.57406,0.0095814,0,9.0475,-0.98608,0.0011773,-7.6029
0.57406,0.0095814,0,9.0475,-0.98608,0.0011773,-7.6029
0.40384,0.014549,0,10.347,2.7437,0.0014629,-0.29522
0.42592,0.014625,0,12.246,1.7809,-0.0041831,-21.949
0.42592,0.014625,0,12.246,1.7809,-0.0041831,-21.949
0.42382,0.014624,0,12.2,1.9195,-0.0044059,-21.196
0.42382,0.014624,0,12.2,1.9195,-0.0044059,-21.196
0.45936,0.01713,0,12.265,0.31653,-0.0016777,-22.577
0.45936,0.01713,0,12.265,0.31653,-0.0016777,-22.577
0.45727,0.017119,0,12.295,0.3798,-0.0018233,-22.703
0.45727,0.017119,0,12.295,0.3798,-0.0018233,-22.703
0.46771,0.017146,0,12.134,0.094334,-0.0011963,-21.912
0.46771,0.017146,0,12.134,0.094334,-0.0011963,-21.912
0.46562,0.017146,0,12.167,0.14603,-0.0013012,-22.098
0.46562,0.017146,0,12.167,0.14603,-0.0013012,-22.098
0.47397,0.01713,0,12.034,-0.047546,-0.00093265,-21.295
0.47397,0.01713,0,12.034,-0.047546,-0.00093265,-21.295
0.47606,0.01712,0,12.002,-0.091412,-0.00085703,-21.073
0.47606,0.01712,0,12.002,-0.091412,-0.00085703,-21.073
0.52298,0.018365,0,11.772,-0.7025,-0.0008594,-14.743
0.52715,0.01836,0,11.72,-0.73801,-0.000785,-14.155
0.52715,0.01836,0,11.72,-0.73801,-0.000785,-14.155
0.52403,0.014628,0,10.761,-0.72733,0.00074291,-14.961
0.52403,0.014628,0,10.761,-0.72733,0.00074291,-14.961
0.56908,0.014564,0,10.997,-1.0259,-0.00033164,-8.0588
0.57093,0.014558,0,10.987,-1.0374,-0.00034441,-7.7461
0.5209,0.019607,0,11.865,-0.67113,-0.00081398,-14.889
0.4385,-0.014635,0,11.944,-0.68242,-0.00050318,-17.432
0.4385,-0.014635,0,11.944,-0.68242,-0.00050318,-17.432
0.43641,-0.014617,0,11.961,-0.77765,-0.00068423,-17.462
0.43641,-0.014617,0,11.961,-0.77765,-0.00068423,-17.462
0.44477,-0.014695,0,11.863,-0.43009,-3.9486e-06,-17.129
0.44477,-0.014695,0,11.863,-0.43009,-3.9486e-06,-17.129
0.44686,-0.014702,0,11.83,-0.35568,0.00012531,-16.97
0.44686,-0.014702,0,11.83,-0.35568,0.00012531,-16.97
0.46148,-0.014705,0,11.568,0.061816,0.00053174,-15.311
0.46148,-0.014705,0,11.568,0.061816,0.00053174,-15.311
0.46356,-0.014696,0,11.531,0.10831,0.00053977,-15.031
0.46356,-0.014629,0,11.512,0.10935,0.00058426,-15.046
0.46356,-0.014696,0,11.531,0.10831,0.00053977,-15.031
0.46982,-0.014646,0,11.423,0.23547,0.00053354,-14.176
0.46982,-0.014646,0,11.423,0.23547,0.00053354,-14.176
0.47191,-0.014626,0,11.393,0.27527,0.00051297,-13.857
0.47191,-0.014626,0,11.393,0.27527,0.00051297,-13.857
0.40165,-0.0076042,0,9.0651,-3.5674,-0.0043063,8.5399
0.40165,-0.0076042,0,9.0651,-3.5674,-0.0043063,8.5399
0.51153,-0.012127,0,10.241,0.72214,0.00072552,-7.8991
0.51153,-0.012127,0,10.241,0.72214,0.00072552,-7.8991
0.53654,-0.0096133,0,9.1942,0.79346,0.00076958,-3.857
0.53654,-0.0096133,0,9.1942,0.79346,0.00076958,-3.857
0.53863,-0.0096193,0,9.2717,0.81083,0.00071035,-3.5034
0.53863,-0.0096193,0,9.2717,0.81083,0.00071035,-3.5034
0.56156,-0.0071106,0,8.2842,0.78454,0.00053494,0.82208
0.56156,-0.0071106,0,8.2842,0.78454,0.00053494,0.82208
0.6021,-0.0018518,0,5.6909,0.16554,0.0008855,5.957
0.6021,-0.0018518,0,5.6909,0.16554,0.0008855,5.957
0.40159,0.007655,0,9.0667,3.9788,-0.0063483,6.876
0.40159,0.007655,0,9.0667,3.9788,-0.0063483,6.876
0.40486,0.0095373,0,10.242,3.7482,-0.0058566,-3.88
0.40486,0.0095373,0,10.242,3.7482,-0.0058566,-3.88
0.41332,0.01207,0,11.634,2.8464,-0.0058096,-16.723
0.41333,0.012105,0,11.634,2.8438,-0.0058103,-16.682
0.41333,0.012105,0,11.634,2.8438,-0.0058103,-16.682
0.46145,0.017138,0,12.233,0.25688,-0.0015399,-22.435
0.46145,0.017138,0,12.233,0.25688,-0.0015399,-22.435
0.46354,0.017144,0,12.201,0.20022,-0.0014143,-22.273
0.46354,0.017144,0,12.201,0.20022,-0.0014143,-22.273
0.4698,0.017143,0,12.1,0.04495,-0.0011023,-21.716
0.4698,0.017143,0,12.1,0.04495,-0.0011023,-21.716
0.47188,0.017138,0,12.067,-0.0023018,-0.0010147,-21.51
0.47188,0.017138,0,12.067,-0.0023018,-0.0010147,-21.51
0.52194,0.01463,0,10.726,-0.70257,0.00084789,-15.323
0.52194,0.01463,0,10.726,-0.70257,0.00084789,-15.323
0.41862,-0.018342,0,11.559,-1.6175,-0.00023701,-11.158
0.41862,-0.018342,0,11.559,-1.6175,-0.00023701,-11.158
0.42281,-0.017215,0,11.778,-1.4457,-0.00059051,-13.72
0.42281,-0.018351,0,11.739,-1.4106,-0.00038799,-13.042
0.42281,-0.018351,0,11.739,-1.4106,-0.00038799,-13.042
0.427,-0.018357,0,11.859,-1.2027,-0.0005992,-14.27
0.427,-0.018357,0,11.859,-1.2027,-0.0005992,-14.27
0.48129,-0.018363,0,11.648,0.37371,-0.00040363,-11.837
0.48129,-0.018363,0,11.648,0.37371,-0.00040363,-11.837
0.48546,-0.018361,0,11.596,0.43026,-0.00039551,-11.251
0.48546,-0.018361,0,11.596,0.43026,-0.00039551,-11.251
0.48964,-0.018359,0,11.544,0.47971,-0.00039163,-10.649
0.48964,-0.018359,0,11.544,0.47971,-0.00039163,-10.649
0.49381,-0.018357,0,11.493,0.52503,-0.00039342,-10.054
0.49381,-0.018357,0,11.493,0.52503,-0.00039342,-10.054
0.49798,-0.018354,0,11.441,0.56515,-0.00039728,-9.4424
0.49798,-0.018354,0,11.441,0.56515,-0.00039728,-9.4424
0.50215,-0.018352,0,11.389,0.60099,-0.00040235,-8.8334
0.50215,-0.018352,0,11.389,0.60099,-0.00040235,-8.8334
0.50632,-0.018349,0,11.337,0.63315,-0.00040782,-8.2171
0.50632,-0.018349,0,11.337,0.63315,-0.00040782,-8.2171
0.54801,-0.013337,0,10.531,0.82813,-0.00028171,-1.8304
0.54801,-0.013337,0,10.531,0.82813,-0.00028171,-1.8304
0.55217,-0.013327,0,10.487,0.82286,-0.00031052,-1.0934
0.55217,-0.013327,0,10.487,0.82286,-0.00031052,-1.0934
0.55634,-0.012556,0,10.351,0.8209,-0.00027211,-0.33199
0.55634,-0.013316,0,10.44,0.81316,-0.00033483,-0.34437
0.55634,-0.013316,0,10.44,0.81316,-0.00033483,-0.34437
0.58961,-0.0082109,0,9.0673,0.41148,-0.00013196,5.9881
0.58961,-0.0082109,0,9.0673,0.41148,-0.00013196,5.9881
0.59376,-0.0081444,0,9.0872,0.31765,-0.00013341,5.9352
0.59504,-0.0088831,0,9.355,0.29565,-0.00022642,5.6329
0.59376,-0.0081444,0,9.0872,0.31765,-0.00013341,5.9352
0.59795,-0.00784,0,9.0756,0.25235,-0.00012966,5.4082
0.60208,-0.007499,0,8.9177,0.19862,-9.4795e-05,5.7008
0.60208,-0.007499,0,8.9177,0.19862,-9.4795e-05,5.7008
0.59899,-0.0040623,0,7.1639,0.16089,0.00056046,5.4424
0.59899,-0.0040623,0,7.1639,0.16089,0.00056046,5.4424
0.58136,0.013275,0,10.68,-1.1294,-0.00013925,-5.8239
0.58136,0.013275,0,10.68,-1.1294,-0.00013925,-5.8239
0.58554,0.013248,0,10.624,-1.1639,-0.00018211,-4.6157
0.58554,0.013248,0,10.624,-1.1639,-0.00018211,-4.6157
0.58973,0.013216,0,10.535,-1.1727,-0.00022096,-3.0492
0.58973,0.013216,0,10.535,-1.1727,-0.00022096,-3.0492
0.41439,0.018333,0,11.557,2.2279,0.0010988,-12.374
0.41439,0.018333,0,11.557,2.2279,0.0010988,-12.374
0.41859,0.018346,0,11.855,2.0434,0.00095872,-15.548
0.41859,0.018346,0,11.855,2.0434,0.00095872,-15.548
0.53132,0.018355,0,11.681,-0.76942,-0.00074219,-13.565
0.53132,0.018355,0,11.681,-0.76942,-0.00074219,-13.565
0.53549,0.018349,0,11.641,-0.79887,-0.00070976,-12.954
0.53549,0.018349,0,11.641,-0.79887,-0.00070976,-12.954
0.53966,0.018343,0,11.6,-0.82673,-0.00068072,-12.347
0.53966,0.018343,0,11.6,-0.82673,-0.00068072,-12.347
0.54383,0.018335,0,11.558,-0.85244,-0.00065511,-11.73
0.54383,0.018335,0,11.558,-0.85244,-0.00065511,-11.73
0.548,0.018327,0,11.515,-0.87718,-0.00063065,-11.11
0.548,0.018327,0,11.515,-0.87718,-0.00063065,-11.11
0.45519,0.017106,0,12.321,0.44625,-0.0019356,-22.853
0.45519,0.017106,0,12.321,0.44625,-0.0019356,-22.853
0.47814,0.017108,0,11.974,-0.13443,-0.00080206,-20.82
0.47814,0.017108,0,11.974,-0.13443,-0.00080206,-20.82
0.42909,-0.02331,0,11.709,-0.99296,-0.00042811,-12.033
0.43746,-0.023317,0,11.838,-0.69692,-0.00043509,-13.274
0.43746,-0.023317,0,11.838,-0.69692,-0.00043509,-13.274
0.43746,-0.023317,0,11.838,-0.69692,-0.00043509,-13.274
0.44581,-0.023322,0,11.882,-0.43041,-0.00043367,-13.636
0.44581,-0.023322,0,11.882,-0.43041,-0.00043367,-13.636
0.44581,-0.023322,0,11.882,-0.43041,-0.00043367,-13.636
0.46252,-0.023322,0,11.824,-0.0086291,-0.00039489,-12.897
0.46252,-0.023322,0,11.824,-0.0086291,-0.00039489,-12.897
0.46252,-0.023322,0,11.824,-0.0086291,-0.00039489,-12.897
0.47273,-0.0211,0,11.763,0.20795,-0.00041558,-12.414
0.47086,-0.023318,0,11.757,0.15186,-0.00037757,-12.133
0.47086,-0.023318,0,11.757,0.15186,-0.00037757,-12.133
0.47086,-0.023318,0,11.757,0.15186,-0.00037757,-12.133
0.47921,-0.023314,0,11.677,0.28469,-0.00036902,-11.223
0.54592,-0.018289,0,10.816,0.76051,-0.00038805,-2.1526
0.58754,-0.013152,0,10.058,0.45646,-0.00042427,4.7743
0.59588,-0.013018,0,10.038,0.30903,-0.00043576,4.9191
0.59588,-0.013018,0,10.038,0.30903,-0.00043576,4.9191
0.59588,-0.013018,0,10.038,0.30903,-0.00043576,4.9191
0.60417,-0.0125,0,10.025,0.1936,-0.00043569,4.83
0.38677,-0.0077908,0,8.8346,-0.68115,-0.00034552,17.776
0.38677,-0.0077908,0,8.8346,-0.68115,-0.00034552,17.776
0.38677,-0.0077908,0,8.8346,-0.68115,-0.00034552,17.776
0.6125,-0.0074985,0,8.9933,0.09912,-4.8177e-05,4.7418
0.38672,-0.0025977,0,8.4822,-0.2031,0.00069978,20.705
0.38672,-0.0025977,0,8.4822,-0.2031,0.00069978,20.705
0.6125,-0.0024948,0,6.3205,0.076116,0.00093209,5.0432
0.6125,-0.0024948,0,6.3205,0.076116,0.00093209,5.0432
0.38671,0.0026347,0,8.4921,0.4678,0.0021302,20.517
0.38671,0.0026347,0,8.4921,0.4678,0.0021302,20.517
0.6125,0.0025043,0,5.6227,-0.40333,0.0011836,4.8458
0.6125,0.0025043,0,5.6227,-0.40333,0.0011836,4.8458
0.38676,0.0078116,0,8.8635,0.94588,0.0012253,17.272
0.38676,0.0078116,0,8.8635,0.94588,0.0012253,17.272
0.6125,0.0075003,0,8.7283,-0.64543,0.00016729,4.0811
0.60421,0.012587,0,10.141,-0.90328,-0.00019864,2.0021
0.39541,0.018169,0,9.842,1.7926,0.00038184,7.4378
0.57926,0.018229,0,11.1,-1.0289,-0.00046355,-5.836
0.42069,0.023302,0,11.783,1.6724,0.00036418,-13.796
0.42069,0.023302,0,11.783,1.6724,0.00036418,-13.796
0.42069,0.023302,0,11.783,1.6724,0.00036418,-13.796
0.52923,0.023309,0,11.826,-0.69396,-0.00034867,-13.358
0.46251,-0.028269,0,11.734,-0.036909,-0.00032297,-11.719
0.47086,-0.028266,0,11.685,0.11191,-0.00030584,-11.146
0.4792,-0.028263,0,11.62,0.2367,-0.00028975,-10.403
0.48755,-0.028259,0,11.544,0.34015,-0.00027404,-9.5423
0.49589,-0.028254,0,11.461,0.42466,-0.00025857,-8.5998
0.58754,-0.01809,0,10.283,0.43186,-0.00037439,3.9247
0.60417,-0.0175,0,10.258,0.21065,-0.00039309,4.2213
0.6125,-0.0125,0,10.06,0.11,-0.00044278,4.3603
0.6125,0.0125,0,10.1,-0.68219,-0.00022353,3.0331
0.60421,0.017615,0,10.539,-0.84127,-0.00033736,0.77551
0.42073,-0.028245,0,11.317,-1.1097,-0.00032509,-7.5912
0.4291,-0.028258,0,11.552,-0.88334,-0.00034436,-10.06
0.43746,-0.028265,0,11.687,-0.64261,-0.00035339,-11.426
0.44582,-0.028269,0,11.748,-0.41503,-0.00035081,-12.004
0.50422,-0.028248,0,11.372,0.49247,-0.00024239,-7.6006
0.54591,-0.023238,0,10.861,0.68987,-0.00028233,-2.1403
0.55424,-0.023215,0,10.749,0.6745,-0.00027187,-0.90477
0.43537,-0.019602,0,11.946,-0.80837,-0.00058584,-14.774
0.44372,-0.019612,0,11.978,-0.49774,-0.00066988,-15.066
0.46878,-0.019608,0,11.809,0.1516,-0.00047676,-13.171
0.59588,-0.017968,0,10.258,0.31171,-0.00037678,4.2107
0.55217,0.017081,0,11.407,-0.91353,-0.00060808,-10.566
0.57926,0.023182,0,11.15,-0.93224,-0.00026977,-5.5963
0.58762,0.023148,0,10.987,-0.92823,-0.0002447,-3.7658
0.41233,0.028228,0,11.231,1.5935,0.00014571,-7.2931
0.42071,0.028251,0,11.64,1.4457,9.0553e-05,-11.81
0.52923,0.02826,0,11.818,-0.6342,-0.00015187,-12.891
0.53757,0.028249,0,11.723,-0.68908,-0.00016115,-11.803
0.5459,0.028233,0,11.624,-0.73576,-0.00016542,-10.673
0.58134,-0.0095095,0,9.5303,0.61233,-0.00019795,4.8091
0.46043,-0.019614,0,11.889,-0.023937,-0.00054792,-14.064
0.4646,-0.019613,0,11.851,0.06817,-0.00050735,-13.636
0.40171,0.014518,0,10.054,2.6339,0.0011344,3.2166
0.43955,-0.019607,0,11.972,-0.6464,-0.00064842,-15.004
0.4479,-0.019613,0,11.97,-0.36159,-0.00066141,-14.963
0.47295,-0.019604,0,11.764,0.22708,-0.00045199,-12.679
0.53967,-0.014591,0,10.763,0.81232,-0.0003613,-3.2247
0.39304,-0.0066783,0,8.1973,-1.3115,-0.0010143,22.562
0.56051,-0.012068,0,10.255,0.81281,-0.00027181,0.45768
0.42278,0.019594,0,12.028,1.7763,0.0009462,-16.987
0.4604,0.022103,0,12.446,0.3219,-0.00031482,-20.787
0.46458,0.022104,0,12.431,0.21497,-0.00042086,-20.613
0.46875,0.022104,0,12.409,0.11598,-0.00050329,-20.367
0.47293,0.022103,0,12.383,0.024421,-0.00056415,-20.067
0.41442,-0.01709,0,11.348,-1.8889,-0.0001857,-9.2945
0.51049,-0.017106,0,11.252,0.67633,-0.0004007,-7.6927
0.59795,-0.0090831,0,9.4688,0.26013,-0.00025669,5.2936
0.45623,0.0221,0,12.455,0.43718,-0.00018266,-20.891
0.4771,0.0221,0,12.353,-0.060104,-0.00060682,-19.726
0.42073,-0.03072,0,11.275,-1.0354,-0.00026623,-6.9428
0.42073,-0.03072,0,11.275,-1.0354,-0.00026623,-6.9428
0.41654,-0.028239,0,11.159,-1.2008,-0.0003131,-5.9025
0.4291,-0.030732,0,11.496,-0.83679,-0.00028031,-9.3217
0.4291,-0.030732,0,11.496,-0.83679,-0.00028031,-9.3217
0.42491,-0.028253,0,11.448,-0.99955,-0.00033556,-8.9737
0.43746,-0.030739,0,11.63,-0.61845,-0.00028984,-10.697
0.43746,-0.030739,0,11.63,-0.61845,-0.00028984,-10.697
0.43328,-0.028262,0,11.63,-0.7616,-0.00035076,-10.865
0.44582,-0.030742,0,11.696,-0.40707,-0.00029063,-11.337
0.44582,-0.030484,0,11.701,-0.4079,-0.00029691,-11.407
0.44582,-0.030742,0,11.696,-0.40707,-0.00029063,-11.337
0.44164,-0.028267,0,11.725,-0.5255,-0.00035358,-11.798
0.46251,-0.030742,0,11.695,-0.047719,-0.00026828,-11.216
0.46251,-0.030742,0,11.695,-0.047719,-0.00026828,-11.216
0.47086,-0.03074,0,11.654,0.095793,-0.00025242,-10.72
0.47086,-0.03074,0,11.654,0.095793,-0.00025242,-10.72
0.46669,-0.028268,0,11.712,0.040914,-0.0003143,-11.46
0.4792,-0.030737,0,11.595,0.21685,-0.00023686,-10.045
0.4792,-0.030737,0,11.595,0.21685,-0.00023686,-10.045
0.47503,-0.028264,0,11.655,0.1773,-0.00029761,-10.795
0.48754,-0.030733,0,11.524,0.31763,-0.00022252,-9.2449
0.48754,-0.030733,0,11.524,0.31763,-0.00022252,-9.2449
0.48337,-0.028261,0,11.584,0.29104,-0.00028195,-9.9869
0.49588,-0.029442,0,11.453,0.41296,-0.00023486,-8.4828
0.49588,-0.030728,0,11.446,0.40029,-0.00020917,-8.356
0.49588,-0.030728,0,11.446,0.40029,-0.00020917,-8.356
0.49172,-0.028256,0,11.503,0.3847,-0.00026624,-9.0811
0.50422,-0.030723,0,11.361,0.46679,-0.00019636,-7.4043
0.50422,-0.030723,0,11.361,0.46679,-0.00019636,-7.4043
0.49807,-0.028252,0,11.438,0.4435,-0.0002543,-8.3417
0.50005,-0.028251,0,11.417,0.46058,-0.00025043,-8.1078
0.50839,-0.028245,0,11.325,0.52064,-0.00023489,-7.0864
0.54591,-0.025714,0,10.87,0.65908,-0.00023487,-2.1407
0.54591,-0.025714,0,10.87,0.65908,-0.00023487,-2.1407
0.55424,-0.025691,0,10.763,0.64391,-0.00022659,-0.95575
0.55424,-0.025691,0,10.763,0.64391,-0.00022659,-0.95575
0.55008,-0.023228,0,10.805,0.68428,-0.0002768,-1.525
0.55841,-0.023202,0,10.693,0.65964,-0.00026691,-0.28916
0.56184,-0.023189,0,10.648,0.64413,-0.00026436,0.21403
0.43537,-0.020841,0,11.907,-0.79741,-0.00047993,-14.215
0.43537,-0.020841,0,11.907,-0.79741,-0.00047993,-14.215
0.43328,-0.0196,0,11.928,-0.88132,-0.00055797,-14.594
0.43328,-0.0196,0,11.928,-0.88132,-0.00055797,-14.594
0.43955,-0.020845,0,11.938,-0.64176,-0.00051519,-14.514
0.43955,-0.020845,0,11.938,-0.64176,-0.00051519,-14.514
0.44373,-0.020848,0,11.951,-0.49784,-0.00053549,-14.611
0.44373,-0.020848,0,11.951,-0.49784,-0.00053549,-14.611
0.44164,-0.01961,0,11.977,-0.57034,-0.00066337,-15.063
0.4479,-0.020849,0,11.947,-0.3654,-0.00053772,-14.547
0.4479,-0.020849,0,11.947,-0.3654,-0.00053772,-14.547
0.46043,-0.02085,0,11.879,-0.033927,-0.00047774,-13.751
0.46043,-0.02085,0,11.879,-0.033927,-0.00047774,-13.751
0.4646,-0.020849,0,11.844,0.056956,-0.00045278,-13.354
0.4646,-0.020849,0,11.844,0.056956,-0.00045278,-13.354
0.46878,-0.019847,0,11.808,0.14926,-0.00046876,-13.122
0.46878,-0.020846,0,11.804,0.13948,-0.00043529,-12.914
0.46878,-0.020846,0,11.804,0.13948,-0.00043529,-12.914
0.46842,-0.019609,0,11.812,0.14465,-0.00047927,-13.212
0.46669,-0.019611,0,11.83,0.11088,-0.00049145,-13.409
0.47295,-0.020843,0,11.763,0.21447,-0.00041999,-12.446
0.47295,-0.020843,0,11.763,0.21447,-0.00041999,-12.446
0.47504,-0.019601,0,11.746,0.25429,-0.00044321,-12.478
0.47504,-0.019601,0,11.746,0.25429,-0.00044321,-12.478
0.58754,-0.01845,0,10.291,0.43016,-0.00036646,3.8773
0.58754,-0.020567,0,10.333,0.42014,-0.00031976,3.5978
0.58754,-0.020567,0,10.333,0.42014,-0.00031976,3.5978
0.59587,-0.020301,0,10.304,0.31138,-0.00032631,3.9209
0.59587,-0.020301,0,10.304,0.31138,-0.00032631,3.9209
0.58762,-0.01809,0,10.283,0.43069,-0.00037442,3.9287
0.59169,-0.018053,0,10.267,0.36884,-0.00037633,4.1368
0.60417,-0.02,0,10.301,0.21537,-0.00034001,3.9685
0.60417,-0.02,0,10.301,0.21537,-0.00034001,3.9685
0.6,-0.0175,0,10.253,0.2594,-0.00038346,4.2451
0.59982,-0.017521,0,10.254,0.26171,-0.00038316,4.2436
0.60833,-0.0175,0,10.268,0.17565,-0.00039537,4.1327
0.60833,-0.0175,0,10.268,0.17565,-0.00039537,4.1327
0.53967,-0.015828,0,10.831,0.79732,-0.00040313,-3.191
0.53967,-0.015828,0,10.831,0.79732,-0.00040313,-3.191
0.54175,-0.014587,0,10.743,0.81263,-0.00036798,-2.9397
0.54175,-0.014587,0,10.743,0.81263,-0.00036798,-2.9397
0.6125,-0.015,0,10.203,0.11949,-0.00044496,4.1703
0.6125,-0.015,0,10.203,0.11949,-0.00044496,4.1703
0.61667,-0.0125,0,10.077,0.082566,-0.00043392,4.1717
0.61667,-0.0125,0,10.077,0.082566,-0.00043392,4.1717
0.58133,-0.01074,0,9.7844,0.60268,-0.00030404,4.6308
0.58133,-0.01074,0,9.7844,0.60268,-0.00030404,4.6308
0.58332,-0.0094962,0,9.5198,0.57924,-0.00021555,5.0814
0.58341,-0.0094956,0,9.5194,0.57784,-0.00021629,5.0929
0.58341,-0.0094956,0,9.5194,0.57784,-0.00021629,5.0929
0.59795,-0.010326,0,9.7114,0.26697,-0.00033625,5.1603
0.59795,-0.010326,0,9.7114,0.26697,-0.00033625,5.1603
0.6,-0.0087494,0,9.4079,0.24278,-0.00023416,5.2599
0.59933,-0.008859,0,9.4279,0.24848,-0.00024156,5.2709
0.6,-0.0087494,0,9.4079,0.24278,-0.00023416,5.2599
0.39092,-0.0066022,0,8.3567,-1.0431,-0.0006529,21.528
0.39092,-0.0066022,0,8.3567,-1.0431,-0.0006529,21.528
0.61667,0.0125,0,10.117,-0.61149,-0.0002198,3.0398
0.61667,0.0125,0,10.117,-0.61149,-0.0002198,3.0398
0.39959,0.014491,0,9.8489,2.499,0.00087605,5.841
0.39959,0.014491,0,9.8489,2.499,0.00087605,5.841
0.40172,0.015763,0,10.145,2.5029,0.00082765,2.7891
0.40172,0.015763,0,10.145,2.5029,0.00082765,2.7891
0.6125,0.015,0,10.317,-0.67951,-0.00026989,2.5325
0.6125,0.015,0,10.317,-0.67951,-0.00026989,2.5325
0.60833,0.0175,0,10.493,-0.76698,-0.00030963,1.4038
0.60833,0.0175,0,10.493,-0.76698,-0.00030963,1.4038
0.42278,0.020832,0,11.982,1.7243,0.00086396,-16.257
0.42278,0.020832,0,11.982,1.7243,0.00086396,-16.257
0.45832,0.022101,0,12.451,0.3782,-0.00025333,-20.844
0.46667,0.022105,0,12.421,0.16445,-0.00046502,-20.499
0.47501,0.022102,0,12.368,-0.018773,-0.00058538,-19.9
0.58344,0.023165,0,11.072,-0.93461,-0.00025715,-4.7206
0.5918,0.023129,0,10.916,-0.90611,-0.00022842,-2.9411
0.5918,0.023129,0,10.916,-0.90611,-0.00022842,-2.9411
0.60421,0.020114,0,10.608,-0.80819,-0.00026684,0.3433
0.60421,0.020114,0,10.608,-0.80819,-0.00026684,0.3433
0.40815,0.028216,0,11.038,1.6072,0.00016304,-4.9754
0.40815,0.028216,0,11.038,1.6072,0.00016304,-4.9754
0.41652,0.028241,0,11.448,1.5333,0.0001174,-9.7222
0.5334,0.028255,0,11.771,-0.66278,-0.00015708,-12.353
0.54174,0.028242,0,11.674,-0.71346,-0.00016391,-11.244
0.54066,0.028243,0,11.687,-0.70718,-0.0001632,-11.388
0.54249,0.02824,0,11.665,-0.71747,-0.00016418,-11.142
0.55007,0.028224,0,11.573,-0.75628,-0.00016546,-10.092
0.57925,0.025661,0,11.156,-0.88961,-0.00019903,-5.5318
0.57926,0.023925,0,11.152,-0.91946,-0.00024857,-5.577
0.57925,0.025661,0,11.156,-0.88961,-0.00019903,-5.5318
0.58761,0.025631,0,11.003,-0.88042,-0.00017612,-3.8089
0.58761,0.025631,0,11.003,-0.88042,-0.00017612,-3.8089
0.41234,0.030706,0,11.222,1.4873,0.00013202,-6.8872
0.41234,0.030706,0,11.222,1.4873,0.00013202,-6.8872
0.42071,0.030726,0,11.597,1.3543,8.5569e-05,-11.107
0.42071,0.028764,0,11.631,1.4268,8.952e-05,-11.664
0.42071,0.030726,0,11.597,1.3543,8.5569e-05,-11.107
0.52923,0.030734,0,11.807,-0.60762,-0.00011655,-12.687
0.52923,0.030734,0,11.807,-0.60762,-0.00011655,-12.687
0.53756,0.030725,0,11.715,-0.66122,-0.00012039,-11.626
0.53756,0.030725,0,11.715,-0.66122,-0.00012039,-11.626
0.5459,0.03071,0,11.618,-0.70658,-0.00012118,-10.519
0.5459,0.03071,0,11.618,-0.70658,-0.00012118,-10.519
0.51257,-0.017104,0,11.231,0.68552,-0.0004031,-7.4362
0.51257,-0.017104,0,11.231,0.68552,-0.0004031,-7.4362
0.56163,-0.012065,0,10.245,0.80814,-0.00027867,0.63858
0.56259,-0.012062,0,10.236,0.80415,-0.00028453,0.79294
0.56259,-0.012062,0,10.236,0.80415,-0.00028453,0.79294
0.55425,0.017076,0,11.391,-0.92187,-0.00059944,-10.305
0.55425,0.017076,0,11.391,-0.92187,-0.00059944,-10.305
0.45414,0.022098,0,12.455,0.48819,-0.00011441,-20.898
0.45414,0.022098,0,12.455,0.48819,-0.00011441,-20.898
0.46249,0.022104,0,12.44,0.26737,-0.00037039,-20.712
0.47084,0.022104,0,12.396,0.06925,-0.00053661,-20.224
0.47903,0.022099,0,12.34,-0.089327,-0.00061366,-19.595
0.47919,0.022099,0,12.339,-0.091663,-0.0006142,-19.584
0.47919,0.022099,0,12.339,-0.091663,-0.0006142,-19.584
0.41232,-0.017083,0,11.213,-1.963,-0.00019992,-7.893
0.41232,-0.017083,0,11.213,-1.963,-0.00019992,-7.893
0.43746,-0.019604,0,11.961,-0.72502,-0.00062148,-14.901
0.44581,-0.019614,0,11.976,-0.42797,-0.00066921,-15.032
0.46252,-0.019615,0,11.871,0.023396,-0.00052619,-13.856
0.47086,-0.019606,0,11.787,0.19034,-0.00046181,-12.928
0.39309,-0.0080251,0,8.4238,-1.3975,-0.00092872,20.725
0.39309,-0.0080251,0,8.4238,-1.3975,-0.00092872,20.725
0.41442,-0.01833,0,11.308,-1.8074,-0.00022215,-8.5559
0.41442,-0.01833,0,11.308,-1.8074,-0.00022215,-8.5559
0.51049,-0.018345,0,11.286,0.66121,-0.00041322,-7.5953
0.51049,-0.018345,0,11.286,0.66121,-0.00041322,-7.5953
0.56051,-0.013304,0,10.391,0.79798,-0.00035872,0.43521
0.56051,-0.013102,0,10.369,0.8004,-0.00034454,0.43888
0.56051,-0.013304,0,10.391,0.79798,-0.00035872,0.43521
0.59583,-0.0093357,0,9.5191,0.28217,-0.00028341,5.4477
0.59583,-0.0093357,0,9.5191,0.28217,-0.00028341,5.4477
0.55217,0.018318,0,11.471,-0.90043,-0.00060424,-10.474
0.55217,0.018318,0,11.471,-0.90043,-0.00060424,-10.474
0.4215,0.019591,0,11.977,1.8264,0.00096499,-16.449
0.42069,0.01959,0,11.944,1.8581,0.00097687,-16.109
0.42069,0.01959,0,11.944,1.8581,0.00097687,-16.109
0.4604,0.023341,0,12.427,0.32486,2.3549e-05,-20.418
0.4604,0.023341,0,12.427,0.32486,2.3549e-05,-20.418
0.45623,0.02334,0,12.432,0.43803,0.00010554,-20.484
0.45623,0.02334,0,12.432,0.43803,0.00010554,-20.484
0.46458,0.023342,0,12.416,0.21986,-7.1819e-05,-20.269
0.46458,0.023342,0,12.416,0.21986,-7.1819e-05,-20.269
0.46875,0.023342,0,12.397,0.12247,-0.00015506,-20.049
0.46875,0.023342,0,12.397,0.12247,-0.00015506,-20.049
0.47293,0.023341,0,12.374,0.03228,-0.00022378,-19.772
0.47293,0.023341,0,12.374,0.03228,-0.00022378,-19.772
0.4771,0.02334,0,12.347,-0.051527,-0.0002695,-19.453
0.4771,0.02334,0,12.347,-0.051527,-0.0002695,-19.453
0.56258,-0.023186,0,10.638,0.64076,-0.00026381,0.32309
0.39546,0.023148,0,10.147,1.5722,0.00025926,4.6971
0.46249,0.033234,0,12.223,0.27816,-3.9983e-05,-17.487
0.47084,0.033235,0,12.222,0.11446,-5.2196e-05,-17.444
0.47918,0.033233,0,12.197,-0.029676,-6.4395e-05,-17.127
0.41235,-0.028227,0,10.974,-1.2691,-0.00030382,-3.8807
0.51256,-0.028243,0,11.279,0.54543,-0.00022949,-6.5631
0.55424,0.028214,0,11.521,-0.77509,-0.00016556,-9.4982
0.45415,0.033233,0,12.195,0.46286,-2.8218e-05,-17.246
0.41237,-0.030705,0,10.959,-1.1776,-0.00025607,-3.4716
0.41237,-0.030705,0,10.959,-1.1776,-0.00025607,-3.4716
0.40815,-0.028212,0,10.806,-1.2934,-0.00029819,-1.899
0.40815,-0.028212,0,10.806,-1.2934,-0.00029819,-1.899
0.51256,-0.030717,0,11.272,0.51877,-0.00018545,-6.4118
0.51256,-0.030717,0,11.272,0.51877,-0.00018545,-6.4118
0.51673,-0.028239,0,11.239,0.55995,-0.00022367,-6.1278
0.51673,-0.028239,0,11.239,0.55995,-0.00022367,-6.1278
0.56258,-0.025662,0,10.656,0.61071,-0.00022006,0.21495
0.56258,-0.025662,0,10.656,0.61071,-0.00022006,0.21495
0.56674,-0.023171,0,10.593,0.61729,-0.00025967,0.82354
0.56674,-0.023171,0,10.593,0.61729,-0.00025967,0.82354
0.39121,0.023076,0,10.033,1.4098,0.00026042,6.1301
0.39121,0.023076,0,10.033,1.4098,0.00026042,6.1301
0.39547,0.025243,0,10.236,1.4966,0.00022805,3.9628
0.39548,0.025633,0,10.253,1.4825,0.00022223,3.8258
0.39548,0.025633,0,10.253,1.4825,0.00022223,3.8258
0.55841,0.028204,0,11.477,-0.78563,-0.00016213,-8.9958
0.55841,0.028204,0,11.477,-0.78563,-0.00016213,-8.9958
0.44997,0.033232,0,12.171,0.54715,-2.1069e-05,-17.018
0.44997,0.033232,0,12.171,0.54715,-2.1069e-05,-17.018
0.45853,0.033234,0,12.213,0.36234,-3.456e-05,-17.396
0.45832,0.033234,0,12.213,0.3669,-3.4266e-05,-17.391
0.46667,0.033235,0,12.226,0.19352,-4.6012e-05,-17.512
0.47501,0.033234,0,12.211,0.039627,-5.7925e-05,-17.312
0.48335,0.033232,0,12.181,-0.081667,-6.7621e-05,-16.955
0.48335,0.033232,0,12.181,-0.081667,-6.7621e-05,-16.955
0.55424,0.030692,0,11.517,-0.7443,-0.00011824,-9.3696
0.55424,0.030692,0,11.517,-0.7443,-0.00011824,-9.3696
0.45415,0.035706,0,12.139,0.44811,-1.8551e-05,-16.595
0.45415,0.035706,0,12.139,0.44811,-1.8551e-05,-16.595
0.46249,0.034956,0,12.188,0.27544,-3.2125e-05,-17.104
0.46249,0.035707,0,12.173,0.27425,-2.8695e-05,-16.936
0.46249,0.035707,0,12.173,0.27425,-2.8695e-05,-16.936
0.47084,0.035707,0,12.178,0.11857,-3.9027e-05,-16.948
0.47084,0.035707,0,12.178,0.11857,-3.9027e-05,-16.948
0.47918,0.035706,0,12.16,-0.02038,-4.8175e-05,-16.695
0.47918,0.035706,0,12.16,-0.02038,-4.8175e-05,-16.695
0.60005,0.00024711,0,0,0,0,3.8496
0.59953,0.00042436,0,0,0,0,3.4113
0.59869,-0.0003055,0,2.9746,-0.12056,0.0004106,5.2804
0.59869,-0.00017788,0,0,0,0,5.0678
0.59869,-0.0003055,0,2.9746,-0.12056,0.0004106,5.2804
0.59784,-0.00013977,0,0,0,0,6.0902
0.59957,0.00050035,0,0.5229,-0.23121,0.00023375,3.3193
0.59953,0.00042436,0,0,0,0,3.4113
0.59957,0.00050035,0,0.5229,-0.23121,0.00023375,3.3193
0.42499,-0.0098567,0,8.648,-1.0044,0.00426,-20.009
0.42501,-0.0097014,0,7.0667,-0.81881,0.0037347,-20.086
0.42612,-0.0096924,0,0,0,0,-20.098
0.42502,-0.009572,0,0,0,0,-20.117
0.42612,-0.0096924,0,0,0,0,-20.098
0.42609,-0.0099773,0,8.5525,-0.93594,0.0041743,-19.992
0.42633,-0.010001,0,8.5321,-0.92094,0.0041564,-19.968
0.42612,-0.0096924,0,0,0,0,-20.098
0.42611,-0.0098219,0,6.9697,-0.75989,0.0036399,-20.068
0.42634,-0.0098459,0,6.95,-0.74744,0.0036207,-20.043
0.42629,-0.0097094,0,0,0,0,-20.08
0.49273,-0.0097807,0,5.4835,0.35163,0.0014645,-11.205
0.49274,-0.0097805,0,5.4834,0.35164,0.0014645,-11.204
0.49274,-0.0097802,0,5.4832,0.35166,0.0014644,-11.203
0.49272,-0.0094947,0,0,0,0,-11.216
0.49272,-0.0096247,0,4.3175,0.27859,0.0011836,-11.213
0.49273,-0.0096246,0,4.3175,0.2786,0.0011836,-11.213
0.49273,-0.0096245,0,4.3175,0.2786,0.0011835,-11.213
0.49272,-0.0094947,0,0,0,0,-11.216
0.4917,-0.0098478,0,5.5103,0.34752,0.0014731,-11.388
0.49109,-0.0098863,0,5.5173,0.34645,0.0014803,-11.433
0.49169,-0.0096919,0,4.3408,0.27514,0.0011881,-11.392
0.49108,-0.0097306,0,4.346,0.27385,0.0011921,-11.44
0.49168,-0.009562,0,0,0,0,-11.394
0.49107,-0.0096008,0,0,0,0,-11.443
0.55013,-0.0046528,0,4.091,0.43383,0.00059455,-1.5327
0.55103,-0.0045556,0,4.0619,0.43258,0.00058475,-1.3282
0.55201,-0.0044491,0,4.0268,0.42872,0.0005723,-1.1408
0.55006,-0.0045035,0,3.1434,0.33525,0.00046704,-1.5495
0.55101,-0.0044003,0,3.1177,0.33423,0.00045943,-1.3325
0.552,-0.0042924,0,3.0865,0.33135,0.00044887,-1.1424
0.551,-0.0042708,0,0,0,0,-1.3341
0.54993,-0.0046739,0,4.097,0.43422,0.00059679,-1.5751
0.55002,-0.0046643,0,4.0945,0.43398,0.00059572,-1.5569
0.54999,-0.0043795,0,0,0,0,-1.5625
0.54996,-0.0045133,0,3.1457,0.33537,0.00046779,-1.569
0.55001,-0.0045089,0,3.1447,0.3353,0.00046744,-1.5609
0.54999,-0.0043795,0,0,0,0,-1.5625
0.53296,0.010142,0,5.1519,-0.43646,0.0018004,-13.922
0.53328,0.010114,0,5.143,-0.43634,0.0017994,-13.88
0.53325,0.0098289,0,0,0,0,-13.887
0.53295,0.0099859,0,4.0522,-0.34537,0.0014639,-13.927
0.53327,0.0099586,0,4.0442,-0.34535,0.0014634,-13.885
0.53325,0.0098289,0,0,0,0,-13.887
0.53225,0.0099154,0,0,0,0,-14.019
0.53434,0.010022,0,5.1128,-0.44223,0.0017852,-13.699
0.53433,0.010023,0,5.113,-0.4421,0.0017858,-13.702
0.5343,0.0097378,0,0,0,0,-13.712
0.53432,0.0098668,0,4.016,-0.34864,0.0014507,-13.708
0.53431,0.0098675,0,4.016,-0.3486,0.0014509,-13.709
0.5343,0.0097378,0,0,0,0,-13.712
0.43339,-0.010605,0,7.996,-0.56707,0.0037179,-19.698
0.43341,-0.010319,0,0,0,0,-19.768
0.4334,-0.010449,0,6.4543,-0.4542,0.0031751,-19.749
0.43341,-0.010319,0,0,0,0,-19.768
0.43341,-0.010319,0,0,0,0,-19.768
0.43229,-0.010527,0,8.0814,-0.61157,0.0037708,-19.782
0.4323,-0.010371,0,6.5351,-0.49156,0.0032258,-19.832
0.43231,-0.010241,0,0,0,0,-19.851
0.48335,-0.010343,0,5.7458,0.30377,0.0016492,-12.653
0.48337,-0.010342,0,5.7451,0.30389,0.0016484,-12.649
0.48333,-0.010057,0,0,0,0,-12.666
0.48334,-0.010187,0,4.5433,0.24205,0.0013406,-12.662
0.48335,-0.010186,0,4.543,0.24209,0.0013402,-12.66
0.48333,-0.010057,0,0,0,0,-12.666
0.48333,-0.010057,0,0,0,0,-12.666
0.48231,-0.010398,0,5.776,0.29713,0.0016734,-12.821
0.4823,-0.010242,0,4.5659,0.23654,0.0013618,-12.832
0.4823,-0.010112,0,0,0,0,-12.836
0.48459,-0.010274,0,5.7092,0.30999,0.0016053,-12.458
0.48439,-0.010286,0,5.7152,0.30899,0.0016123,-12.49
0.48458,-0.010118,0,4.5136,0.24707,0.0012988,-12.466
0.48438,-0.01013,0,4.5187,0.24628,0.0013053,-12.498
0.48458,-0.0099882,0,0,0,0,-12.468
0.48437,-0.0099998,0,0,0,0,-12.5
0.42393,-0.009733,0,8.732,-1.0736,0.0043438,-19.941
0.42395,-0.0095778,0,7.1514,-0.87795,0.003829,-20.025
0.42396,-0.0094485,0,0,0,0,-20.059
0.42296,-0.0093241,0,0,0,0,-20
0.49063,-0.0099159,0,5.5228,0.34563,0.0014859,-11.469
0.49032,-0.0099348,0,5.5279,0.3428,0.0014958,-11.515
0.49062,-0.0097599,0,4.3499,0.27287,0.0011951,-11.476
0.49032,-0.0097788,0,4.3534,0.27092,0.0012039,-11.523
0.49061,-0.00963,0,0,0,0,-11.479
0.49031,-0.0096488,0,0,0,0,-11.526
0.54168,-0.0055452,0,4.2904,0.44127,0.00069112,-3.0348
0.5406,-0.0056571,0,4.3048,0.43635,0.00071514,-3.2125
0.54167,-0.0053898,0,3.3113,0.34134,0.00054145,-3.0381
0.54057,-0.0055026,0,3.3205,0.33828,0.00056029,-3.2196
0.54165,-0.0052603,0,0,0,0,-3.0393
0.54055,-0.0053738,0,0,0,0,-3.2229
0.54058,-0.0056587,0,4.305,0.43628,0.00071551,-3.2152
0.54055,-0.0053738,0,0,0,0,-3.2229
0.54056,-0.0055033,0,3.3205,0.33826,0.00056042,-3.2208
0.54055,-0.0053738,0,0,0,0,-3.2229
0.54275,-0.0054346,0,4.2782,0.43868,0.00068589,-2.9005
0.54273,-0.0052791,0,3.3023,0.33995,0.00053956,-2.9015
0.54272,-0.0051496,0,0,0,0,-2.9022
0.39976,0.00061274,0,1.3164,1.742,0.03497,58.988
0.39971,1.9754e-08,0,1.08,-0.0054121,0.028771,61.322
0.39991,0.00059611,0,0.96937,1.8412,0.039835,60.932
0.39987,3.1604e-06,0,0.71966,-0.010533,0.033171,63.568
0.4,5.7777e-06,0,0,0,0,64.503
0.39979,-0.00062691,0,1.4053,-1.785,0.02252,58.838
0.39994,-0.00059543,0,1.0569,-1.8714,0.02631,60.798
0.40007,-0.0005692,0,0,0,0,61.615
0.40024,-0.0011367,0,0,0,0,53.723
0.549,-0.0047747,0,4.1235,0.43665,0.00060795,-1.7654
0.54799,-0.0048823,0,4.1363,0.43893,0.00062431,-1.9014
0.54898,-0.0046194,0,3.1702,0.33714,0.00047645,-1.767
0.54794,-0.0047307,0,3.1804,0.33833,0.00049149,-1.9097
0.54897,-0.0044899,0,0,0,0,-1.7679
0.59223,-0.00034098,0,3.1932,0.053811,0.00042963,7.4255
0.59167,-0.00034717,0,3.1546,0.068452,0.00046877,7.4636
0.59167,-6.0745e-05,0,0,0,0,7.4901
0.59222,-0.00018474,0,2.4679,0.037286,0.00034438,7.4461
0.59167,-0.00019094,0,2.4335,0.049004,0.00037121,7.4831
0.59167,-6.0745e-05,0,0,0,0,7.4901
0.59201,-5.687e-05,0,0,0,0,7.4672
0.59062,-8.2541e-05,0,0,0,0,7.5247
0.59063,-0.00036891,0,3.0926,0.094811,0.00059366,7.4996
0.59062,-8.2541e-05,0,0,0,0,7.5247
0.59063,-0.00021271,0,2.3785,0.069858,0.00048506,7.5181
0.59271,-0.00033557,0,3.2268,0.041027,0.00039546,7.3922
0.59271,-4.912e-05,0,0,0,0,7.4215
0.59271,-0.00017933,0,2.4979,0.027054,0.00032094,7.4137
0.59271,-4.912e-05,0,0,0,0,7.4215
0.39976,0.00062777,0,1.3222,1.7849,0.035122,58.931
0.39991,0.00060252,0,0.97207,1.8612,0.039908,60.903
0.40004,0.00058148,0,0,0,0,61.726
0.40004,0.00058148,0,0,0,0,61.726
0.40004,0.00058148,0,0,0,0,61.726
0.5826,0.0048318,0,4.294,-0.61982,0.0010597,-6.9793
0.58369,0.0046637,0,4.2221,-0.64772,0.00097451,-6.729
0.58335,0.0047189,0,4.2549,-0.64027,0.0010027,-6.8436
0.58261,0.0046729,0,3.3215,-0.481,0.00080499,-7.0007
0.58366,0.0045102,0,3.2441,-0.50104,0.00072587,-6.7605
0.58333,0.0045646,0,3.2776,-0.49581,0.00075179,-6.8721
0.58261,0.0045406,0,0,0,0,-7.0064
0.58364,0.0043822,0,0,0,0,-6.773
0.58331,0.0044359,0,0,0,0,-6.8829
0.58231,0.0048764,0,4.3093,-0.61175,0.0010822,-7.0329
0.58154,0.0049832,0,4.3255,-0.58625,0.0011248,-7.1003
0.58228,0.0047217,0,3.3413,-0.47431,0.00082899,-7.0587
0.58135,0.0048516,0,3.3676,-0.45088,0.0008809,-7.1352
0.58226,0.0045929,0,0,0,0,-7.0681
0.58435,0.0045573,0,4.1589,-0.66209,0.00092017,-6.5081
0.58432,0.0044032,0,3.1782,-0.51132,0.0006749,-6.5409
0.5843,0.0042748,0,0,0,0,-6.5534
0.58533,0.0040975,0,0,0,0,-6.111
0.41705,0.0095155,0,9.532,2.0851,0.010847,-22.902
0.41771,0.0096568,0,9.4872,2.0079,0.010665,-23.081
0.41689,0.0093215,0,8.0067,1.772,0.010154,-23.003
0.41774,0.0095039,0,7.9324,1.6821,0.009886,-23.226
0.41777,0.0093764,0,0,0,0,-23.285
0.41668,0.009437,0,9.5568,2.128,0.010949,-22.802
0.41674,0.0091572,0,0,0,0,-23.021
0.41671,0.0092844,0,8.0218,1.7903,0.010208,-22.957
0.41674,0.0091572,0,0,0,0,-23.021
0.41674,0.0091572,0,0,0,0,-23.021
0.54161,0.0093632,0,4.9609,-0.45897,0.0016837,-12.62
0.5416,0.0092076,0,3.8855,-0.36085,0.0013604,-12.627
0.54159,0.009078,0,0,0,0,-12.63
0.54271,0.0092604,0,4.95,-0.46653,0.0016476,-12.469
0.5427,0.0091044,0,3.8786,-0.36591,0.0013305,-12.473
0.54054,0.0091753,0,0,0,0,-12.812
0.54057,0.0094606,0,4.9913,-0.45351,0.0017124,-12.805
0.54054,0.0091753,0,0,0,0,-12.812
0.54056,0.009305,0,3.9142,-0.35789,0.0013866,-12.81
0.54054,0.0091753,0,0,0,0,-12.812
0.41149,-0.0075445,0,9.6739,-2.4876,0.0062264,-17.168
0.41254,-0.0078021,0,9.6272,-2.3058,0.0059761,-17.774
0.41341,-0.007999,0,9.5745,-2.1677,0.0057798,-18.181
0.41153,-0.0073928,0,8.3068,-2.151,0.0060282,-17.427
0.41258,-0.00765,0,8.2157,-1.9789,0.005727,-18.005
0.41344,-0.0078438,0,8.133,-1.8509,0.0054974,-18.39
0.41261,-0.0075233,0,0,0,0,-18.101
0.41345,-0.0077145,0,0,0,0,-18.475
0.41149,-0.0075441,0,9.674,-2.4879,0.0062268,-17.167
0.41156,-0.0072665,0,0,0,0,-17.536
0.41153,-0.0073927,0,8.3069,-2.1511,0.0060284,-17.427
0.41156,-0.0072665,0,0,0,0,-17.536
0.49583,-0.0095726,0,5.3921,0.36267,0.0014148,-10.655
0.49582,-0.0094167,0,4.2439,0.2876,0.0011387,-10.662
0.49582,-0.0095739,0,5.3926,0.36262,0.0014152,-10.658
0.49581,-0.0092868,0,0,0,0,-10.665
0.49581,-0.0094173,0,4.2441,0.28758,0.0011388,-10.663
0.49581,-0.0092868,0,0,0,0,-10.665
0.49581,-0.0092868,0,0,0,0,-10.665
0.4948,-0.009643,0,5.4227,0.35985,0.0014349,-10.808
0.49421,-0.0096826,0,5.439,0.35782,0.0014443,-10.907
0.49479,-0.0094871,0,4.2703,0.2853,0.0011578,-10.815
0.4942,-0.0095267,0,4.2826,0.2836,0.0011664,-10.915
0.49478,-0.0093572,0,0,0,0,-10.817
0.49419,-0.0093968,0,0,0,0,-10.918
0.5167,-0.0079339,0,4.8818,0.42046,0.0010922,-7.3195
0.51668,-0.0076485,0,0,0,0,-7.3224
0.51669,-0.0077783,0,3.811,0.32942,0.00086908,-7.3213
0.51668,-0.0076485,0,0,0,0,-7.3224
0.51668,-0.0076485,0,0,0,0,-7.3224
0.51774,-0.0078432,0,4.8582,0.42098,0.0010778,-7.1366
0.51772,-0.0076876,0,3.7904,0.33006,0.00085719,-7.1417
0.51781,-0.0078371,0,4.8562,0.42102,0.0010771,-7.1226
0.51771,-0.0075578,0,0,0,0,-7.1438
0.51776,-0.0076847,0,3.7896,0.33008,0.00085693,-7.1352
0.51771,-0.0075578,0,0,0,0,-7.1438
0.52027,-0.0076179,0,4.7851,0.4216,0.0010465,-6.6729
0.52078,-0.0075724,0,4.769,0.42081,0.0010393,-6.5955
0.52026,-0.0074621,0,3.7286,0.3307,0.00083286,-6.6772
0.52076,-0.0074167,0,3.7139,0.33015,0.00082656,-6.5999
0.52025,-0.0073323,0,0,0,0,-6.6787
0.52075,-0.0072871,0,0,0,0,-6.6018
0.51977,-0.0076629,0,4.8009,0.42238,0.0010536,-6.7494
0.51976,-0.0075073,0,3.7431,0.33125,0.00083913,-6.754
0.51974,-0.0073776,0,0,0,0,-6.7557
0.40419,-0.0049909,0,8.91,-4.4795,0.0077831,-4.6863
0.40467,-0.0052202,0,9.0837,-4.3016,0.0077058,-6.3951
0.40423,-0.005016,0,8.9354,-4.4616,0.0077732,-4.922
0.40436,-0.0047602,0,0,0,0,-6.032
0.40428,-0.0048638,0,8.2293,-4.2331,0.0085191,-5.5692
0.40474,-0.0050792,0,8.3279,-4.0396,0.008342,-7.1034
0.4043,-0.0048765,0,8.2391,-4.2222,0.0085076,-5.6868
0.40436,-0.0047602,0,0,0,0,-6.032
0.40483,-0.0049782,0,0,0,0,-7.5357
0.40318,-0.0044474,0,8.3603,-4.8679,0.0079975,0.4167
0.40326,-0.0043132,0,7.8043,-4.7067,0.0090208,-0.45386
0.40333,-0.0042013,0,0,0,0,-0.85308
0.40237,-0.00358,0,0,0,0,6.7559
0.40139,-0.0031622,0,6.3301,-5.3355,0.0093798,18.208
0.40161,-0.0033376,0,6.6445,-5.2988,0.0091305,15.495
0.40158,-0.0029507,0,0,0,0,16.99
0.4015,-0.0030468,0,5.9709,-5.3595,0.01111,17.387
0.40171,-0.0032193,0,6.2633,-5.2983,0.010761,14.637
0.40158,-0.0029507,0,0,0,0,16.99
0.40164,-0.0029991,0,0,0,0,16.203
0.40077,-0.0025273,0,4.9531,-5.0923,0.011044,30.214
0.40043,-0.002067,0,3.9203,-4.602,0.012977,38.703
0.40099,-0.002343,0,0,0,0,29.612
0.40089,-0.0024268,0,4.6353,-5.1879,0.013203,29.831
0.40056,-0.0019801,0,3.6071,-4.7262,0.015455,38.805
0.40099,-0.002343,0,0,0,0,29.612
0.40069,-0.0019326,0,0,0,0,38.283
0.56669,-0.0027904,0,3.6091,0.41181,0.00040139,1.9452
0.56665,-0.0027946,0,3.6104,0.41198,0.00040201,1.9363
0.56667,-0.0026352,0,2.7393,0.31519,0.00030894,1.9408
0.56665,-0.0026372,0,2.7398,0.31525,0.0003092,1.9366
0.56666,-0.0025058,0,0,0,0,1.939
0.56666,-0.0025058,0,0,0,0,1.939
0.56666,-0.0025058,0,0,0,0,1.939
0.56766,-0.0023883,0,0,0,0,2.2016
0.56769,-0.0026728,0,3.5669,0.40854,0.00038875,2.2085
0.56804,-0.0026319,0,3.5509,0.40657,0.00038422,2.2902
0.56766,-0.0023883,0,0,0,0,2.2016
0.56767,-0.0025176,0,2.7041,0.31263,0.00029912,2.2035
0.56786,-0.0024964,0,2.6968,0.31184,0.00029716,2.246
0.40068,0.0025913,0,4.7597,5.2629,0.040984,30.147
0.40081,0.0024952,0,4.4375,5.3471,0.045526,29.776
0.40091,0.0024152,0,0,0,0,29.564
0.40091,0.0024152,0,0,0,0,29.564
0.40091,0.0024152,0,0,0,0,29.564
0.40047,0.0017724,0,0,0,0,42.754
0.40023,0.0019119,0,3.3091,4.5046,0.04265,42.317
0.40047,0.0017724,0,0,0,0,42.754
0.40036,0.0018358,0,2.9931,4.6297,0.047537,42.646
0.40047,0.0017724,0,0,0,0,42.754
0.59477,0.0022118,0,2.3042,-0.59924,7.3023e-05,0.053418
0.59469,0.0019363,0,0,0,0,0.014521
0.59473,0.0020616,0,1.5759,-0.42111,-1.1116e-05,0.025005
0.59469,0.0019363,0,0,0,0,0.014521
0.59469,0.0019363,0,0,0,0,0.014521
0.59581,0.0019099,0,2.0794,-0.56291,5.3183e-05,0.85232
0.59573,0.0016357,0,0,0,0,0.81464
0.59576,0.0017603,0,1.4024,-0.3905,-1.2603e-05,0.82479
0.59573,0.0016357,0,0,0,0,0.81464
0.59573,0.0016357,0,0,0,0,0.81464
0.40844,0.0071445,0,9.7558,3.5271,0.015222,-16.848
0.40838,0.0071224,0,9.7532,3.5418,0.015279,-16.767
0.40846,0.0069856,0,8.5781,3.1418,0.015396,-17.185
0.40843,0.0069755,0,8.5789,3.1486,0.015428,-17.149
0.40848,0.006853,0,0,0,0,-17.314
0.40848,0.006853,0,0,0,0,-17.314
0.40941,0.0074808,0,9.7957,3.3038,0.014355,-18.091
0.40946,0.0073327,0,8.5499,2.9106,0.01431,-18.427
0.4095,0.0072092,0,0,0,0,-18.572
0.56235,0.007252,0,4.5784,-0.49932,0.0014077,-9.5706
0.56147,0.0073487,0,4.5854,-0.50013,0.0014239,-9.6514
0.56134,0.007362,0,4.5865,-0.49937,0.0014237,-9.6681
0.56143,0.0070639,0,0,0,0,-9.6568
0.56233,0.0070967,0,3.5644,-0.38966,0.0011293,-9.5726
0.56145,0.0071934,0,3.5699,-0.38975,0.0011453,-9.6554
0.56139,0.0071993,0,3.5702,-0.38953,0.0011451,-9.6629
0.56223,0.0069766,0,0,0,0,-9.5816
0.56143,0.0070639,0,0,0,0,-9.6568
0.56253,0.0072322,0,4.577,-0.49915,0.0014043,-9.554
0.56253,0.0072319,0,4.577,-0.49915,0.0014043,-9.5535
0.5625,0.0069474,0,0,0,0,-9.5565
0.56251,0.0070769,0,3.5633,-0.38964,0.001126,-9.5556
0.56251,0.0070767,0,3.5633,-0.38964,0.001126,-9.5554
0.5625,0.0069474,0,0,0,0,-9.5565
0.57917,0.0052872,0,4.3394,-0.5397,0.0012292,-7.2658
0.57913,0.0050029,0,0,0,0,-7.2674
0.57915,0.0051321,0,3.3746,-0.41901,0.00097425,-7.2671
0.57913,0.0050029,0,0,0,0,-7.2674
0.57809,0.0051319,0,0,0,0,-7.3081
0.57812,0.0054162,0,4.3263,-0.53497,0.0012564,-7.3048
0.57807,0.0054228,0,4.3261,-0.53451,0.0012572,-7.3096
0.57809,0.0051319,0,0,0,0,-7.3081
0.5781,0.0052612,0,3.3582,-0.41443,0.0010002,-7.3074
0.57808,0.0052642,0,3.358,-0.41428,0.0010006,-7.3096
0.42033,0.010168,0,9.3087,1.7443,0.0099803,-23.824
0.42085,0.010264,0,9.2722,1.6939,0.0098402,-23.921
0.42185,0.010441,0,9.2038,1.6069,0.0095711,-24.169
0.42036,0.010015,0,7.7213,1.448,0.0091323,-23.944
0.42087,0.01011,0,7.6808,1.4045,0.0089836,-24.038
0.42189,0.01029,0,7.6048,1.3274,0.008693,-24.277
0.42038,0.0098873,0,0,0,0,-23.993
0.4209,0.0099823,0,0,0,0,-24.085
0.41981,0.010074,0,9.3449,1.7942,0.010119,-23.729
0.41984,0.0099202,0,7.7617,1.4913,0.0092805,-23.851
0.41987,0.0097922,0,0,0,0,-23.9
0.4191,0.0099361,0,9.3948,1.8634,0.010303,-23.532
0.41913,0.0097825,0,7.8206,1.5535,0.0094834,-23.659
0.41915,0.0096545,0,0,0,0,-23.711
0.43339,0.011985,0,8.3958,0.87591,0.006847,-25.028
0.4334,0.011829,0,6.8149,0.70912,0.0060234,-25.089
0.43341,0.0117,0,0,0,0,-25.112
0.43439,0.012085,0,8.3342,0.82944,0.0066154,-25.03
0.43539,0.012181,0,8.2799,0.7882,0.0064068,-25.113
0.4344,0.01193,0,6.7633,0.6715,0.005804,-25.082
0.43541,0.012025,0,6.7175,0.63767,0.0056089,-25.161
0.43442,0.0118,0,0,0,0,-25.101
0.43643,0.012275,0,8.2269,0.74367,0.0062102,-25.156
0.43645,0.01199,0,0,0,0,-25.225
0.43644,0.012119,0,6.673,0.60206,0.0054287,-25.206
0.43645,0.01199,0,0,0,0,-25.225
0.4375,0.012367,0,8.1697,0.70402,0.0060483,-25.21
0.43752,0.012082,0,0,0,0,-25.272
0.43751,0.012212,0,6.6202,0.56842,0.0052815,-25.254
0.43752,0.012082,0,0,0,0,-25.272
0.49994,0.012477,0,5.8697,-0.30601,0.00258,-18.617
0.49993,0.012321,0,4.6582,-0.24418,0.0021242,-18.628
0.49992,0.012191,0,0,0,0,-18.633
0.50104,0.012417,0,5.8563,-0.31726,0.0025345,-18.478
0.50159,0.012387,0,5.8521,-0.31903,0.0025167,-18.456
0.50103,0.012261,0,4.6499,-0.2521,0.0020859,-18.486
0.50157,0.012232,0,4.6471,-0.25398,0.002072,-18.463
0.50103,0.012131,0,0,0,0,-18.489
0.50156,0.012102,0,0,0,0,-18.466
0.5036,0.012274,0,5.8126,-0.32827,0.0024598,-18.174
0.50315,0.0123,0,5.8244,-0.32585,0.002472,-18.264
0.50359,0.012118,0,4.6153,-0.26197,0.0020284,-18.184
0.50314,0.012144,0,4.6243,-0.26005,0.0020379,-18.273
0.50358,0.011988,0,0,0,0,-18.188
0.50314,0.012014,0,0,0,0,-18.276
0.50419,0.01224,0,5.7972,-0.33142,0.002444,-18.058
0.50522,0.01218,0,5.7726,-0.33662,0.0024126,-17.915
0.50418,0.012084,0,4.6035,-0.2645,0.0020159,-18.066
0.50521,0.012024,0,4.5849,-0.2689,0.0019886,-17.922
0.50417,0.011954,0,0,0,0,-18.069
0.50831,0.011991,0,5.6914,-0.34893,0.0023236,-17.485
0.5083,0.011835,0,4.5123,-0.27865,0.0019086,-17.493
0.50829,0.011705,0,0,0,0,-17.496
0.50829,0.011705,0,0,0,0,-17.496
0.50931,0.011927,0,5.6571,-0.35095,0.0022934,-17.337
0.5093,0.011641,0,0,0,0,-17.348
0.5093,0.011771,0,4.4794,-0.28035,0.0018805,-17.345
0.5093,0.011641,0,0,0,0,-17.348
0.5292,0.01046,0,5.2439,-0.43049,0.0018517,-14.534
0.52832,0.010533,0,5.2494,-0.43043,0.0018681,-14.597
0.52919,0.010304,0,4.1316,-0.3402,0.001506,-14.536
0.52832,0.010376,0,4.1351,-0.33951,0.0015189,-14.601
0.52918,0.010174,0,0,0,0,-14.537
0.52832,0.010245,0,0,0,0,-14.602
0.53022,0.010088,0,0,0,0,-14.379
0.52711,0.010632,0,5.261,-0.42219,0.0018937,-14.743
0.52813,0.010548,0,5.2506,-0.43041,0.0018716,-14.61
0.52705,0.01048,0,4.1432,-0.33346,0.0015414,-14.757
0.52812,0.010393,0,4.1359,-0.33935,0.0015219,-14.616
0.52811,0.010263,0,0,0,0,-14.618
0.42916,-0.010275,0,8.3056,-0.75806,0.0039513,-19.865
0.42893,-0.010254,0,8.3225,-0.76993,0.0039662,-19.863
0.42917,-0.010119,0,6.7387,-0.61241,0.0034041,-19.925
0.42895,-0.010098,0,6.754,-0.62211,0.0034194,-19.924
0.42918,-0.0099893,0,0,0,0,-19.948
0.42896,-0.009969,0,0,0,0,-19.948
0.4302,-0.010077,0,0,0,0,-19.927
0.42814,-0.010182,0,8.3806,-0.81071,0.0040173,-19.858
0.42816,-0.010027,0,6.8075,-0.65605,0.0034731,-19.923
0.42717,-0.0097998,0,0,0,0,-19.986
0.42817,-0.0098971,0,0,0,0,-19.948
0.43018,-0.010363,0,8.2283,-0.70699,0.0038833,-19.846
0.4302,-0.010077,0,0,0,0,-19.927
0.43019,-0.010207,0,6.6676,-0.57014,0.0033361,-19.904
0.4302,-0.010077,0,0,0,0,-19.927
0.4302,-0.010077,0,0,0,0,-19.927
0.47916,-0.010557,0,5.8544,0.27904,0.0017217,-13.313
0.47828,-0.010599,0,5.8715,0.26881,0.0017441,-13.443
0.47916,-0.010401,0,4.6279,0.2213,0.0013971,-13.324
0.47827,-0.010443,0,4.6391,0.21404,0.0014156,-13.455
0.47915,-0.010271,0,0,0,0,-13.327
0.47827,-0.010312,0,0,0,0,-13.459
0.48022,-0.010218,0,0,0,0,-13.248
0.47806,-0.010609,0,5.8756,0.26634,0.0017494,-13.475
0.47702,-0.010657,0,5.9178,0.25577,0.001775,-13.697
0.47806,-0.010453,0,4.6419,0.21225,0.0014202,-13.487
0.47701,-0.010501,0,4.6786,0.20499,0.0014425,-13.708
0.47805,-0.010323,0,0,0,0,-13.492
0.48024,-0.010504,0,5.8378,0.28403,0.001701,-13.238
0.48022,-0.010218,0,0,0,0,-13.248
0.48023,-0.010348,0,4.6152,0.22601,0.0013811,-13.245
0.48022,-0.010218,0,0,0,0,-13.248
0.48126,-0.010166,0,0,0,0,-13.055
0.48747,-0.010109,0,5.6175,0.32382,0.001545,-11.995
0.48746,-0.0098229,0,0,0,0,-12.007
0.48746,-0.0099529,0,4.4325,0.25771,0.0012477,-12.003
0.48746,-0.0098229,0,0,0,0,-12.007
0.48746,-0.0098229,0,0,0,0,-12.007
0.48646,-0.010169,0,5.6511,0.31905,0.0015403,-12.173
0.48645,-0.010013,0,4.4625,0.25414,0.0012391,-12.182
0.48644,-0.0098826,0,0,0,0,-12.185
0.48644,-0.0098826,0,0,0,0,-12.185
0.48644,-0.0098826,0,0,0,0,-12.185
0.48848,-0.010049,0,5.58,0.32622,0.0015541,-11.837
0.48883,-0.010027,0,5.5672,0.32925,0.0015435,-11.77
0.48847,-0.0098928,0,4.3981,0.25978,0.001259,-11.845
0.48882,-0.0098715,0,4.3863,0.26177,0.0012484,-11.779
0.48846,-0.0097628,0,0,0,0,-11.849
0.48881,-0.0097415,0,0,0,0,-11.783
0.40527,-0.005502,0,9.2884,-4.0808,0.0076129,-8.4277
0.40539,-0.0052398,0,0,0,0,-9.3401
0.40534,-0.005359,0,8.4504,-3.7877,0.0081135,-9.0582
0.40539,-0.0052398,0,0,0,0,-9.3401
0.4136,-0.0080421,0,9.563,-2.1375,0.0057369,-18.271
0.41447,-0.0082259,0,9.5018,-2.0124,0.0055586,-18.517
0.41364,-0.0078895,0,8.1135,-1.8208,0.0054432,-18.481
0.41458,-0.0080903,0,8.0203,-1.6955,0.0052154,-18.723
0.41366,-0.0077624,0,0,0,0,-18.569
0.42088,-0.0093339,0,8.9892,-1.3147,0.0046039,-19.807
0.4209,-0.0091793,0,7.4121,-1.0828,0.0041273,-19.914
0.42092,-0.0090503,0,0,0,0,-19.957
0.42092,-0.0090503,0,0,0,0,-19.957
0.42092,-0.0090503,0,0,0,0,-19.957
0.42092,-0.0090503,0,0,0,0,-19.957
0.42192,-0.0094779,0,8.8964,-1.2253,0.0045089,-19.807
0.42194,-0.0093231,0,7.316,-1.0063,0.0040184,-19.909
0.42196,-0.009194,0,0,0,0,-19.95
0.42296,-0.0093241,0,0,0,0,-20
0.49685,-0.0095022,0,5.3607,0.36557,0.0014136,-10.476
0.49785,-0.0094322,0,5.3254,0.3665,0.0014183,-10.318
0.49684,-0.0093463,0,4.2163,0.2897,0.0011378,-10.483
0.49784,-0.009276,0,4.1834,0.29053,0.0011421,-10.324
0.49683,-0.0092164,0,0,0,0,-10.485
0.51563,-0.0080267,0,4.891,0.42112,0.0011081,-7.4139
0.51455,-0.0081201,0,4.9046,0.41408,0.0011227,-7.5803
0.51562,-0.0078711,0,3.8172,0.3292,0.00088232,-7.4184
0.51452,-0.0079652,0,3.826,0.32459,0.00089367,-7.5889
0.51561,-0.0077413,0,0,0,0,-7.4201
0.52182,-0.0074778,0,4.7364,0.42469,0.0010247,-6.3948
0.52237,-0.0074275,0,4.73,0.42805,0.0010174,-6.3128
0.52181,-0.0073221,0,3.684,0.33189,0.00081452,-6.4011
0.52236,-0.0072719,0,3.6797,0.33404,0.00080878,-6.3181
0.52179,-0.0071925,0,0,0,0,-6.4035
0.52235,-0.0071422,0,0,0,0,-6.3201
0.52399,-0.0072788,0,4.714,0.43029,0.00099468,-6.1274
0.52397,-0.0069935,0,0,0,0,-6.13
0.52398,-0.0071232,0,3.6682,0.3361,0.00079009,-6.1291
0.52397,-0.0069935,0,0,0,0,-6.13
0.52397,-0.0069935,0,0,0,0,-6.13
0.52397,-0.0069935,0,0,0,0,-6.13
0.52502,-0.0071833,0,4.6887,0.42931,0.00097802,-5.939
0.52501,-0.0070278,0,3.6459,0.33556,0.00077599,-5.9436
0.52499,-0.0068981,0,0,0,0,-5.9454
0.526,-0.0068042,0,0,0,0,-5.7324
0.52603,-0.0070894,0,4.6598,0.42996,0.00097194,-5.7254
0.526,-0.0068042,0,0,0,0,-5.7324
0.52601,-0.0069338,0,3.6223,0.33614,0.0007715,-5.7305
0.526,-0.0068042,0,0,0,0,-5.7324
0.54578,-0.0051168,0,4.1867,0.43248,0.00063217,-2.307
0.54577,-0.0049614,0,3.222,0.33537,0.00049499,-2.3108
0.54475,-0.0049376,0,0,0,0,-2.4942
0.54575,-0.0048319,0,0,0,0,-2.3124
0.54475,-0.0049376,0,0,0,0,-2.4942
0.54472,-0.0052286,0,4.2227,0.43585,0.00062437,-2.5007
0.54478,-0.0052225,0,4.2209,0.43582,0.00062259,-2.488
0.54475,-0.0049376,0,0,0,0,-2.4942
0.54474,-0.0050699,0,3.2532,0.33787,0.00048156,-2.4984
0.54476,-0.0050671,0,3.2525,0.33786,0.00048081,-2.4925
0.54683,-0.0050063,0,4.1529,0.43431,0.00064182,-2.0999
0.54782,-0.0049006,0,4.1386,0.4386,0.00062696,-1.9287
0.54681,-0.0048509,0,3.1918,0.3356,0.00050749,-2.1053
0.54786,-0.0047393,0,3.1812,0.33823,0.00049263,-1.9227
0.5468,-0.0047215,0,0,0,0,-2.1074
0.40054,-0.0017275,0,0,0,0,42.618
0.40029,-0.0018765,0,3.4929,-4.3991,0.013778,42.215
0.40054,-0.0017275,0,0,0,0,42.618
0.40043,-0.0017952,0,3.1816,-4.5351,0.016387,42.519
0.56567,-0.0029099,0,3.647,0.41657,0.00041882,1.6952
0.56565,-0.0027547,0,2.7721,0.31862,0.00032497,1.6927
0.56563,-0.0026253,0,0,0,0,1.6917
0.56457,-0.0027492,0,0,0,0,1.4877
0.57083,-0.0023015,0,3.4442,0.40474,0.00037345,2.9775
0.56974,-0.0024315,0,3.474,0.4022,0.00037522,2.7093
0.57082,-0.0021459,0,2.6003,0.30731,0.00028979,2.9736
0.56972,-0.0022763,0,2.6228,0.30643,0.00028993,2.7031
0.5697,-0.002147,0,0,0,0,2.7005
0.57084,-0.0023006,0,3.444,0.40475,0.00037343,2.9792
0.5708,-0.0020162,0,0,0,0,2.9726
0.57082,-0.0021455,0,2.6002,0.30732,0.00028979,2.9744
0.5708,-0.0020162,0,0,0,0,2.9726
0.5708,-0.0020162,0,0,0,0,2.9726
0.5739,-0.0019322,0,3.3152,0.38662,0.00033123,3.7867
0.57379,-0.0019462,0,3.3215,0.38745,0.00033331,3.7536
0.57387,-0.0016479,0,0,0,0,3.7785
0.57389,-0.0017771,0,2.4927,0.29452,0.00025238,3.7809
0.57383,-0.0017835,0,2.4952,0.2948,0.00025329,3.7657
0.57387,-0.0016479,0,0,0,0,3.7785
0.57494,-0.0018061,0,3.2609,0.38427,0.0003304,4.0863
0.575,-0.0017994,0,3.2589,0.38429,0.00033058,4.1013
0.57491,-0.0015217,0,0,0,0,4.0767
0.57493,-0.001651,0,2.446,0.29162,0.0002538,4.0794
0.57495,-0.0016479,0,2.4453,0.29161,0.00025394,4.0864
0.57491,-0.0015217,0,0,0,0,4.0767
0.5719,-0.0021738,0,3.4135,0.39931,0.00036011,3.2133
0.57244,-0.0021085,0,3.3898,0.39635,0.00035422,3.368
0.57188,-0.0020187,0,2.5759,0.30366,0.00027796,3.2103
0.5724,-0.0019559,0,2.5572,0.3017,0.00027357,3.3577
0.57186,-0.0018894,0,0,0,0,3.2089
0.57237,-0.0018288,0,0,0,0,3.351
0.58753,-0.00049415,0,2.9546,0.17615,0.00060309,7.3449
0.58752,-0.00033814,0,2.2466,0.13176,0.00050808,7.362
0.58855,-0.00015614,0,0,0,0,7.4562
0.58751,-0.00020813,0,0,0,0,7.368
0.58646,-0.00055868,0,2.9056,0.20469,0.00058337,7.2479
0.58645,-0.00040277,0,2.1956,0.15248,0.0004954,7.2615
0.58644,-0.00027284,0,0,0,0,7.2664
0.58856,-0.0004423,0,2.9959,0.14866,0.00063339,7.4342
0.58855,-0.00015614,0,0,0,0,7.4562
0.58856,-0.00028621,0,2.2878,0.11147,0.00053351,7.4504
0.58855,-0.00015614,0,0,0,0,7.4562
0.59582,-0.00035983,0,3.5234,-0.050597,0.0014914,6.8565
0.59483,-0.00034363,0,3.4125,-0.017439,0.0011388,7.0817
0.59583,-0.00012535,0,1.071,-0.018554,0.00049692,6.8957
0.59583,-0.00020466,0,2.7703,-0.047991,0.0012853,6.8882
0.59498,-0.00019016,0,2.6806,-0.024732,0.0010588,7.0746
0.59583,-7.5356e-05,0,0,0,0,6.9005
0.59583,-7.5355e-05,0,0,0,0,6.9005
0.59376,-0.00033451,0,3.3131,0.012106,0.0006971,7.2689
0.59479,-0.00034293,0,3.4077,-0.015991,0.0011234,7.0916
0.59375,-0.0001782,0,2.5744,0.0039509,0.00062336,7.2941
0.59479,-0.00018682,0,2.6599,-0.019368,0.0010065,7.1176
0.59479,-5.6732e-05,0,0,0,0,7.1273
0.59685,-0.00037929,0,3.6129,-0.080289,0.0013289,6.4506
0.59686,-0.00022906,0,2.8126,-0.07214,0.0010448,6.4713
0.59686,-0.00010388,0,0,0,0,6.4874
0.59784,-0.00013977,0,0,0,0,6.0902
0.40129,0.003259,0,6.1429,5.569,0.03661,18.004
0.40194,0.0038208,0,7.1092,5.5072,0.032313,9.6477
0.40149,0.0030547,0,0,0,0,16.817
0.4014,0.0031476,0,5.7803,5.5785,0.04036,17.207
0.40204,0.0037,0,6.6832,5.4419,0.035364,8.7427
0.40149,0.0030547,0,0,0,0,16.817
0.40211,0.0035902,0,0,0,0,8.4569
0.40411,0.0052534,0,8.8533,4.8344,0.022831,-6.066
0.40425,0.0050027,0,0,0,0,-7.141
0.40419,0.0051167,0,8.1588,4.5717,0.024355,-6.8068
0.40425,0.0050027,0,0,0,0,-7.141
0.40425,0.0050027,0,0,0,0,-7.141
0.40306,0.0046293,0,8.233,5.2081,0.026575,-0.38997
0.40314,0.0044982,0,7.6791,5.0262,0.028698,-1.2486
0.40321,0.0043889,0,0,0,0,-1.6417
0.40227,0.003724,0,0,0,0,6.3669
0.40736,0.0067425,0,9.6736,3.8043,0.016424,-15.24
0.40643,0.0063618,0,9.5427,4.0746,0.017752,-13.396
0.40742,0.006597,0,8.5856,3.4185,0.0168,-15.695
0.40643,0.006191,0,8.5521,3.7302,0.018507,-13.795
0.40747,0.0064758,0,0,0,0,-15.892
0.53753,0.0097384,0,5.0741,-0.45149,0.0017291,-13.309
0.53752,0.0095827,0,3.9853,-0.35612,0.0014031,-13.314
0.53751,0.0094531,0,0,0,0,-13.317
0.53702,0.009784,0,5.0844,-0.45075,0.001731,-13.391
0.5382,0.0096774,0,5.0555,-0.45254,0.0017198,-13.181
0.537,0.0096288,0,3.9943,-0.35539,0.0014033,-13.396
0.53819,0.0095213,0,3.9693,-0.35698,0.0013948,-13.185
0.53699,0.0094994,0,0,0,0,-13.398
0.53819,0.0093913,0,0,0,0,-13.187
0.5365,0.0098311,0,5.095,-0.44999,0.0017328,-13.476
0.53648,0.0096755,0,4.0034,-0.35465,0.0014035,-13.478
0.53647,0.0095458,0,0,0,0,-13.479
0.53855,0.0096457,0,5.0458,-0.45309,0.001715,-13.114
0.53954,0.0095554,0,5.0211,-0.45414,0.0017114,-12.948
0.53854,0.0094901,0,3.9611,-0.35742,0.0013906,-13.12
0.53954,0.0093987,0,3.9411,-0.3583,0.0013866,-12.95
0.53853,0.0093604,0,0,0,0,-13.122
0.56354,0.0071204,0,4.5566,-0.49925,0.0013911,-9.3753
0.56352,0.0069651,0,3.5454,-0.38988,0.0011144,-9.3798
0.56351,0.0068357,0,0,0,0,-9.3816
0.56451,0.0067245,0,0,0,0,-9.1998
0.43234,0.011876,0,8.4725,0.931,0.0070727,-25.13
0.43124,0.011755,0,8.5505,0.98348,0.0072777,-25.116
0.43236,0.01172,0,6.8846,0.75393,0.0062404,-25.189
0.43126,0.0116,0,6.9608,0.79896,0.0064379,-25.173
0.43237,0.011591,0,0,0,0,-25.213
0.4386,0.012457,0,8.0953,0.66406,0.0059126,-25.151
0.43861,0.012302,0,6.5474,0.53415,0.0051577,-25.197
0.43862,0.012172,0,0,0,0,-25.215
0.43862,0.012172,0,0,0,0,-25.215
0.43862,0.012172,0,0,0,0,-25.215
0.50729,0.012054,0,5.7199,-0.34438,0.0023524,-17.636
0.50727,0.011769,0,0,0,0,-17.645
0.50728,0.011898,0,4.5391,-0.27517,0.001935,-17.643
0.50727,0.011769,0,0,0,0,-17.645
0.50727,0.011769,0,0,0,0,-17.645
0.50522,0.01218,0,5.7725,-0.33665,0.0024125,-17.914
0.50523,0.012179,0,5.7723,-0.33668,0.0024122,-17.913
0.5052,0.011894,0,0,0,0,-17.925
0.50521,0.012024,0,4.5848,-0.26891,0.0019885,-17.922
0.50522,0.012023,0,4.5847,-0.26893,0.0019884,-17.922
0.5052,0.011894,0,0,0,0,-17.925
0.41879,-0.0087275,0,0,0,0,-19.684
0.4178,-0.0085627,0,0,0,0,-19.579
0.41672,-0.0086651,0,9.3385,-1.7312,0.0051477,-19.21
0.41774,-0.0088442,0,9.2526,-1.6124,0.0049945,-19.375
0.41675,-0.0085114,0,7.8134,-1.4511,0.0047553,-19.364
0.41777,-0.0086906,0,7.7091,-1.3443,0.0045753,-19.52
0.41677,-0.0083833,0,0,0,0,-19.428
0.4157,-0.0081825,0,0,0,0,-19.121
0.41775,-0.0088451,0,9.2522,-1.6118,0.0049938,-19.376
0.4178,-0.0085627,0,0,0,0,-19.579
0.41777,-0.008691,0,7.7088,-1.3441,0.0045749,-19.52
0.41875,-0.0090103,0,9.1693,-1.5065,0.0048582,-19.51
0.41879,-0.0087275,0,0,0,0,-19.684
0.41877,-0.008856,0,7.6136,-1.252,0.0044186,-19.633
0.41879,-0.0087275,0,0,0,0,-19.684
0.49377,-0.0097123,0,5.4512,0.3563,0.0014514,-10.982
0.49376,-0.0095564,0,4.2918,0.28231,0.0011729,-10.99
0.49375,-0.0094265,0,0,0,0,-10.993
0.50211,-0.0091209,0,5.2348,0.38595,0.0013068,-9.6812
0.5021,-0.0089651,0,4.1076,0.30448,0.0010466,-9.6882
0.50209,-0.0088353,0,0,0,0,-9.691
0.5,-0.0092769,0,5.2713,0.38256,0.0013201,-9.9488
0.50057,-0.0092354,0,5.2655,0.38305,0.0013145,-9.903
0.49999,-0.009121,0,4.1378,0.30086,0.0010538,-9.9549
0.50056,-0.0090795,0,4.1336,0.30165,0.0010501,-9.9075
0.49998,-0.0089912,0,0,0,0,-9.9572
0.50055,-0.0089496,0,0,0,0,-9.9094
0.50159,-0.0091598,0,5.2476,0.38471,0.0013081,-9.772
0.50108,-0.0091983,0,5.2603,0.38349,0.0013095,-9.8621
0.50158,-0.0090039,0,4.1187,0.30342,0.0010466,-9.777
0.50106,-0.0090425,0,4.1299,0.30235,0.0010467,-9.8654
0.50157,-0.008874,0,0,0,0,-9.7789
0.50105,-0.0089126,0,0,0,0,-9.8669
0.552,-0.0041619,0,0,0,0,-1.1422
0.55203,-0.0044467,0,4.026,0.42864,0.00057202,-1.1366
0.552,-0.0041619,0,0,0,0,-1.1422
0.55201,-0.0042914,0,3.0862,0.33132,0.00044876,-1.1405
0.57595,0.0053922,0,0,0,0,-7.5596
0.57703,0.0055502,0,4.3222,-0.5257,0.0012727,-7.4034
0.57701,0.0053951,0,3.3508,-0.40791,0.0010152,-7.4081
0.57699,0.0052659,0,0,0,0,-7.4098
0.42717,0.010963,0,0,0,0,-24.974
0.42713,0.011247,0,8.8251,1.2206,0.0082105,-24.865
0.42717,0.010963,0,0,0,0,-24.974
0.42715,0.011092,0,7.2185,0.99665,0.0073239,-24.943
0.42717,0.010963,0,0,0,0,-24.974
0.42603,0.011095,0,8.9057,1.2895,0.008462,-24.77
0.42606,0.01094,0,7.3001,1.0563,0.0075723,-24.847
0.42607,0.010811,0,0,0,0,-24.878
0.52599,0.010723,0,5.292,-0.41518,0.0019195,-14.933
0.52597,0.010567,0,4.1713,-0.32949,0.0015646,-14.938
0.52596,0.010437,0,0,0,0,-14.94
0.52703,0.010638,0,5.2617,-0.42157,0.0018954,-14.753
0.52702,0.010483,0,4.1434,-0.33328,0.001542,-14.761
0.42714,-0.010085,0,8.461,-0.86878,0.004094,-19.883
0.42717,-0.0097998,0,0,0,0,-19.986
0.42715,-0.0099293,0,6.8813,-0.70414,0.003554,-19.957
0.42717,-0.0097998,0,0,0,0,-19.986
0.43122,-0.010446,0,8.1544,-0.65612,0.0038195,-19.787
0.43123,-0.01029,0,6.6015,-0.5289,0.0032743,-19.842
0.43124,-0.010161,0,0,0,0,-19.864
0.43444,-0.010673,0,7.9141,-0.51914,0.0036569,-19.501
0.43444,-0.010518,0,6.3811,-0.41609,0.0031194,-19.554
0.43544,-0.010735,0,7.8454,-0.47792,0.003591,-19.421
0.43545,-0.010579,0,6.3223,-0.38258,0.0030579,-19.467
0.4427,-0.011059,0,7.3906,-0.24954,0.0030902,-18.713
0.4427,-0.010903,0,5.9258,-0.19722,0.0025996,-18.745
0.44271,-0.010773,0,0,0,0,-18.758
0.44375,-0.010804,0,0,0,0,-18.615
0.44791,-0.011182,0,7.1075,-0.12296,0.0027427,-18.056
0.44791,-0.011026,0,5.6861,-0.095859,0.002288,-18.083
0.44894,-0.011196,0,7.0551,-0.10152,0.0026854,-17.921
0.44895,-0.01104,0,5.6426,-0.078841,0.0022377,-17.946
0.44895,-0.01091,0,0,0,0,-17.955
0.45105,-0.011218,0,6.9735,-0.062092,0.0025797,-17.753
0.45106,-0.011061,0,5.5791,-0.046911,0.0021482,-17.774
0.45214,-0.011223,0,6.9077,-0.04544,0.0025195,-17.58
0.45214,-0.011067,0,5.5138,-0.032651,0.0020887,-17.605
0.45215,-0.011223,0,6.9071,-0.04522,0.0025191,-17.576
0.45214,-0.010937,0,0,0,0,-17.614
0.45215,-0.011067,0,5.5135,-0.032577,0.0020886,-17.603
0.45214,-0.010937,0,0,0,0,-17.614
0.45106,-0.010931,0,0,0,0,-17.782
0.45106,-0.010931,0,0,0,0,-17.782
0.45623,-0.010932,0,0,0,0,-16.905
0.4573,-0.010924,0,0,0,0,-16.802
0.46563,-0.011065,0,6.3581,0.15321,0.0020505,-15.455
0.46563,-0.010909,0,5.0596,0.1243,0.0016832,-15.47
0.46772,-0.011007,0,6.2734,0.17624,0.0019957,-15.147
0.46771,-0.010851,0,4.9842,0.14248,0.0016339,-15.161
0.46875,-0.010689,0,0,0,0,-15
0.47292,-0.010829,0,6.074,0.22501,0.0018639,-14.354
0.47291,-0.010673,0,4.8133,0.18056,0.0015189,-14.367
0.47601,-0.010702,0,5.9596,0.24991,0.0017983,-13.854
0.476,-0.010546,0,4.7159,0.20003,0.0014634,-13.865
0.47702,-0.010657,0,5.9179,0.25577,0.001775,-13.697
0.47701,-0.010501,0,4.6786,0.20499,0.0014425,-13.708
0.48128,-0.010452,0,5.8082,0.28996,0.0016824,-13.041
0.48127,-0.010296,0,4.5904,0.23083,0.0013668,-13.052
0.48126,-0.010166,0,0,0,0,-13.055
0.48542,-0.010228,0,5.6848,0.31404,0.001577,-12.328
0.48542,-0.010072,0,4.4931,0.25027,0.0012726,-12.337
0.48541,-0.0099419,0,0,0,0,-12.339
0.40638,-0.0056498,0,0,0,0,-11.684
0.42292,-0.0096083,0,8.8123,-1.1472,0.0044231,-19.872
0.42294,-0.0094533,0,7.2313,-0.93987,0.00392,-19.964
0.42296,-0.0093241,0,0,0,0,-20
0.42296,-0.0093241,0,0,0,0,-20
0.48952,-0.0099847,0,5.5414,0.33533,0.001522,-11.635
0.48952,-0.0098288,0,4.3628,0.26575,0.0012273,-11.646
0.48951,-0.0096988,0,0,0,0,-11.651
0.49786,-0.0094315,0,5.325,0.36651,0.0014184,-10.317
0.49785,-0.0092757,0,4.1833,0.29053,0.0011421,-10.323
0.49786,-0.0094312,0,5.3248,0.36655,0.0014181,-10.316
0.49784,-0.0091458,0,0,0,0,-10.326
0.49785,-0.0092755,0,4.1832,0.29054,0.001142,-10.323
0.49784,-0.0091458,0,0,0,0,-10.326
0.4989,-0.0093568,0,5.2882,0.37377,0.001373,-10.117
0.49889,-0.0092009,0,4.1493,0.29497,0.0011001,-10.126
0.49888,-0.0090711,0,0,0,0,-10.13
0.50724,-0.0087248,0,5.0798,0.3982,0.0012242,-8.7714
0.50722,-0.008569,0,3.9742,0.31313,0.00097627,-8.7794
0.50721,-0.0084392,0,0,0,0,-8.7826
0.50641,-0.0087899,0,5.1067,0.39359,0.001238,-8.9281
0.50619,-0.0088073,0,5.1139,0.39236,0.0012416,-8.9698
0.50608,-0.0088161,0,5.1177,0.39243,0.0012437,-8.9882
0.50639,-0.0086346,0,3.9986,0.3105,0.0009879,-8.9351
0.50618,-0.0086515,0,4.0049,0.30982,0.00099089,-8.9751
0.50607,-0.0086603,0,4.0084,0.30987,0.00099274,-8.9934
0.50638,-0.0085052,0,0,0,0,-8.9383
0.50617,-0.0085217,0,0,0,0,-8.9772
0.50606,-0.0085304,0,0,0,0,-8.9955
0.50828,-0.0086406,0,5.0656,0.40622,0.001209,-8.6199
0.5083,-0.0084825,0,3.964,0.31862,0.00096407,-8.6212
0.54378,-0.0053277,0,4.2516,0.43639,0.00065309,-2.7047
0.54376,-0.0051723,0,3.2785,0.33834,0.00050849,-2.7086
0.54374,-0.0050428,0,0,0,0,-2.7102
0.39997,-0.0012428,0,2.2434,-3.2934,0.017539,52.013
0.40024,-0.0011367,0,0,0,0,53.723
0.40012,-0.001185,0,1.9169,-3.4263,0.020684,53.225
0.40024,-0.0011367,0,0,0,0,53.723
0.54793,-0.0048891,0,4.137,0.43907,0.00062532,-1.9099
0.54791,-0.0047337,0,3.1807,0.33836,0.00049189,-1.9135
0.5479,-0.0046042,0,0,0,0,-1.9148
0.5479,-0.0046042,0,0,0,0,-1.9148
0.55621,-0.0036974,0,0,0,0,-0.32696
0.55721,-0.0035861,0,0,0,0,-0.10273
0.55829,-0.003754,0,3.851,0.42571,0.00049657,0.13694
0.55832,-0.0037507,0,3.8505,0.4258,0.0004963,0.1427
0.55825,-0.0034694,0,0,0,0,0.12936
0.55827,-0.0035988,0,2.9396,0.3271,0.00038747,0.13154
0.55828,-0.0035972,0,2.9395,0.32712,0.00038738,0.13422
0.55825,-0.0034694,0,0,0,0,0.12936
0.55724,-0.0038708,0,3.8883,0.42481,0.00050682,-0.096566
0.55721,-0.0035861,0,0,0,0,-0.10273
0.55723,-0.0037155,0,2.9717,0.32732,0.0003951,-0.10096
0.55625,-0.0039821,0,3.9261,0.42876,0.00051938,-0.32141
0.55621,-0.0036974,0,0,0,0,-0.32696
0.55623,-0.0038269,0,3.0045,0.33012,0.00040513,-0.32534
0.55621,-0.0036974,0,0,0,0,-0.32696
0.58126,-0.00074284,0,0,0,0,6.053
0.58228,-0.00062891,0,0,0,0,6.3957
0.58429,-0.00043556,0,0,0,0,6.8922
0.5896,-0.0004002,0,3.0395,0.12191,0.00057487,7.493
0.58959,-0.00011392,0,0,0,0,7.5162
0.58959,-0.00024405,0,2.3295,0.091005,0.00047041,7.5101
0.58959,-0.00011392,0,0,0,0,7.5162
0.59375,-0.00033441,0,3.3119,0.012465,0.00069164,7.2712
0.59375,-4.7972e-05,0,0,0,0,7.3032
0.59375,-0.00017817,0,2.5741,0.0040268,0.00062211,7.2947
0.59375,-4.7972e-05,0,0,0,0,7.3032
0.59783,-0.00038245,0,3.7028,-0.10274,0.00096219,6.1494
0.59783,-0.00038245,0,3.7028,-0.10274,0.00096219,6.1494
0.59784,-0.00013977,0,0,0,0,6.0902
0.59784,-0.00025008,0,3.0139,-0.089789,0.00064209,6.11
0.59784,-0.00025008,0,3.0139,-0.089789,0.00064209,6.11
0.59784,-0.00013977,0,0,0,0,6.0902
0.39992,0.001257,0,2.095,3.3359,0.040312,52.152
0.40007,0.001205,0,1.7655,3.4577,0.045207,53.378
0.40019,0.0011616,0,0,0,0,53.885
0.58121,0.0050288,0,4.3324,-0.57538,0.001143,-7.129
0.58019,0.0051598,0,4.3415,-0.54952,0.0011877,-7.2046
0.58117,0.0047449,0,0,0,0,-7.155
0.58119,0.0048739,0,3.3721,-0.44686,0.00088982,-7.1483
0.58017,0.0050048,0,3.3809,-0.42721,0.00093419,-7.2128
0.58117,0.0047449,0,0,0,0,-7.155
0.58117,0.0047449,0,0,0,0,-7.155
0.58538,0.0043794,0,4.0315,-0.68428,0.00083327,-6.0622
0.58535,0.0042256,0,3.053,-0.52491,0.00059681,-6.0976
0.58533,0.0040975,0,0,0,0,-6.111
0.58533,0.0040975,0,0,0,0,-6.111
0.58533,0.0040975,0,0,0,0,-6.111
0.59787,0.0012572,0,1.5994,-0.46902,0.0001218,2.3366
0.59782,0.0011179,0,1.0386,-0.31354,7.7412e-05,2.3113
0.59778,0.0010019,0,0,0,0,2.2976
0.59888,0.00086573,0,1.301,-0.378,0.00018239,2.8364
0.59888,0.00086573,0,1.301,-0.378,0.00018239,2.8364
0.59885,0.00075645,0,0.81076,-0.22359,0.00014453,2.8739
0.59885,0.00075645,0,0.81076,-0.22359,0.00014453,2.8739
0.59882,0.00066538,0,0,0,0,2.8701
0.4146,0.0089562,0,9.6791,2.3968,0.011617,-21.923
0.41464,0.0088044,0,8.2007,2.0388,0.010988,-22.117
0.41467,0.0086779,0,0,0,0,-22.197
0.4151,0.0090744,0,9.6532,2.3286,0.011447,-22.175
0.41562,0.009198,0,9.6262,2.2573,0.011269,-22.439
0.41514,0.0089239,0,8.16,1.9755,0.010786,-22.363
0.41565,0.0090458,0,8.1184,1.911,0.010581,-22.615
0.41518,0.0087984,0,0,0,0,-22.442
0.41568,0.008919,0,0,0,0,-22.688
0.41396,0.0087963,0,9.7078,2.4904,0.011852,-21.587
0.41398,0.0086399,0,8.2495,2.1274,0.011274,-21.778
0.414,0.0085094,0,0,0,0,-21.854
0.41874,0.0098665,0,9.42,1.8983,0.010396,-23.432
0.41877,0.0097133,0,7.8502,1.5847,0.0095853,-23.563
0.4188,0.0095856,0,0,0,0,-23.616
0.53956,0.0095533,0,5.0205,-0.45417,0.0017113,-12.944
0.53955,0.0093977,0,3.9409,-0.35831,0.0013866,-12.948
0.53954,0.009268,0,0,0,0,-12.95
0.53954,0.009268,0,0,0,0,-12.95
0.54376,0.008873,0,0,0,0,-12.387
0.54269,0.0089744,0,0,0,0,-12.474
0.54272,0.0092595,0,4.9499,-0.4666,0.0016473,-12.468
0.54269,0.0089744,0,0,0,0,-12.474
0.5427,0.009104,0,3.8786,-0.36593,0.0013304,-12.472
0.54378,0.0091582,0,4.9441,-0.46629,0.0016282,-12.384
0.5438,0.0091563,0,4.9437,-0.4663,0.001628,-12.381
0.54376,0.008873,0,0,0,0,-12.387
0.54377,0.0090027,0,3.8752,-0.36648,0.0013155,-12.386
0.54378,0.0090018,0,3.875,-0.36649,0.0013154,-12.384
0.57395,0.0056334,0,0,0,0,-7.8746
0.57599,0.0056766,0,4.34,-0.52006,0.001285,-7.5541
0.57597,0.0055215,0,3.3652,-0.40464,0.0010263,-7.5581
0.42403,0.010507,0,0,0,0,-24.581
0.52701,0.010353,0,0,0,0,-14.764
0.43546,-0.010449,0,0,0,0,-19.484
0.43445,-0.010387,0,0,0,0,-19.574
0.44061,-0.010986,0,7.5169,-0.31012,0.0032352,-18.958
0.44062,-0.01083,0,6.0377,-0.24638,0.0027325,-18.994
0.44063,-0.0107,0,0,0,0,-19.008
0.43957,-0.010943,0,7.579,-0.34174,0.0033078,-19.054
0.43958,-0.010787,0,6.0915,-0.27185,0.0027988,-19.09
0.43959,-0.010657,0,0,0,0,-19.103
0.44374,-0.011091,0,7.329,-0.22252,0.0030165,-18.573
0.44374,-0.010934,0,5.8732,-0.17546,0.0025333,-18.604
0.44791,-0.010895,0,0,0,0,-18.094
0.45731,-0.011211,0,6.6897,0.04614,0.0023054,-16.781
0.4573,-0.011054,0,5.3387,0.038801,0.0019061,-16.796
0.45624,-0.011219,0,6.7228,0.034392,0.0023432,-16.879
0.45624,-0.011062,0,5.368,0.028706,0.0019371,-16.898
0.46042,-0.011173,0,6.5633,0.092204,0.0021967,-16.226
0.46042,-0.011017,0,5.2338,0.075655,0.0018097,-16.243
0.46042,-0.010887,0,0,0,0,-16.25
0.45938,-0.011188,0,6.6056,0.077665,0.002238,-16.401
0.45938,-0.011032,0,5.2676,0.063896,0.0018492,-16.422
0.45938,-0.010902,0,0,0,0,-16.43
0.46563,-0.010779,0,0,0,0,-15.475
0.46459,-0.011091,0,6.3989,0.14182,0.0020763,-15.604
0.46459,-0.010935,0,5.0948,0.11534,0.0017059,-15.618
0.46459,-0.010805,0,0,0,0,-15.623
0.46876,-0.010975,0,6.2323,0.18614,0.0019686,-14.982
0.46875,-0.010819,0,4.9492,0.1502,0.00161,-14.995
0.46771,-0.010721,0,0,0,0,-15.167
0.47396,-0.010788,0,6.0348,0.23452,0.0018408,-14.195
0.47395,-0.010632,0,4.779,0.18807,0.001499,-14.207
0.47395,-0.010502,0,0,0,0,-14.212
0.47291,-0.010543,0,0,0,0,-14.372
0.47701,-0.010371,0,0,0,0,-13.713
0.476,-0.010416,0,0,0,0,-13.87
0.4073,-0.0062973,0,9.6326,-3.4441,0.007252,-12.85
0.40736,-0.0061501,0,8.5542,-3.1023,0.007412,-13.3
0.4074,-0.0060274,0,0,0,0,-13.496
0.40628,-0.0059165,0,9.5023,-3.745,0.0074491,-10.922
0.40634,-0.0057711,0,8.5345,-3.4209,0.0077609,-11.452
0.53954,-0.0057654,0,4.3379,0.43372,0.00073848,-3.4272
0.53952,-0.00561,0,3.3482,0.33718,0.00057823,-3.4316
0.53951,-0.0054804,0,0,0,0,-3.4335
0.58231,-0.00091377,0,2.8897,0.30139,0.00041255,6.389
0.5823,-0.0007584,0,2.1455,0.22718,0.00034212,6.394
0.58129,-0.0010274,0,2.9349,0.3295,0.00038028,6.0501
0.58127,-0.00087219,0,2.1746,0.24803,0.00031054,6.0526
0.58536,-0.00063678,0,2.8648,0.22472,0.00053652,7.0799
0.58535,-0.00048098,0,2.1526,0.16857,0.00045423,7.0898
0.58534,-0.00035115,0,0,0,0,7.0932
0.58432,-0.00072097,0,2.8564,0.2467,0.00049196,6.8797
0.58431,-0.00056529,0,2.139,0.18619,0.00041504,6.8891
0.57292,0.0060441,0,4.3822,-0.51938,0.0013162,-7.9609
0.5729,0.0058889,0,3.3993,-0.40298,0.0010524,-7.9646
0.57289,0.0057596,0,0,0,0,-7.9659
0.57398,0.0059179,0,4.3782,-0.51914,0.0013054,-7.8726
0.57396,0.0057627,0,3.3967,-0.40349,0.0010431,-7.8739
0.42296,0.010626,0,9.1224,1.5177,0.0092855,-24.368
0.42298,0.010472,0,7.5168,1.25,0.0083967,-24.468
0.42301,0.010344,0,0,0,0,-24.507
0.42399,0.01079,0,9.0432,1.4341,0.0090131,-24.445
0.42401,0.010636,0,7.4339,1.1782,0.0081192,-24.542
0.52294,0.010963,0,5.3755,-0.40974,0.0019703,-15.443
0.52293,0.010807,0,4.2417,-0.32471,0.0016093,-15.449
0.52292,0.010677,0,0,0,0,-15.452
0.52397,0.010883,0,5.3476,-0.41299,0.0019546,-15.251
0.52395,0.010727,0,4.2185,-0.32742,0.0015966,-15.258
0.52394,0.010597,0,0,0,0,-15.26
0.41979,-0.0091732,0,9.0852,-1.4096,0.0047242,-19.702
0.41981,-0.0090187,0,7.518,-1.1667,0.0042655,-19.813
0.41983,-0.00889,0,0,0,0,-19.858
0.50314,-0.0090431,0,5.2047,0.38885,0.0012968,-9.4636
0.50313,-0.0088873,0,4.0838,0.30683,0.0010397,-9.4702
0.50312,-0.0087575,0,0,0,0,-9.4727
0.50411,-0.0089692,0,5.1778,0.39059,0.001281,-9.3064
0.50417,-0.0089648,0,5.1762,0.3907,0.00128,-9.2968
0.50415,-0.0086791,0,0,0,0,-9.3043
0.50413,-0.0088111,0,4.0614,0.3084,0.0010253,-9.3067
0.50416,-0.008809,0,4.0608,0.30845,0.0010249,-9.3022
0.50415,-0.0086791,0,0,0,0,-9.3043
0.50415,-0.0086791,0,0,0,0,-9.3043
0.51042,-0.0081794,0,0,0,0,-8.3383
0.50941,-0.0085494,0,5.0543,0.40614,0.0011935,-8.5145
0.5094,-0.0083937,0,3.9557,0.31911,0.00095223,-8.5166
0.50939,-0.0082639,0,0,0,0,-8.5176
0.51144,-0.0080946,0,0,0,0,-8.1305
0.51876,-0.0077528,0,4.828,0.42156,0.0010662,-6.9274
0.51875,-0.0075972,0,3.7647,0.33053,0.00084893,-6.9324
0.51873,-0.0074675,0,0,0,0,-6.9344
0.4022,-0.0038117,0,7.4941,-5.1994,0.0084568,8.1641
0.40229,-0.0036853,0,7.0533,-5.133,0.0098156,7.208
0.40237,-0.00358,0,0,0,0,6.7559
0.40237,-0.00358,0,0,0,0,6.7559
0.55408,-0.0042218,0,3.9731,0.43437,0.0005496,-0.72578
0.55307,-0.0043327,0,3.9899,0.43019,0.00056034,-0.91753
0.55304,-0.0040479,0,0,0,0,-0.92534
0.55406,-0.0040665,0,3.0425,0.3337,0.00043065,-0.72973
0.55305,-0.0041773,0,3.0542,0.33134,0.0004392,-0.9232
0.55304,-0.0040479,0,0,0,0,-0.92534
0.55404,-0.0039379,0,0,0,0,-0.73273
0.55417,-0.0042117,0,3.9715,0.43475,0.00054862,-0.70828
0.55416,-0.0040564,0,3.0414,0.33391,0.00042987,-0.71207
0.55414,-0.003927,0,0,0,0,-0.71347
0.55414,-0.003927,0,0,0,0,-0.71347
0.55414,-0.003927,0,0,0,0,-0.71347
0.56042,-0.0032251,0,0,0,0,0.52986
0.56146,-0.0033947,0,3.7781,0.42173,0.00045985,0.77053
0.56144,-0.0032394,0,2.8805,0.32394,0.00035706,0.76617
0.56143,-0.0031101,0,0,0,0,0.7646
0.56869,-0.0025549,0,3.5208,0.40285,0.0003757,2.4439
0.56868,-0.0023997,0,2.6638,0.30822,0.00028828,2.4391
0.56866,-0.0022704,0,0,0,0,2.4372
0.56037,0.0074686,0,4.5951,-0.49332,0.0014219,-9.8028
0.55939,0.0075743,0,4.6216,-0.48985,0.0014264,-9.969
0.56035,0.0073132,0,3.5759,-0.38523,0.0011409,-9.8087
0.55933,0.007423,0,3.6008,-0.38357,0.0011444,-9.9793
0.56033,0.0071838,0,0,0,0,-9.8109
0.4354,0.012181,0,8.2795,0.78791,0.0064053,-25.114
0.43542,0.011896,0,0,0,0,-25.18
0.43541,0.012026,0,6.7174,0.63756,0.0056083,-25.162
0.43542,0.011896,0,0,0,0,-25.18
0.50211,0.012358,0,5.848,-0.32075,0.0024996,-18.434
0.5021,0.012203,0,4.6443,-0.25582,0.0020584,-18.44
0.5021,0.012072,0,0,0,0,-18.442
0.51036,0.01186,0,5.6236,-0.35932,0.0022572,-17.148
0.51034,0.011574,0,0,0,0,-17.162
0.51035,0.011704,0,4.4493,-0.28564,0.001848,-17.158
0.51034,0.011574,0,0,0,0,-17.162
0.52701,0.010353,0,0,0,0,-14.764
0.52701,0.010353,0,0,0,0,-14.764
0.43646,-0.010792,0,7.7797,-0.44181,0.0035212,-19.372
0.43647,-0.010636,0,6.2659,-0.35289,0.0029932,-19.413
0.44687,-0.011164,0,7.1624,-0.14689,0.002809,-18.208
0.44687,-0.011008,0,5.7326,-0.11503,0.0023467,-18.238
0.44687,-0.010878,0,0,0,0,-18.249
0.45515,-0.010938,0,0,0,0,-17.024
0.46354,-0.010829,0,0,0,0,-15.797
0.4698,-0.010942,0,6.1929,0.19687,0.0019419,-14.837
0.46979,-0.010786,0,4.9159,0.15864,0.0015865,-14.851
0.47188,-0.010868,0,6.1119,0.21568,0.0018886,-14.503
0.47188,-0.010712,0,4.8453,0.17327,0.0015399,-14.515
0.47187,-0.010582,0,0,0,0,-14.52
0.41468,-0.0079777,0,0,0,0,-18.816
0.4157,-0.0081825,0,0,0,0,-19.121
0.40938,-0.0069681,0,9.7198,-2.914,0.0067524,-15.54
0.40946,-0.0066934,0,0,0,0,-16.031
0.40943,-0.0068183,0,8.4685,-2.5637,0.0066908,-15.884
0.40946,-0.0066934,0,0,0,0,-16.031
0.41043,-0.0072655,0,9.7061,-2.6912,0.0064893,-16.41
0.4105,-0.0069892,0,0,0,0,-16.828
0.41047,-0.0071148,0,8.3934,-2.3463,0.0063537,-16.703
0.4105,-0.0069892,0,0,0,0,-16.828
0.50518,-0.0088861,0,5.148,0.39303,0.0012605,-9.1337
0.50517,-0.0087303,0,4.0364,0.31026,0.0010075,-9.1394
0.50516,-0.0086005,0,0,0,0,-9.1416
0.50834,-0.0086363,0,5.0649,0.40664,0.0012082,-8.612
0.50832,-0.0083507,0,0,0,0,-8.6196
0.50833,-0.0084805,0,3.9638,0.31875,0.00096378,-8.6176
0.50832,-0.0083507,0,0,0,0,-8.6196
0.50832,-0.0083507,0,0,0,0,-8.6196
0.51044,-0.0084649,0,5.0306,0.40724,0.0011801,-8.33
0.51043,-0.0083091,0,3.9354,0.32024,0.00094184,-8.3359
0.51147,-0.00838,0,4.9992,0.40893,0.0011672,-8.1221
0.51145,-0.0082243,0,3.9087,0.32161,0.00093161,-8.1282
0.51453,-0.0081215,0,4.9048,0.41397,0.0011229,-7.5829
0.51452,-0.0079659,0,3.8261,0.32456,0.00089374,-7.5901
0.51399,-0.0081674,0,4.9222,0.41134,0.001131,-7.6846
0.51451,-0.0078361,0,0,0,0,-7.5929
0.51398,-0.0080117,0,3.8421,0.32316,0.00090077,-7.6907
0.51451,-0.0078361,0,0,0,0,-7.5929
0.51409,-0.0078718,0,0,0,0,-7.6708
0.51346,-0.0079253,0,0,0,0,-7.7876
0.52292,-0.0073773,0,4.7236,0.4314,0.0010101,-6.231
0.52291,-0.0072216,0,3.6754,0.33618,0.00080304,-6.2352
0.5229,-0.007092,0,0,0,0,-6.2368
0.52703,-0.0069948,0,4.6274,0.42783,0.00096533,-5.556
0.52709,-0.006989,0,4.6254,0.42801,0.00096301,-5.5443
0.52701,-0.0067097,0,0,0,0,-5.5618
0.52702,-0.0068393,0,3.5939,0.33475,0.00076526,-5.5601
0.52704,-0.0068367,0,3.5931,0.33478,0.00076429,-5.5549
0.52701,-0.0067097,0,0,0,0,-5.5618
0.52808,-0.0068958,0,4.5949,0.43104,0.00092587,-5.3573
0.52832,-0.0068729,0,4.592,0.43235,0.00091723,-5.3201
0.52806,-0.0067403,0,3.5649,0.33609,0.0007284,-5.3632
0.52831,-0.0067162,0,3.5629,0.33696,0.00072035,-5.3237
0.52805,-0.0066107,0,0,0,0,-5.3654
0.52831,-0.0065856,0,0,0,0,-5.3241
0.53643,-0.0057915,0,0,0,0,-3.9652
0.53851,-0.0055821,0,0,0,0,-3.6419
0.55524,-0.0040944,0,3.9546,0.43139,0.00053363,-0.54625
0.55522,-0.0039391,0,3.0282,0.33184,0.00041696,-0.5478
0.5552,-0.0038096,0,0,0,0,-0.54863
0.55939,-0.00363,0,3.8311,0.42918,0.00048641,0.3546
0.55937,-0.0034747,0,2.9258,0.32893,0.00037982,0.35103
0.55935,-0.0033453,0,0,0,0,0.34976
0.56045,-0.0035097,0,3.8108,0.42507,0.00047302,0.5324
0.56043,-0.0033544,0,2.9086,0.3262,0.00036819,0.53074
0.5646,-0.0030337,0,3.6701,0.42055,0.00043111,1.4933
0.56457,-0.0027492,0,0,0,0,1.4877
0.56458,-0.0028785,0,2.7904,0.32117,0.00033556,1.4892
0.56457,-0.0027492,0,0,0,0,1.4877
0.56347,-0.0028763,0,0,0,0,1.2509
0.56328,-0.0031864,0,3.7031,0.41718,0.00043965,1.2058
0.5635,-0.0031609,0,3.6943,0.41723,0.00043742,1.2589
0.56347,-0.0028763,0,0,0,0,1.2509
0.56326,-0.0030312,0,2.8156,0.31979,0.0003411,1.2003
0.56348,-0.0030057,0,2.8081,0.31961,0.00033937,1.2531
0.56277,-0.0029561,0,0,0,0,1.0855
0.57291,-0.0020526,0,3.3696,0.39381,0.00034918,3.5004
0.57289,-0.0018974,0,2.5398,0.29988,0.00026948,3.4951
0.57287,-0.0017682,0,0,0,0,3.493
0.58019,-0.00087149,0,0,0,0,5.6926
0.58429,-0.00043556,0,0,0,0,6.8922
0.40227,0.003724,0,0,0,0,6.3669
0.40209,0.0039494,0,7.3304,5.493,0.031329,7.7351
0.40227,0.003724,0,0,0,0,6.3669
0.40218,0.0038265,0,6.8899,5.4106,0.03422,6.8053
0.58731,0.004012,0,3.77,-0.70868,0.00066266,-5.1382
0.58767,0.0039392,0,3.7128,-0.71004,0.0006295,-4.9388
0.58749,0.003978,0,3.7449,-0.70948,0.0006468,-5.0526
0.58726,0.0038623,0,2.8128,-0.53697,0.00044946,-5.1786
0.58765,0.003784,0,2.7566,-0.53664,0.00041883,-4.9642
0.58745,0.0038249,0,2.7875,-0.53711,0.0004343,-5.0835
0.58722,0.0037376,0,0,0,0,-5.1983
0.58763,0.0036547,0,0,0,0,-4.9715
0.58743,0.0036972,0,0,0,0,-5.0955
0.58645,0.0041807,0,3.8946,-0.70471,0.00074152,-5.5641
0.58642,0.0040272,0,2.9246,-0.53636,0.00051625,-5.5975
0.5864,0.0038992,0,0,0,0,-5.6096
0.58958,0.0035311,0,3.384,-0.71455,0.00045775,-3.734
0.58955,0.0033786,0,2.4672,-0.53109,0.00027647,-3.7676
0.58952,0.0032516,0,0,0,0,-3.7794
0.5906,0.0032961,0,3.1893,-0.69912,0.00036328,-3.0683
0.59056,0.0031441,0,2.2991,-0.51536,0.0001996,-3.0984
0.58852,0.0037648,0,3.5684,-0.71253,0.00055178,-4.4275
0.58848,0.003612,0,2.627,-0.53468,0.00035376,-4.4623
0.58846,0.0034847,0,0,0,0,-4.4754
0.40641,0.0060462,0,0,0,0,-13.91
0.41359,0.0087025,0,9.7247,2.5454,0.01199,-21.391
0.41363,0.0085512,0,8.2758,2.1751,0.011428,-21.596
0.41366,0.0084251,0,0,0,0,-21.682
0.41262,0.0081471,0,0,0,0,-21.172
0.53543,0.0099262,0,5.1018,-0.44999,0.0017465,-13.553
0.53541,0.0097705,0,4.0083,-0.35386,0.001414,-13.557
0.5354,0.0096408,0,0,0,0,-13.559
0.54481,0.0090599,0,4.9229,-0.46683,0.0016191,-12.22
0.5448,0.0089044,0,3.8561,-0.36714,0.0013096,-12.225
0.54479,0.0087748,0,0,0,0,-12.227
0.54582,0.0089626,0,4.8968,-0.46893,0.0016063,-12.02
0.54671,0.0088759,0,4.8715,-0.46793,0.0015824,-11.882
0.5458,0.0088071,0,3.834,-0.36883,0.001299,-12.026
0.54676,0.0087144,0,3.8106,-0.36824,0.0012731,-11.876
0.54579,0.0086775,0,0,0,0,-12.028
0.54897,0.0086534,0,4.8314,-0.47949,0.0015578,-11.544
0.54895,0.0084979,0,3.7796,-0.37542,0.0012547,-11.549
0.54784,0.0084774,0,0,0,0,-11.697
0.5468,0.0085798,0,0,0,0,-11.87
0.54682,0.0088649,0,4.8683,-0.46781,0.0015794,-11.864
0.5468,0.0085798,0,0,0,0,-11.87
0.54681,0.0087094,0,3.8093,-0.36821,0.0012717,-11.868
0.54787,0.0087625,0,4.8411,-0.47227,0.0015643,-11.689
0.54862,0.0086879,0,4.8344,-0.47721,0.0015598,-11.59
0.54784,0.0084774,0,0,0,0,-11.697
0.54785,0.008607,0,3.7858,-0.3706,0.0012579,-11.695
0.54861,0.0085324,0,3.7816,-0.3739,0.0012557,-11.595
0.54863,0.0083995,0,0,0,0,-11.592
0.55107,0.0084431,0,4.8009,-0.47863,0.0015337,-11.277
0.55105,0.0082877,0,3.7529,-0.37573,0.0012347,-11.282
0.55307,0.0082385,0,4.7447,-0.47878,0.0015,-10.921
0.55306,0.0080831,0,3.7046,-0.37599,0.0012043,-10.926
0.55304,0.0079536,0,0,0,0,-10.928
0.56558,0.0068922,0,4.4986,-0.50205,0.0013874,-9.0041
0.56559,0.0068916,0,4.4985,-0.50209,0.0013873,-9.0033
0.56555,0.0066076,0,0,0,0,-9.0122
0.56556,0.006737,0,3.4943,-0.39126,0.0011149,-9.01
0.56556,0.0067367,0,3.4943,-0.39127,0.0011149,-9.0096
0.56555,0.0066076,0,0,0,0,-9.0122
0.56454,0.0070092,0,4.5268,-0.49816,0.0013977,-9.1927
0.56451,0.0067245,0,0,0,0,-9.1998
0.56452,0.0068539,0,3.5186,-0.38924,0.001124,-9.1978
0.56451,0.0067245,0,0,0,0,-9.1998
0.57179,0.0058895,0,0,0,0,-8.1092
0.43124,0.011755,0,8.5509,0.98372,0.0072787,-25.116
0.43126,0.011599,0,6.9609,0.79905,0.0064383,-25.173
0.45209,0.013211,0,7.4203,0.26804,0.0044057,-24.343
0.4521,0.013055,0,5.9767,0.21432,0.0037656,-24.368
0.4573,0.013068,0,0,0,0,-23.929
0.45521,0.013305,0,7.287,0.20346,0.0042152,-24.065
0.45521,0.013149,0,5.8618,0.16173,0.0035941,-24.089
0.45521,0.013019,0,0,0,0,-24.098
0.46041,0.013408,0,7.0758,0.10412,0.0039453,-23.59
0.46042,0.013252,0,5.6806,0.081681,0.0033392,-23.613
0.45938,0.013106,0,0,0,0,-23.711
0.46146,0.01342,0,7.0334,0.086407,0.0038912,-23.468
0.46146,0.013264,0,5.6439,0.067377,0.0032885,-23.488
0.46458,0.013443,0,6.9188,0.035896,0.0037432,-23.15
0.46458,0.013287,0,5.5477,0.026873,0.0031523,-23.17
0.46458,0.013157,0,0,0,0,-23.178
0.46562,0.013446,0,6.8801,0.021467,0.0036979,-23.012
0.46562,0.01329,0,5.5157,0.015401,0.0031123,-23.029
0.46354,0.013438,0,6.9582,0.05309,0.003793,-23.262
0.46354,0.013282,0,5.5824,0.040832,0.0031991,-23.283
0.46875,0.013441,0,6.772,-0.023057,0.0035654,-22.669
0.46875,0.013285,0,5.4253,-0.020257,0.0029929,-22.685
0.46771,0.013445,0,6.8088,-0.0092741,0.0036081,-22.804
0.46771,0.013289,0,5.4568,-0.0092166,0.0030309,-22.822
0.46771,0.013159,0,0,0,0,-22.829
0.47292,0.013405,0,6.6348,-0.075529,0.0034119,-22.18
0.47292,0.013249,0,5.3108,-0.062136,0.0028563,-22.194
0.47291,0.013119,0,0,0,0,-22.2
0.47396,0.013391,0,6.6026,-0.088162,0.0033762,-22.07
0.47396,0.013235,0,5.2842,-0.072219,0.0028245,-22.085
0.47396,0.013105,0,0,0,0,-22.091
0.47709,0.013337,0,6.5053,-0.12296,0.0032726,-21.692
0.47708,0.01318,0,5.2026,-0.099989,0.0027322,-21.706
0.47708,0.01305,0,0,0,0,-21.712
0.47604,0.013356,0,6.5361,-0.11137,0.0033062,-21.806
0.47604,0.0132,0,5.228,-0.090749,0.0027621,-21.819
0.48125,0.013238,0,6.3784,-0.16549,0.0031661,-21.173
0.48125,0.013082,0,5.0944,-0.13393,0.002643,-21.186
0.48124,0.012951,0,0,0,0,-21.191
0.48228,0.012923,0,0,0,0,-21.044
0.48021,0.013265,0,6.4102,-0.15493,0.0031898,-21.303
0.48021,0.013109,0,5.1222,-0.12544,0.0026637,-21.317
0.48535,0.013113,0,6.2448,-0.20236,0.0030442,-20.565
0.48535,0.012957,0,4.9773,-0.16247,0.00253,-20.578
0.48534,0.012827,0,0,0,0,-20.583
0.50626,0.012117,0,5.7475,-0.341,0.0023816,-17.778
0.50625,0.011961,0,4.5643,-0.27252,0.0019611,-17.784
0.50624,0.011831,0,0,0,0,-17.787
0.43648,-0.010506,0,0,0,0,-19.429
0.43853,-0.010897,0,7.6439,-0.37376,0.0033812,-19.16
0.43854,-0.010741,0,6.1476,-0.29763,0.0028657,-19.198
0.43855,-0.010611,0,0,0,0,-19.212
0.44478,-0.011118,0,7.2716,-0.19729,0.0029461,-18.445
0.44478,-0.010962,0,5.8254,-0.15537,0.0024704,-18.473
0.44479,-0.010832,0,0,0,0,-18.484
0.45515,-0.011224,0,6.7557,0.014572,0.0023991,-16.995
0.45515,-0.011068,0,5.394,0.013353,0.0019878,-17.016
0.46147,-0.011156,0,6.5236,0.10438,0.0021578,-16.066
0.46146,-0.011,0,5.203,0.085399,0.0017725,-16.081
0.46146,-0.01087,0,0,0,0,-16.086
0.46355,-0.011115,0,6.4421,0.13058,0.0021004,-15.775
0.46355,-0.010959,0,5.133,0.10645,0.0017256,-15.791
0.46979,-0.010655,0,0,0,0,-14.857
0.41565,-0.0084637,0,9.419,-1.8594,0.0053328,-18.896
0.41568,-0.0083103,0,7.9171,-1.5676,0.0049719,-19.055
0.41462,-0.0082582,0,9.491,-1.9904,0.0055273,-18.561
0.41465,-0.0081052,0,8.0134,-1.6862,0.0051985,-18.741
0.51349,-0.0082107,0,4.9386,0.40886,0.0011387,-7.7807
0.51347,-0.008055,0,3.8572,0.32183,0.0009074,-7.7856
0.53646,-0.0060765,0,4.4097,0.44004,0.00078496,-3.96
0.53645,-0.0059211,0,3.4095,0.34089,0.00061691,-3.9638
0.53536,-0.0061865,0,4.4235,0.43428,0.0008033,-4.1363
0.53535,-0.006031,0,3.4188,0.33734,0.00063141,-4.142
0.53533,-0.0059014,0,0,0,0,-4.1442
0.53854,-0.0058671,0,4.3723,0.4365,0.00074499,-3.6361
0.53852,-0.0057116,0,3.378,0.33907,0.00058187,-3.6403
0.58023,-0.0011558,0,2.9891,0.35291,0.00035426,5.6981
0.58021,-0.0010007,0,2.2166,0.26567,0.00028415,5.6941
0.59053,0.0030174,0,0,0,0,-3.1097
0.40521,0.0058133,0,9.2646,4.4587,0.020009,-10.141
0.40527,0.0056726,0,8.4248,4.1381,0.021071,-10.764
0.4063,0.0063093,0,9.5246,4.1118,0.017936,-13.141
0.40636,0.0061658,0,8.55,3.7495,0.018613,-13.677
0.54894,0.0083683,0,0,0,0,-11.55
0.55104,0.0081582,0,0,0,0,-11.284
0.55207,0.0083411,0,4.7742,-0.47987,0.0015213,-11.077
0.55206,0.0081857,0,3.7306,-0.37667,0.0012245,-11.082
0.55204,0.0080561,0,0,0,0,-11.084
0.57182,0.006174,0,4.3883,-0.51181,0.0013201,-8.1018
0.5718,0.0060188,0,3.402,-0.39785,0.0010533,-8.1072
0.43127,0.01147,0,0,0,0,-25.195
0.45107,0.013174,0,7.4531,0.28976,0.0044956,-24.305
0.45108,0.013017,0,5.9997,0.23196,0.0038488,-24.33
0.45108,0.012887,0,0,0,0,-24.34
0.4521,0.012925,0,0,0,0,-24.378
0.45312,0.013245,0,7.3779,0.24471,0.0043341,-24.291
0.45313,0.013089,0,5.9397,0.19508,0.0037004,-24.318
0.45313,0.012958,0,0,0,0,-24.328
0.45625,0.013331,0,7.2453,0.18195,0.0041578,-23.997
0.45625,0.013175,0,5.826,0.14437,0.0035393,-24.022
0.45625,0.013045,0,0,0,0,-24.032
0.45729,0.013354,0,7.2002,0.16091,0.0041027,-23.896
0.45729,0.013198,0,5.7857,0.12723,0.0034866,-23.92
0.45937,0.013393,0,7.1162,0.12359,0.0039993,-23.681
0.45937,0.013236,0,5.7154,0.097415,0.0033909,-23.703
0.46042,0.013121,0,0,0,0,-23.621
0.46146,0.013134,0,0,0,0,-23.496
0.46562,0.01316,0,0,0,0,-23.035
0.46354,0.013152,0,0,0,0,-23.29
0.46875,0.013155,0,0,0,0,-22.691
0.46979,0.013436,0,6.7377,-0.036379,0.0035244,-22.549
0.46979,0.013279,0,5.3973,-0.030841,0.0029566,-22.566
0.46979,0.013149,0,0,0,0,-22.572
0.47188,0.013417,0,6.6683,-0.063713,0.0034472,-22.313
0.47188,0.013261,0,5.3381,-0.052798,0.0028865,-22.329
0.47187,0.013131,0,0,0,0,-22.335
0.47604,0.01307,0,0,0,0,-21.824
0.47813,0.013314,0,6.4722,-0.13446,0.0032411,-21.566
0.47812,0.013158,0,5.1737,-0.10923,0.0027054,-21.58
0.47812,0.013028,0,0,0,0,-21.585
0.48228,0.013209,0,6.3464,-0.17363,0.0031443,-21.028
0.48228,0.013053,0,5.067,-0.14039,0.0026254,-21.04
0.4802,0.012979,0,0,0,0,-21.322
0.48431,0.013148,0,6.2807,-0.19026,0.0030915,-20.766
0.48431,0.012991,0,5.0087,-0.15406,0.0025751,-20.777
0.4843,0.012861,0,0,0,0,-20.782
0.52191,0.011042,0,5.3962,-0.4075,0.001986,-15.614
0.52189,0.010886,0,4.2593,-0.32267,0.0016211,-15.616
0.52188,0.010757,0,0,0,0,-15.618
0.57603,0.0056715,0,4.3393,-0.52029,0.0012845,-7.5479
0.57595,0.0053922,0,0,0,0,-7.5596
0.57599,0.0055191,0,3.3649,-0.4047,0.0010261,-7.5553
0.57496,0.0055125,0,0,0,0,-7.7166
0.57473,0.0058278,0,4.3667,-0.51988,0.0012983,-7.7524
0.57499,0.0057969,0,4.3628,-0.52013,0.0012959,-7.7112
0.57496,0.0055125,0,0,0,0,-7.7166
0.57471,0.0056727,0,3.3876,-0.40427,0.0010375,-7.7558
0.57497,0.0056418,0,3.3845,-0.40454,0.0010355,-7.7152
0.5749,0.0055196,0,0,0,0,-7.7259
0.42405,0.010799,0,9.0391,1.4296,0.0089968,-24.452
0.42499,0.010943,0,8.9738,1.3579,0.0087348,-24.572
0.42404,0.01064,0,7.432,1.1765,0.0081116,-24.546
0.42501,0.010788,0,7.3665,1.1146,0.0078425,-24.659
0.42503,0.01066,0,0,0,0,-24.694
0.52512,0.010791,0,5.3173,-0.41551,0.001936,-15.058
0.52512,0.010635,0,4.1937,-0.32958,0.0015802,-15.062
0.52512,0.010505,0,0,0,0,-15.063
0.52473,0.010822,0,5.3279,-0.41495,0.0019426,-15.12
0.52498,0.010803,0,5.3216,-0.41557,0.0019388,-15.079
0.52471,0.010668,0,4.2031,-0.32904,0.0015865,-15.129
0.52497,0.010647,0,4.1977,-0.3296,0.0015829,-15.084
0.52468,0.010539,0,0,0,0,-15.134
0.52496,0.010517,0,0,0,0,-15.086
0.43445,-0.010387,0,0,0,0,-19.574
0.44166,-0.010739,0,0,0,0,-18.9
0.44166,-0.010739,0,0,0,0,-18.9
0.44166,-0.011025,0,7.4542,-0.27869,0.0031638,-18.85
0.44166,-0.011025,0,7.4543,-0.27873,0.0031639,-18.85
0.44166,-0.010739,0,0,0,0,-18.9
0.44166,-0.010869,0,5.9821,-0.22087,0.0026669,-18.886
0.44166,-0.010869,0,5.9821,-0.22089,0.0026669,-18.886
0.44373,-0.01109,0,7.3293,-0.22266,0.0030169,-18.574
0.44374,-0.010934,0,5.8733,-0.17551,0.0025334,-18.604
0.44998,-0.011208,0,7.0133,-0.078395,0.0026336,-17.797
0.44999,-0.011052,0,5.612,-0.06116,0.002194,-17.822
0.44999,-0.010922,0,0,0,0,-17.831
0.44791,-0.010895,0,0,0,0,-18.094
0.44999,-0.010922,0,0,0,0,-17.831
0.44999,-0.010922,0,0,0,0,-17.831
0.45834,-0.010914,0,0,0,0,-16.627
0.4573,-0.010924,0,0,0,0,-16.802
0.45835,-0.011201,0,6.6489,0.060777,0.0022715,-16.6
0.45834,-0.010914,0,0,0,0,-16.627
0.45834,-0.011045,0,5.3033,0.050446,0.001878,-16.619
0.45834,-0.010914,0,0,0,0,-16.627
0.46563,-0.011065,0,6.3581,0.15322,0.0020505,-15.455
0.46563,-0.011065,0,6.3581,0.1532,0.0020505,-15.455
0.46563,-0.010779,0,0,0,0,-15.475
0.46563,-0.010909,0,5.0596,0.1243,0.0016832,-15.47
0.46563,-0.010909,0,5.0596,0.12429,0.0016832,-15.47
0.46771,-0.011007,0,6.2735,0.17621,0.0019957,-15.148
0.46668,-0.011037,0,6.3166,0.16526,0.0020236,-15.311
0.46771,-0.010851,0,4.9842,0.14248,0.0016339,-15.161
0.46667,-0.010881,0,5.023,0.13384,0.001659,-15.327
0.46667,-0.010751,0,0,0,0,-15.333
0.46845,-0.010985,0,6.2446,0.18318,0.0019767,-15.031
0.46771,-0.010721,0,0,0,0,-15.167
0.46844,-0.010829,0,4.9596,0.14789,0.0016171,-15.045
0.4683,-0.010703,0,0,0,0,-15.072
0.47499,-0.010745,0,5.9954,0.24181,0.0018193,-14.019
0.47499,-0.010589,0,4.7454,0.19374,0.001481,-14.03
0.47498,-0.010459,0,0,0,0,-14.034
0.47478,-0.010754,0,6.0035,0.24031,0.0018237,-14.055
0.47293,-0.010829,0,6.0739,0.22505,0.0018638,-14.353
0.47478,-0.010598,0,4.7522,0.19259,0.0014846,-14.066
0.47292,-0.010673,0,4.8133,0.18058,0.0015188,-14.367
0.47478,-0.010467,0,0,0,0,-14.07
0.476,-0.010416,0,0,0,0,-13.87
0.476,-0.010416,0,0,0,0,-13.87
0.58329,-0.00052693,0,0,0,0,6.6784
0.58228,-0.00062891,0,0,0,0,6.3957
0.58332,-0.00081207,0,2.8658,0.27494,0.00045105,6.6684
0.58329,-0.00052693,0,0,0,0,6.6784
0.5833,-0.00065654,0,2.1371,0.20729,0.00037835,6.6757
0.58429,-0.00043556,0,0,0,0,6.8922
0.53227,0.010201,0,5.1711,-0.43671,0.0018025,-14.013
0.53225,0.0099154,0,0,0,0,-14.019
0.53226,0.010045,0,4.0695,-0.34542,0.0014652,-14.017
0.53225,0.0099154,0,0,0,0,-14.019
0.53225,0.0099154,0,0,0,0,-14.019
0.57395,0.0056334,0,0,0,0,-7.8746
0.57395,0.0056334,0,0,0,0,-7.8746
0.42403,0.010507,0,0,0,0,-24.581
0.42403,0.010507,0,0,0,0,-24.581
0.51042,-0.008467,0,5.0312,0.40722,0.0011805,-8.3348
0.51042,-0.0083102,0,3.9357,0.32023,0.00094197,-8.3381
0.51144,-0.0080946,0,0,0,0,-8.1305
0.51245,-0.00801,0,0,0,0,-7.9417
0.51248,-0.0082955,0,4.9707,0.40996,0.0011539,-7.9352
0.5131,-0.0082432,0,4.9509,0.40928,0.0011445,-7.8399
0.51247,-0.0081397,0,3.8858,0.32249,0.00092075,-7.9399
0.51309,-0.0080875,0,3.8682,0.32208,0.00091251,-7.8447
0.51245,-0.00801,0,0,0,0,-7.9417
0.56042,-0.0032251,0,0,0,0,0.52986
0.56239,-0.0032883,0,3.7386,0.4173,0.00044872,0.99338
0.56063,-0.0034888,0,3.8048,0.42447,0.00047063,0.57566
0.56241,-0.0031287,0,2.8445,0.32057,0.00034777,0.99758
0.56052,-0.0033445,0,2.9062,0.32601,0.00036722,0.55113
0.56243,-0.002996,0,0,0,0,1.0029
0.56246,-0.0032806,0,3.7357,0.41698,0.00044791,1.0095
0.56243,-0.002996,0,0,0,0,1.0029
0.56244,-0.0031253,0,2.8434,0.32047,0.00034748,1.0047
0.59162,0.0030475,0,2.9725,-0.68155,0.00027406,-2.3039
0.59266,0.0027841,0,2.7543,-0.66104,0.00019521,-1.5248
0.59339,0.0025902,0,2.601,-0.64197,0.00014677,-0.98358
0.59164,0.0028834,0,2.1056,-0.49588,0.00012668,-2.2992
0.59262,0.0026328,0,1.9352,-0.47634,7.1126e-05,-1.5562
0.59334,0.0024437,0,1.8152,-0.45943,3.744e-05,-1.0259
0.59164,0.0027467,0,0,0,0,-2.281
0.59259,0.0025068,0,0,0,0,-1.5672
0.59329,0.0023219,0,0,0,0,-1.0475
0.59161,0.003051,0,2.9754,-0.68181,0.00027509,-2.3141
0.59157,0.0028993,0,2.1164,-0.49712,0.0001302,-2.3464
0.59154,0.0027729,0,0,0,0,-2.3591
0.59141,0.0031004,0,3.0185,-0.6853,0.00029287,-2.4661
0.59085,0.0030752,0,2.2477,-0.51023,0.00018008,-2.8869
0.55832,0.007689,0,4.6518,-0.4911,0.0014441,-10.133
0.55829,0.0074041,0,0,0,0,-10.141
0.5583,0.0075336,0,3.6268,-0.38455,0.001161,-10.139
0.55829,0.0074041,0,0,0,0,-10.141
0.55932,0.0075813,0,4.6233,-0.48962,0.0014267,-9.98
0.55929,0.0072965,0,0,0,0,-9.9856
0.55931,0.007426,0,3.6015,-0.38353,0.0011445,-9.984
0.55929,0.0072965,0,0,0,0,-9.9856
0.44167,0.012683,0,7.921,0.55311,0.005369,-24.968
0.44169,0.012398,0,0,0,0,-25.017
0.44168,0.012528,0,6.4029,0.44526,0.0046469,-25.003
0.44169,0.012398,0,0,0,0,-25.017
0.4427,0.012752,0,7.8718,0.52052,0.0052305,-24.973
0.4427,0.012752,0,7.8715,0.52035,0.0052299,-24.973
0.44272,0.012466,0,0,0,0,-25.026
0.44271,0.012596,0,6.3614,0.41879,0.0045225,-25.011
0.44271,0.012596,0,6.3613,0.41872,0.0045223,-25.011
0.44272,0.012466,0,0,0,0,-25.026
0.44581,0.012934,0,7.708,0.42716,0.0049096,-24.777
0.44633,0.012961,0,7.6871,0.41208,0.0048577,-24.758
0.44582,0.012778,0,6.2167,0.34252,0.0042347,-24.809
0.44634,0.012805,0,6.2004,0.33082,0.0041874,-24.791
0.44582,0.012648,0,0,0,0,-24.821
0.44634,0.012675,0,0,0,0,-24.803
0.44477,0.012877,0,7.76,0.4557,0.0050112,-24.828
0.44478,0.012721,0,6.2613,0.36552,0.0043281,-24.862
0.44479,0.012591,0,0,0,0,-24.876
0.44425,0.012847,0,7.7879,0.47129,0.0050642,-24.873
0.44426,0.012691,0,6.2859,0.37827,0.0043755,-24.91
0.44427,0.012561,0,0,0,0,-24.924
0.48752,0.013037,0,6.2183,-0.22278,0.0029539,-20.409
0.48648,0.013075,0,6.2299,-0.21698,0.0029865,-20.446
0.48752,0.012881,0,4.96,-0.17886,0.0024535,-20.416
0.48646,0.012919,0,4.9687,-0.17314,0.0024789,-20.458
0.48752,0.012751,0,0,0,0,-20.42
0.48644,0.01279,0,0,0,0,-20.462
0.48645,0.013076,0,6.2302,-0.21684,0.0029873,-20.447
0.48644,0.01279,0,0,0,0,-20.462
0.48645,0.01292,0,4.9688,-0.17308,0.0024791,-20.458
0.48644,0.01279,0,0,0,0,-20.462
0.49165,0.012874,0,6.1146,-0.2528,0.0028477,-19.76
0.49168,0.012873,0,6.1139,-0.25295,0.002847,-19.756
0.49167,0.012586,0,0,0,0,-19.768
0.49166,0.012717,0,4.8788,-0.20336,0.0023674,-19.766
0.49167,0.012717,0,4.8786,-0.20342,0.0023671,-19.765
0.49167,0.012586,0,0,0,0,-19.768
0.49272,0.012828,0,6.0877,-0.2601,0.0028176,-19.634
0.49271,0.012542,0,0,0,0,-19.647
0.49271,0.012672,0,4.8562,-0.20916,0.0023402,-19.643
0.49271,0.012542,0,0,0,0,-19.647
0.49583,0.012685,0,6.0008,-0.28026,0.002725,-19.232
0.49584,0.012684,0,6.0006,-0.28029,0.0027249,-19.232
0.49582,0.012398,0,0,0,0,-19.245
0.49583,0.012529,0,4.7769,-0.22498,0.0022559,-19.242
0.49583,0.012528,0,4.7768,-0.22499,0.0022558,-19.242
0.49582,0.012398,0,0,0,0,-19.245
0.49582,0.012398,0,0,0,0,-19.245
0.4948,0.012734,0,6.0292,-0.27329,0.0027557,-19.357
0.49479,0.012577,0,4.8026,-0.21946,0.0022837,-19.366
0.49479,0.012447,0,0,0,0,-19.369
0.49377,0.012781,0,6.0584,-0.26728,0.002786,-19.498
0.49376,0.012625,0,4.8291,-0.21483,0.0023111,-19.509
0.52081,0.010838,0,0,0,0,-15.691
0.51973,0.011206,0,5.4148,-0.39723,0.0020305,-15.819
0.51972,0.01105,0,4.272,-0.31472,0.0016566,-15.828
0.52081,0.010838,0,0,0,0,-15.691
0.51971,0.010921,0,0,0,0,-15.831
0.51867,0.010998,0,0,0,0,-16.013
0.52084,0.011124,0,5.4036,-0.40673,0.0020056,-15.682
0.52105,0.011108,0,5.4021,-0.40688,0.0020018,-15.669
0.52081,0.010838,0,0,0,0,-15.691
0.52082,0.010968,0,4.2649,-0.32125,0.0016365,-15.689
0.52094,0.010959,0,4.2643,-0.3214,0.0016349,-15.681
0.43749,-0.010846,0,7.7116,-0.4073,0.0034525,-19.273
0.4375,-0.01069,0,6.2067,-0.32479,0.0029305,-19.312
0.43751,-0.01056,0,0,0,0,-19.327
0.43648,-0.010506,0,0,0,0,-19.429
0.43648,-0.010506,0,0,0,0,-19.429
0.43825,-0.010883,0,7.662,-0.38275,0.0034003,-19.19
0.43826,-0.010727,0,6.1636,-0.30498,0.0028832,-19.229
0.43826,-0.010597,0,0,0,0,-19.244
0.44583,-0.010857,0,0,0,0,-18.369
0.44583,-0.010857,0,0,0,0,-18.369
0.44375,-0.010804,0,0,0,0,-18.615
0.44583,-0.011143,0,7.2175,-0.17226,0.0028766,-18.329
0.44582,-0.011143,0,7.2176,-0.1723,0.0028767,-18.329
0.44583,-0.010857,0,0,0,0,-18.369
0.44583,-0.010987,0,5.7803,-0.13548,0.002408,-18.358
0.44583,-0.010987,0,5.7803,-0.13549,0.002408,-18.358
0.44791,-0.010895,0,0,0,0,-18.094
0.46251,-0.011137,0,6.4846,0.11745,0.0021259,-15.928
0.46251,-0.010981,0,5.1707,0.09589,0.0017454,-15.944
0.46251,-0.011137,0,6.4846,0.11745,0.0021259,-15.928
0.4625,-0.010981,0,5.1707,0.09589,0.0017454,-15.944
0.46251,-0.011137,0,6.4844,0.1175,0.0021258,-15.927
0.4625,-0.010851,0,0,0,0,-15.95
0.46251,-0.010981,0,5.1706,0.095927,0.0017453,-15.943
0.46251,-0.010851,0,0,0,0,-15.95
0.4625,-0.010851,0,0,0,0,-15.95
0.46354,-0.010829,0,0,0,0,-15.797
0.46354,-0.010829,0,0,0,0,-15.797
0.47084,-0.010906,0,6.1516,0.20715,0.0019149,-14.677
0.47084,-0.01075,0,4.8793,0.16671,0.0015626,-14.691
0.46895,-0.010969,0,6.2252,0.18807,0.0019638,-14.956
0.46979,-0.010655,0,0,0,0,-14.857
0.46894,-0.010813,0,4.9432,0.15171,0.0016058,-14.97
0.46937,-0.010669,0,0,0,0,-14.914
0.47083,-0.010619,0,0,0,0,-14.696
0.47083,-0.010619,0,0,0,0,-14.696
0.47083,-0.010619,0,0,0,0,-14.696
0.47291,-0.010543,0,0,0,0,-14.372
0.4157,-0.0081825,0,0,0,0,-19.121
0.51346,-0.0079253,0,0,0,0,-7.7876
0.53752,-0.0059696,0,4.3973,0.43783,0.00076543,-3.8398
0.53751,-0.0058141,0,3.3995,0.33983,0.0006003,-3.8413
0.5375,-0.0056846,0,0,0,0,-3.8421
0.53647,-0.0060756,0,4.4096,0.44002,0.00078478,-3.9589
0.53643,-0.0057915,0,0,0,0,-3.9652
0.53645,-0.0059206,0,3.4095,0.34089,0.00061684,-3.9633
0.53643,-0.0057915,0,0,0,0,-3.9652
0.53852,-0.0058691,0,4.3727,0.43652,0.00074538,-3.64
0.53851,-0.0057125,0,3.3782,0.33908,0.00058203,-3.642
0.53851,-0.0055821,0,0,0,0,-3.6419
0.53851,-0.0055821,0,0,0,0,-3.6419
0.58019,-0.00087149,0,0,0,0,5.6926
0.57909,-0.0010082,0,0,0,0,5.3218
0.57913,-0.0012925,0,3.0504,0.36119,0.00034299,5.3327
0.57909,-0.0010082,0,0,0,0,5.3218
0.57911,-0.0011374,0,2.2681,0.27322,0.00027163,5.325
0.57909,-0.0010082,0,0,0,0,5.3218
0.40533,0.0055554,0,0,0,0,-11.038
0.40533,0.0055554,0,0,0,0,-11.038
0.58017,0.0051623,0,4.3417,-0.54901,0.0011886,-7.2061
0.58015,0.0050073,0,3.3811,-0.42683,0.00093507,-7.2141
0.58014,0.0048782,0,0,0,0,-7.2166
0.58014,0.0048782,0,0,0,0,-7.2166
0.59053,0.0030174,0,0,0,0,-3.1097
0.59053,0.0030174,0,0,0,0,-3.1097
0.4115,0.0081295,0,9.8003,2.8911,0.012959,-20.069
0.41248,0.0084063,0,9.7726,2.7177,0.012455,-20.788
0.41068,0.0078833,0,9.8072,3.0449,0.013454,-19.374
0.41154,0.0079795,0,8.4353,2.5055,0.012603,-20.333
0.41255,0.0082645,0,8.3601,2.3336,0.011968,-21.05
0.41075,0.0077422,0,8.4836,2.6503,0.013189,-19.685
0.41157,0.0078545,0,0,0,0,-20.445
0.41081,0.0076244,0,0,0,0,-19.826
0.41262,0.0081471,0,0,0,0,-21.172
0.41254,0.0084233,0,9.7709,2.707,0.012424,-20.832
0.41262,0.0081471,0,0,0,0,-21.172
0.41258,0.0082726,0,8.3579,2.3287,0.01195,-21.071
0.42193,0.010164,0,0,0,0,-24.322
0.42188,0.010446,0,9.2016,1.6041,0.0095626,-24.177
0.42193,0.010164,0,0,0,0,-24.322
0.42191,0.010292,0,7.6037,1.3263,0.0086888,-24.28
0.42193,0.010164,0,0,0,0,-24.322
0.53022,0.010088,0,0,0,0,-14.379
0.53024,0.010374,0,5.224,-0.43243,0.001833,-14.371
0.53022,0.010088,0,0,0,0,-14.379
0.53023,0.010218,0,4.1143,-0.34195,0.0014905,-14.377
0.53022,0.010088,0,0,0,0,-14.379
0.549,0.0086504,0,4.8312,-0.47947,0.0015574,-11.542
0.54894,0.0083683,0,0,0,0,-11.55
0.54897,0.0084966,0,3.7796,-0.37542,0.0012545,-11.547
0.55099,0.0084506,0,4.8025,-0.47866,0.0015345,-11.289
0.55004,0.0085466,0,4.8239,-0.47901,0.0015439,-11.45
0.55101,0.0082911,0,3.7536,-0.37573,0.001235,-11.287
0.55002,0.0083911,0,3.7736,-0.37582,0.0012428,-11.452
0.55001,0.0082616,0,0,0,0,-11.453
0.55731,0.0077959,0,4.6772,-0.48958,0.0014533,-10.327
0.55669,0.0078619,0,4.6903,-0.4896,0.0014582,-10.429
0.55728,0.0075111,0,0,0,0,-10.334
0.5573,0.0076405,0,3.6476,-0.38333,0.0011668,-10.332
0.55667,0.0077066,0,3.6592,-0.3832,0.00117,-10.432
0.55728,0.0075111,0,0,0,0,-10.334
0.55646,0.0075977,0,0,0,0,-10.464
0.5511,0.0084394,0,4.7999,-0.47868,0.0015333,-11.27
0.55104,0.0081582,0,0,0,0,-11.284
0.55107,0.008286,0,3.7525,-0.37575,0.0012345,-11.278
0.55321,0.0082243,0,4.7409,-0.47938,0.001498,-10.898
0.55412,0.0081308,0,4.7157,-0.48329,0.0014848,-10.741
0.55409,0.0078459,0,0,0,0,-10.75
0.5532,0.0080689,0,3.7011,-0.37629,0.0012025,-10.902
0.5541,0.0079754,0,3.6782,-0.3783,0.0011905,-10.747
0.55409,0.0078459,0,0,0,0,-10.75
0.55409,0.0078459,0,0,0,0,-10.75
0.55522,0.0080162,0,4.7052,-0.49019,0.0014752,-10.589
0.55626,0.0079069,0,4.6988,-0.48963,0.0014617,-10.497
0.5552,0.0078608,0,3.6713,-0.38281,0.0011838,-10.593
0.55626,0.0077501,0,3.6666,-0.38312,0.0011721,-10.497
0.55519,0.0077313,0,0,0,0,-10.594
0.55307,0.008239,0,4.7448,-0.47879,0.0015001,-10.922
0.55306,0.0080833,0,3.7046,-0.37599,0.0012044,-10.926
0.55304,0.0079536,0,0,0,0,-10.928
0.44065,0.012612,0,7.9674,0.58399,0.0055438,-24.926
0.44055,0.012605,0,7.973,0.58762,0.0055636,-24.93
0.44067,0.012327,0,0,0,0,-24.98
0.44066,0.012456,0,6.4381,0.47019,0.0048097,-24.965
0.44061,0.012453,0,6.4402,0.47158,0.0048187,-24.968
0.44067,0.012327,0,0,0,0,-24.98
0.44685,0.012989,0,7.6661,0.39693,0.0048056,-24.74
0.44686,0.012833,0,6.1842,0.31909,0.00414,-24.772
0.44686,0.012703,0,0,0,0,-24.784
0.44902,0.01309,0,7.5609,0.3461,0.0047023,-24.672
0.44902,0.01309,0,7.561,0.34614,0.0047023,-24.673
0.44903,0.012804,0,0,0,0,-24.719
0.44903,0.012934,0,6.0857,0.27548,0.0040467,-24.706
0.44903,0.012934,0,6.0858,0.2755,0.0040468,-24.706
0.44903,0.012804,0,0,0,0,-24.719
0.44903,0.012804,0,0,0,0,-24.719
0.45006,0.013134,0,7.4954,0.31372,0.0046087,-24.394
0.45007,0.012978,0,6.0284,0.25064,0.0039563,-24.429
0.45008,0.012848,0,0,0,0,-24.441
0.45208,0.013211,0,7.4207,0.26828,0.0044067,-24.342
0.45209,0.013055,0,5.9768,0.21441,0.003766,-24.368
0.45214,0.013213,0,7.4185,0.267,0.0044025,-24.34
0.45212,0.013055,0,5.976,0.21393,0.0037643,-24.367
0.45452,0.013286,0,7.3156,0.21678,0.004253,-24.128
0.45417,0.013276,0,7.3304,0.22363,0.0042725,-24.161
0.45452,0.01313,0,5.8858,0.17245,0.0036283,-24.152
0.45417,0.01312,0,5.898,0.17788,0.0036457,-24.185
0.45452,0.013,0,0,0,0,-24.162
0.45417,0.01299,0,0,0,0,-24.194
0.4573,0.013068,0,0,0,0,-23.929
0.4573,0.013068,0,0,0,0,-23.929
0.45834,0.013088,0,0,0,0,-23.801
0.45833,0.013374,0,7.1563,0.14236,0.0040506,-23.772
0.45834,0.013088,0,0,0,0,-23.801
0.45833,0.013218,0,5.7483,0.11236,0.0034386,-23.793
0.4559,0.013323,0,7.2593,0.18919,0.0041771,-24.02
0.4559,0.013166,0,5.838,0.15018,0.0035576,-24.044
0.45591,0.013036,0,0,0,0,-24.054
0.45955,0.013395,0,7.1093,0.12026,0.00399,-23.665
0.45938,0.013106,0,0,0,0,-23.711
0.45955,0.013239,0,5.7094,0.094719,0.0033821,-23.687
0.45982,0.013113,0,0,0,0,-23.673
0.46146,0.013134,0,0,0,0,-23.496
0.4625,0.01343,0,6.9946,0.070445,0.0038423,-23.349
0.4625,0.013274,0,5.6124,0.054747,0.0032448,-23.368
0.4625,0.013144,0,0,0,0,-23.375
0.4625,0.013144,0,0,0,0,-23.375
0.46564,0.013446,0,6.8796,0.021249,0.0036972,-23.01
0.46562,0.01316,0,0,0,0,-23.035
0.46563,0.01329,0,5.5155,0.015323,0.0031121,-23.028
0.46562,0.01316,0,0,0,0,-23.035
0.46735,0.013446,0,6.8212,-0.0039139,0.0036234,-22.84
0.46667,0.013447,0,6.8451,0.0063468,0.0036526,-22.91
0.46736,0.01329,0,5.4673,-0.004962,0.0030447,-22.858
0.46667,0.013291,0,5.4877,0.0033789,0.0030718,-22.928
0.46736,0.01316,0,0,0,0,-22.865
0.46667,0.013161,0,0,0,0,-22.935
0.46354,0.013152,0,0,0,0,-23.29
0.46354,0.013152,0,0,0,0,-23.29
0.46875,0.013155,0,0,0,0,-22.691
0.47032,0.013432,0,6.7206,-0.04347,0.0035047,-22.495
0.46876,0.013441,0,6.7718,-0.023138,0.0035652,-22.668
0.47031,0.013275,0,5.3829,-0.036508,0.0029386,-22.512
0.46875,0.013285,0,5.4252,-0.020287,0.0029928,-22.685
0.47031,0.013145,0,0,0,0,-22.519
0.47084,0.013428,0,6.7038,-0.050455,0.0034852,-22.442
0.47083,0.013271,0,5.3686,-0.042136,0.0029207,-22.459
0.47083,0.013141,0,0,0,0,-22.466
0.47147,0.013421,0,6.6822,-0.05854,0.003462,-22.363
0.47147,0.013265,0,5.3499,-0.04867,0.0028998,-22.379
0.47147,0.013135,0,0,0,0,-22.385
0.475,0.013374,0,6.5687,-0.1006,0.0033398,-21.945
0.475,0.013218,0,5.2549,-0.082223,0.0027915,-21.96
0.475,0.013088,0,0,0,0,-21.966
0.47604,0.01307,0,0,0,0,-21.824
0.47213,0.013414,0,6.6603,-0.066554,0.0034387,-22.281
0.47212,0.013258,0,5.3316,-0.055031,0.0028793,-22.297
0.47212,0.013128,0,0,0,0,-22.303
0.47604,0.01307,0,0,0,0,-21.824
0.47604,0.01307,0,0,0,0,-21.824
0.47833,0.01331,0,6.4659,-0.1364,0.0032359,-21.537
0.47778,0.013322,0,6.4832,-0.13064,0.0032515,-21.608
0.47833,0.013153,0,5.1684,-0.11076,0.0027014,-21.551
0.47778,0.013166,0,5.1833,-0.10616,0.0027143,-21.622
0.47833,0.013023,0,0,0,0,-21.556
0.47777,0.013035,0,0,0,0,-21.627
0.47917,0.013291,0,6.4403,-0.14418,0.0032151,-21.42
0.47916,0.013135,0,5.1472,-0.1169,0.0026854,-21.433
0.47916,0.013004,0,0,0,0,-21.437
0.4802,0.012979,0,0,0,0,-21.322
0.48227,0.013209,0,6.3466,-0.17356,0.0031445,-21.03
0.48228,0.012923,0,0,0,0,-21.044
0.48227,0.013053,0,5.0671,-0.14036,0.0026254,-21.04
0.48329,0.012893,0,0,0,0,-20.914
0.4833,0.013179,0,6.317,-0.18313,0.0031196,-20.896
0.48329,0.012893,0,0,0,0,-20.914
0.4833,0.013023,0,5.0421,-0.14793,0.0026032,-20.909
0.48329,0.012893,0,0,0,0,-20.914
0.4802,0.012979,0,0,0,0,-21.322
0.4802,0.012979,0,0,0,0,-21.322
0.49064,0.012916,0,6.1397,-0.24682,0.0028762,-19.897
0.48961,0.012958,0,6.1662,-0.23881,0.0029072,-20.041
0.49063,0.01276,0,4.8986,-0.19841,0.0023927,-19.907
0.4896,0.012802,0,4.9192,-0.19173,0.0024202,-20.054
0.49063,0.01263,0,0,0,0,-19.91
0.48856,0.012998,0,6.1938,-0.22963,0.0029335,-20.231
0.4896,0.012959,0,6.1665,-0.23872,0.0029075,-20.043
0.48856,0.012842,0,4.9401,-0.18441,0.0024411,-20.241
0.48959,0.012802,0,4.9193,-0.19169,0.0024204,-20.054
0.48855,0.012712,0,0,0,0,-20.245
0.48471,0.013134,0,6.2669,-0.19491,0.0030733,-20.688
0.48471,0.012978,0,4.9966,-0.15729,0.0025578,-20.701
0.4847,0.012848,0,0,0,0,-20.706
0.4989,0.012532,0,5.9047,-0.29616,0.0026251,-18.806
0.49856,0.012549,0,5.916,-0.29487,0.0026373,-18.85
0.49889,0.012376,0,4.6901,-0.23765,0.0021656,-18.816
0.49855,0.012393,0,4.7005,-0.23654,0.002177,-18.859
0.49888,0.012246,0,0,0,0,-18.819
0.49855,0.012263,0,0,0,0,-18.863
0.49687,0.012634,0,5.9689,-0.28647,0.0026935,-19.096
0.49686,0.012478,0,4.7476,-0.22988,0.0022276,-19.106
0.49686,0.012348,0,0,0,0,-19.109
0.56668,0.0067677,0,4.4895,-0.50876,0.0013695,-8.8562
0.56666,0.0066125,0,3.4896,-0.39574,0.0010979,-8.8598
0.56665,0.0064831,0,0,0,0,-8.8611
0.56775,0.0066462,0,4.4835,-0.50843,0.001359,-8.759
0.56773,0.0064909,0,3.4858,-0.39625,0.0010896,-8.7605
0.56771,0.0063616,0,0,0,0,-8.7613
0.56877,0.0065286,0,4.463,-0.50803,0.0013496,-8.5936
0.56875,0.0063734,0,3.4674,-0.39609,0.0010839,-8.5977
0.56874,0.006244,0,0,0,0,-8.5993
0.56974,0.0061282,0,0,0,0,-8.4146
0.51768,0.011357,0,5.4783,-0.38922,0.0020787,-16.15
0.51767,0.011201,0,4.3315,-0.30961,0.0016998,-16.157
0.51766,0.011071,0,0,0,0,-16.159
0.51867,0.010998,0,0,0,0,-16.013
0.51667,0.01143,0,5.5047,-0.38579,0.0021004,-16.3
0.51665,0.011144,0,0,0,0,-16.308
0.51666,0.011274,0,4.3556,-0.30706,0.0017193,-16.305
0.51665,0.011144,0,0,0,0,-16.308
0.51665,0.011144,0,0,0,0,-16.308
0.51866,0.011285,0,5.4472,-0.39007,0.0020563,-16.009
0.51866,0.011128,0,4.3011,-0.31037,0.001679,-16.013
0.51869,0.011283,0,5.4462,-0.39009,0.0020556,-16.004
0.51867,0.010998,0,0,0,0,-16.013
0.51868,0.011127,0,4.3007,-0.31038,0.0016787,-16.011
0.43546,-0.010449,0,0,0,0,-19.484
0.44375,-0.010804,0,0,0,0,-18.615
0.44791,-0.010895,0,0,0,0,-18.094
0.45623,-0.010932,0,0,0,0,-16.905
0.46875,-0.010689,0,0,0,0,-15
0.47291,-0.010543,0,0,0,0,-14.372
0.47701,-0.010371,0,0,0,0,-13.713
0.40638,-0.0056498,0,0,0,0,-11.684
0.40638,-0.0056498,0,0,0,0,-11.684
0.40814,-0.0065809,0,9.6894,-3.2184,0.0070568,-14.134
0.40828,-0.0064638,0,8.531,-2.8444,0.0070831,-14.682
0.40833,-0.0066446,0,9.7022,-3.1678,0.007013,-14.423
0.40842,-0.006372,0,0,0,0,-14.996
0.40838,-0.0064959,0,8.5286,-2.818,0.0070494,-14.824
0.40842,-0.006372,0,0,0,0,-14.996
0.53128,-0.0065878,0,4.5469,0.43496,0.00086709,-4.8862
0.53127,-0.0064323,0,3.5272,0.33915,0.00068164,-4.8907
0.53125,-0.0063027,0,0,0,0,-4.8923
0.53331,-0.0063895,0,4.4891,0.43424,0.00084474,-4.5
0.53328,-0.0061044,0,0,0,0,-4.5054
0.5333,-0.006234,0,3.4794,0.33859,0.00066621,-4.5039
0.53328,-0.0061044,0,0,0,0,-4.5054
0.53328,-0.0061044,0,0,0,0,-4.5054
0.53196,-0.0065215,0,4.5267,0.43464,0.00086024,-4.7482
0.5323,-0.0064884,0,4.5166,0.43448,0.00085683,-4.6794
0.53195,-0.006366,0,3.5102,0.3389,0.00067725,-4.7528
0.53229,-0.0063329,0,3.5017,0.33878,0.00067505,-4.6839
0.53193,-0.0062364,0,0,0,0,-4.7545
0.53227,-0.0062033,0,0,0,0,-4.6856
0.53022,-0.0064028,0,0,0,0,-5.0781
0.53429,-0.0060051,0,0,0,0,-4.3451
0.53432,-0.0062901,0,4.4567,0.43153,0.00082544,-4.3396
0.53429,-0.0060051,0,0,0,0,-4.3451
0.5343,-0.0061347,0,3.4495,0.33652,0.00065012,-4.3435
0.53429,-0.0060051,0,0,0,0,-4.3451
0.57709,-0.0015444,0,3.1798,0.37808,0.00033016,4.6644
0.57707,-0.0013893,0,2.3811,0.28621,0.00025663,4.6603
0.57705,-0.0012601,0,0,0,0,4.6586
0.57673,-0.001588,0,3.1936,0.38035,0.00033146,4.5693
0.57604,-0.0016727,0,3.2203,0.38475,0.00033398,4.3848
0.57671,-0.0014325,0,2.3921,0.28777,0.00025774,4.5658
0.57602,-0.0015176,0,2.4138,0.29085,0.00025992,4.3793
0.5767,-0.0013028,0,0,0,0,4.5649
0.576,-0.0013883,0,0,0,0,4.3774
0.57757,-0.0014844,0,3.1508,0.37295,0.00033413,4.8168
0.57756,-0.0013284,0,2.3555,0.28255,0.00026108,4.8143
0.57755,-0.0011983,0,0,0,0,4.8143
0.58126,-0.00074284,0,0,0,0,6.053
0.40641,0.0060462,0,0,0,0,-13.91
0.53126,0.010287,0,5.196,-0.43498,0.0018194,-14.182
0.53125,0.010131,0,4.0897,-0.34398,0.0014795,-14.188
0.53124,0.010002,0,0,0,0,-14.191
0.57179,0.0058895,0,0,0,0,-8.1092
0.51562,0.011217,0,0,0,0,-16.442
0.5146,0.011575,0,5.5546,-0.37977,0.0021455,-16.591
0.51459,0.011419,0,4.3959,-0.302,0.0017581,-16.599
0.51564,0.011503,0,5.53,-0.38318,0.0021223,-16.434
0.51564,0.011503,0,5.53,-0.38319,0.0021223,-16.434
0.51562,0.011217,0,0,0,0,-16.442
0.51562,0.011347,0,4.3768,-0.30489,0.0017384,-16.44
0.51562,0.011347,0,4.3768,-0.30489,0.0017384,-16.44
0.51562,0.011217,0,0,0,0,-16.443
0.51458,0.011577,0,5.5552,-0.37967,0.0021459,-16.595
0.51458,0.011289,0,0,0,0,-16.602
0.51458,0.01142,0,4.3961,-0.30196,0.0017583,-16.601
0.51458,0.011289,0,0,0,0,-16.602
0.51042,-0.0081794,0,0,0,0,-8.3383
0.56042,-0.0032251,0,0,0,0,0.52986
0.59371,0.0025058,0,2.5342,-0.63367,0.00012569,-0.74803
0.59367,0.0023551,0,1.7589,-0.4515,2.1639e-05,-0.77718
0.59364,0.0022294,0,0,0,0,-0.78771
0.41044,0.0078116,0,9.8092,3.0897,0.013598,-19.171
0.41049,0.0076625,0,8.4998,2.6989,0.013385,-19.467
0.41053,0.0075382,0,0,0,0,-19.593
0.56974,0.0061282,0,0,0,0,-8.4146
0.57078,0.0062962,0,4.4133,-0.50772,0.0013264,-8.2651
0.57116,0.0062518,0,4.4042,-0.50921,0.0013241,-8.2057
0.57074,0.0060117,0,0,0,0,-8.2703
0.57076,0.006141,0,3.4248,-0.39593,0.0010601,-8.2688
0.57114,0.0060966,0,3.4165,-0.39663,0.0010576,-8.2101
0.57074,0.0060117,0,0,0,0,-8.2703
0.571,0.0059811,0,0,0,0,-8.23
0.56977,0.0064127,0,4.4393,-0.50919,0.0013408,-8.4083
0.56974,0.0061282,0,0,0,0,-8.4146
0.56976,0.0062575,0,3.4475,-0.39696,0.0010769,-8.413
0.42821,0.0111,0,0,0,0,-24.948
0.42917,0.01151,0,8.6771,1.0911,0.007728,-24.903
0.42826,0.011396,0,8.7393,1.1453,0.0079472,-24.846
0.42918,0.011512,0,8.6764,1.0904,0.0077253,-24.904
0.4292,0.011226,0,0,0,0,-24.998
0.42919,0.011355,0,7.0766,0.88843,0.0068641,-24.972
0.42828,0.011241,0,7.1349,0.9337,0.0070716,-24.923
0.42919,0.011356,0,7.0763,0.88819,0.0068629,-24.972
0.4292,0.011226,0,0,0,0,-24.998
0.4292,0.011226,0,0,0,0,-24.998
0.42817,0.011384,0,8.746,1.1511,0.0079706,-24.84
0.42821,0.0111,0,0,0,0,-24.948
0.42819,0.011229,0,7.1412,0.93853,0.0070938,-24.918
0.44374,0.012816,0,7.8158,0.48687,0.0051172,-24.919
0.44374,0.01266,0,6.3105,0.39102,0.0044229,-24.957
0.44375,0.01253,0,0,0,0,-24.972
0.49376,0.012781,0,6.0586,-0.26724,0.0027863,-19.5
0.49375,0.012495,0,0,0,0,-19.513
0.49375,0.012625,0,4.8292,-0.21481,0.0023112,-19.509
0.49375,0.012495,0,0,0,0,-19.513
0.51253,0.011716,0,5.6027,-0.3716,0.0021919,-16.951
0.51252,0.01156,0,4.4356,-0.29523,0.0017945,-16.954
0.51251,0.011431,0,0,0,0,-16.956
0.51144,0.011502,0,0,0,0,-17.024
0.51146,0.011788,0,5.611,-0.36995,0.0022202,-17.014
0.51145,0.011632,0,4.4413,-0.29309,0.0018168,-17.021
0.51144,0.011502,0,0,0,0,-17.024
0.51144,0.011502,0,0,0,0,-17.024
0.45413,-0.011226,0,6.7948,-0.0041187,0.0024498,-17.082
0.45413,-0.011226,0,6.7949,-0.0041666,0.0024499,-17.083
0.45447,-0.011225,0,6.7819,0.0020656,0.002433,-17.054
0.45413,-0.01094,0,0,0,0,-17.11
0.45413,-0.01107,0,5.4222,-0.0011472,0.0020326,-17.102
0.45413,-0.01107,0,5.4222,-0.0011646,0.0020326,-17.102
0.45447,-0.011069,0,5.4129,0.0036504,0.0020178,-17.074
0.45441,-0.010939,0,0,0,0,-17.086
0.45413,-0.01094,0,0,0,0,-17.11
0.45316,-0.011226,0,6.8413,-0.020671,0.0024752,-17.231
0.45316,-0.011069,0,5.4555,-0.014416,0.0020478,-17.259
0.45316,-0.010939,0,0,0,0,-17.269
0.45515,-0.010938,0,0,0,0,-17.024
0.41468,-0.0079777,0,0,0,0,-18.816
0.52918,-0.0067907,0,4.5815,0.43707,0.00088629,-5.1867
0.52916,-0.0066352,0,3.5562,0.33989,0.00069324,-5.1906
0.52915,-0.0065055,0,0,0,0,-5.1919
0.53022,-0.0064028,0,0,0,0,-5.0781
0.53025,-0.0066879,0,4.5711,0.43567,0.00087543,-5.0756
0.53023,-0.0065324,0,3.5483,0.33946,0.00068598,-5.0772
0.53022,-0.0064028,0,0,0,0,-5.0781
0.53022,-0.0064028,0,0,0,0,-5.0781
0.57809,-0.0014208,0,3.1199,0.36749,0.00033834,4.9786
0.57807,-0.0012657,0,2.3291,0.27879,0.00026565,4.9725
0.57806,-0.0011365,0,0,0,0,4.9699
0.59685,0.0015906,0,1.8479,-0.51737,6.6259e-05,1.6199
0.59681,0.001443,0,1.2264,-0.35343,1.5267e-05,1.5948
0.59677,0.00132,0,0,0,0,1.5847
0.55629,0.0079042,0,4.6986,-0.48962,0.0014614,-10.495
0.55626,0.0076194,0,0,0,0,-10.497
0.55627,0.0077489,0,3.6666,-0.38312,0.001172,-10.496
0.55626,0.0076194,0,0,0,0,-10.497
0.57179,0.0058895,0,0,0,0,-8.1092
0.43018,0.011632,0,8.6153,1.035,0.0074915,-25.002
0.4302,0.011477,0,7.0213,0.84236,0.0066401,-25.064
0.43021,0.011348,0,0,0,0,-25.089
0.43127,0.01147,0,0,0,0,-25.195
0.43127,0.01147,0,0,0,0,-25.195
0.43964,0.012538,0,8.0228,0.61997,0.0057405,-24.966
0.43966,0.012382,0,6.482,0.49901,0.0049962,-25.014
0.43966,0.012253,0,0,0,0,-25.032
0.44792,0.013041,0,7.625,0.37224,0.0047412,-24.778
0.44793,0.012885,0,6.1488,0.298,0.0040828,-24.808
0.44793,0.012755,0,0,0,0,-24.819
0.4521,0.012925,0,0,0,0,-24.378
0.46042,0.013121,0,0,0,0,-23.621
0.46875,0.013155,0,0,0,0,-22.691
0.4896,0.012958,0,6.1664,-0.23875,0.0029074,-20.042
0.48959,0.012672,0,0,0,0,-20.058
0.48959,0.012802,0,4.9192,-0.19171,0.0024203,-20.054
0.48959,0.012672,0,0,0,0,-20.058
0.49789,0.012583,0,5.9388,-0.29226,0.0026619,-18.938
0.49788,0.012427,0,4.7214,-0.23432,0.0021999,-18.947
0.49787,0.012297,0,0,0,0,-18.951
0.51357,0.011646,0,5.5815,-0.37502,0.0021688,-16.783
0.51356,0.01149,0,4.4176,-0.29816,0.001777,-16.791
0.51355,0.01136,0,0,0,0,-16.794
0,-0.085,0,10,0,0,7.3928
0,-0.08,0,10,0,0,7.3667
0,-0.1,0,10,0,0,7.8861
0,-0.095,0,10,0,0,7.6747
0,-0.09,0,10,0,0,7.4343
0,-0.09,0,10,0,0,7.4343
0,-0.075,0,10,0,0,7.3407
0,-0.075,0,10,0,0,7.3407
0,-0.07,0,10,0,0,7.3179
0,-0.065,0,10,0,0,7.2983
0,-0.06,0,10,0,0,7.2812
0,-0.055,0,10,0,0,7.2663
0,-0.05,0,10,0,0,7.2533
0,-0.045,-3.8519e-34,10,0,0,7.242
0,-0.04,0,10,0,0,7.2322
0,-0.035,0,10,0,0,7.2236
0,-0.03,0,10,0,0,7.2164
0,-0.025,0,10,0,0,7.2102
0,-0.02,0,10,0,0,7.2052
0,-0.015,0,10,0,0,7.2012
0,-0.01,0,10,0,0,7.1982
0,-0.005,0,10,0,0,7.1962
0,0,0,10,0,0,7.1952
0,0.005,0,10,0,0,7.1951
0,0.01,0,10,0,0,7.1961
0,0.015,0,10,0,0,7.198
0,0.02,0,10,0,0,7.201
0,0.025,0,10,0,0,7.205
0,0.03,0,10,0,0,7.2102
0,0.035,0,10,0,0,7.2165
0,0.04,0,10,0,0,7.2241
0,0.045,0,10,0,0,7.2331
0,0.05,0,10,0,0,7.2436
0,0.055,0,10,0,0,7.2559
0,0.06,0,10,0,0,7.2701
0,0.065,0,10,0,0,7.2866
0,0.07,0,10,0,0,7.3057
0,0.075,0,10,0,0,7.3281
0,0.08,0,10,0,0,7.3539
0,0.085,0,10,0,0,7.3801
0,0.09,0,10,0,0,7.422
0,0.095,0,10,0,0,7.6601
0,0.1,0,10,0,0,7.8689
1,-0.085,0,10.331,0.012122,-2.2306e-05,0
1,-0.08,0,10.63,0.015156,-2.546e-05,0
1,-0.095,0,8.5866,0.0016495,-1.5448e-05,0
1,-0.1,0,7.8908,0.0004103,-1.3394e-05,0
1,-0.09,0,9.6911,0.0061189,-1.9078e-05,0
1,-0.09,0,9.6911,0.0061189,-1.9078e-05,0
1,-0.075,0,10.705,0.014957,-2.8569e-05,0
1,-0.075,0,10.705,0.014957,-2.8569e-05,0
1,-0.07,0,10.713,0.013731,-3.2344e-05,0
1,-0.065,0,10.709,0.01216,-3.7486e-05,0
1,-0.06,0,10.706,0.010441,-4.4418e-05,0
1,-0.055,0,10.703,0.0085753,-5.3518e-05,0
1,-0.05,0,10.702,0.0065857,-6.5262e-05,0
1,-0.045,-3.8519e-34,10.701,0.0044478,-8.013e-05,0
1,-0.04,0,10.7,0.0021907,-9.8437e-05,0
1,-0.035,0,10.696,-0.00014463,-0.0001199,0
1,-0.03,0,10.679,-0.0023699,-0.00014348,0
1,-0.025,0,10.62,-0.0040866,-0.00016545,0
1,-0.02,0,10.442,-0.0041955,-0.00016764,0
1,-0.015,0,10.068,-0.0027739,-0.00012324,0
1,-0.01,0,9.5609,-0.0037879,-3.9999e-05,0
1,-0.005,0,9.1481,-0.011793,5.6023e-05,0
1,0,0,9.0839,-0.024792,0.00013887,0
1,0.005,0,9.4092,-0.035046,0.00018051,0
1,0.01,0,9.9119,-0.037865,0.00017264,0
1,0.015,0,10.34,-0.035414,0.00013605,0
1,0.02,0,10.577,-0.032424,0.00010313,0
1,0.025,0,10.664,-0.030722,8.5375e-05,0
1,0.03,0,10.69,-0.029707,7.6295e-05,0
1,0.035,0,10.698,-0.028924,6.8195e-05,0
1,0.04,0,10.7,-0.028216,5.8978e-05,0
1,0.045,0,10.7,-0.027529,4.9338e-05,0
1,0.05,0,10.701,-0.026853,4.0685e-05,0
1,0.055,0,10.703,-0.026176,3.3565e-05,0
1,0.06,0,10.705,-0.025535,2.799e-05,0
1,0.065,0,10.71,-0.02489,2.376e-05,0
1,0.07,0,10.715,-0.024238,2.067e-05,0
1,0.075,0,10.712,-0.023374,1.8558e-05,0
1,0.08,0,10.628,-0.021146,1.5993e-05,0
1,0.085,0,10.283,-0.014742,1.2625e-05,0
1,0.09,0,9.5844,-0.0054458,1.169e-05,0
1,0.095,0,8.4508,0.00037318,1.3207e-05,0
1,0.1,0,7.7481,0.0016352,1.4029e-05,0
0,-0.1,0,0,0,0,7.8861
0.0083142,-0.1,0,0,0,0,7.7597
0.016628,-0.1,0,0,0,0,7.5349
0.024943,-0.1,0,0,0,0,7.3941
0.033257,-0.1,0,0,0,0,7.3266
0.041571,-0.1,0,0,0,0,7.274
0.049886,-0.1,0,0,0,0,7.2184
0.0582,-0.1,-9.6296e-35,0,0,0,7.1648
0.066514,-0.1,0,0,0,0,7.1157
0.069857,-0.1,0,0,0,0,7.0968
0.074829,-0.1,0,0,0,0,7.0689
0.07935,-0.1,0,0,0,0,7.0436
0.083143,-0.1,0,0,0,0,7.0224
0.091458,-0.1,0,0,0,0,6.9758
0.09604,-0.1,-1.9259e-34,0,0,0,6.9502
0.099772,-0.1,0,0,0,0,6.9294
0.10317,-0.1,0,0,0,0,6.9105
0.10809,-0.1,0,0,0,0,6.8831
0.1164,-0.1,0,0,0,0,6.8369
0.12472,-0.1,0,0,0,0,6.7907
0.13303,-0.1,0,0,0,0,6.7442
0.14135,-0.1,0,0,0,0,6.6979
0.14966,-0.1,0,0,0,0,6.6518
0.15798,-0.1,0,0,0,0,6.6057
0.16629,-0.1,0,0,0,0,6.5597
0.17461,-0.1,3.8519e-34,0,0,0,6.5136
0.18292,-0.1,-3.8519e-34,0,0,0,6.4674
0.19124,-0.1,0,0,0,0,6.4215
0.19956,-0.1,0,0,0,0,6.3754
0.2079,-0.1,-3.8519e-34,0,0,0,6.3291
0.21623,-0.1,0,0,0,0,6.283
0.22457,-0.1,-3.8519e-34,0,0,0,6.2366
0.23291,-0.1,0,0,0,0,6.1891
0.24125,-0.1,3.8519e-34,0,0,0,6.1404
0.24958,-0.1,3.8519e-34,0,0,0,6.0911
0.25792,-0.1,0,0,0,0,6.0415
0.26626,-0.1,0,0,0,0,5.9946
0.2746,-0.1,0,0,0,0,5.9533
0.28294,-0.1,0,0,0,0,5.8764
0.29132,-0.1,0,0,0,0,5.7306
0.29968,-0.1,0,0,0,0,5.5409
0.30803,-0.1,0,0,0,0,5.3449
0.31638,-0.1,0,0,0,0,5.1704
0.32474,-0.1,0,0,0,0,4.9731
0.33312,-0.1,0,0,0,0,4.7223
0.338,-0.1,0,0,0,0,4.5471
0.3415,-0.1,0,0,0,0,4.4212
0.34764,-0.1,9.6296e-35,0,0,0,4.1525
0.34986,-0.1,0,0,0,0,4.055
0.35825,-0.1,-3.8519e-34,0,0,0,3.6237
0.36594,-0.1,0,0,0,0,3.1492
0.3666,-0.1,0,0,0,0,3.1086
0.37495,-0.1,0,0,0,0,2.4948
0.38331,-0.1,0,0,0,0,1.7992
0.39167,-0.1,0,0,0,0,1.0514
0.4,-0.1,0,0,0,0,0.27282
0.40833,-0.1,0,0,0,0,-0.55631
0.41667,-0.1,0,0,0,0,-1.4203
0.425,-0.1,0,0,0,0,-2.2509
0.43333,-0.1,0,0,0,0,-2.9979
0.44167,-0.1,0,0,0,0,-3.6346
0.45,-0.1,0,0,0,0,-4.1433
0.45833,-0.1,0,0,0,0,-4.509
0.46667,-0.1,0,0,0,0,-4.7275
0.475,-0.1,0,0,0,0,-4.813
0.48333,-0.1,0,0,0,0,-4.7843
0.49167,-0.1,0,0,0,0,-4.6528
0.5,-0.1,0,0,0,0,-4.429
0.50833,-0.1,0,0,0,0,-4.1274
0.5146,-0.1,0,0,0,0,-3.8542
0.51667,-0.1,0,0,0,0,-3.7641
0.525,-0.1,0,0,0,0,-3.3551
0.53333,-0.1,0,0,0,0,-2.916
0.54149,-0.1,0,0,0,0,-2.4714
0.54167,-0.1,0,0,0,0,-2.4614
0.55,-0.1,0,0,0,0,-2.0044
0.55435,-0.1,0,0,0,0,-1.7711
0.55833,-0.1,0,0,0,0,-1.5576
0.56667,-0.1,0,0,0,0,-1.1315
0.575,-0.1,0,0,0,0,-0.73676
0.58333,-0.1,0,0,0,0,-0.37024
0.59167,-0.1,0,0,0,0,-0.022513
0.6,-0.1,0,0,0,0,0.29751
0.60833,-0.1,0,0,0,0,0.57257
0.61667,-0.1,0,0,0,0,0.78532
0.625,-0.1,0,0,0,0,0.93993
0.63333,-0.1,0,0,0,0,1.0591
0.64167,-0.1,0,0,0,0,1.1542
0.65,-0.1,0,0,0,0,1.2256
0.65417,-0.1,0,0,0,0,1.2488
0.65833,-0.1,0,0,0,0,1.2719
0.66667,-0.1,0,0,0,0,1.2956
0.675,-0.1,0,0,0,0,1.3018
0.67917,-0.1,0,0,0,0,1.2985
0.68333,-0.1,0,0,0,0,1.2952
0.69167,-0.1,0,0,0,0,1.2788
0.7,-0.1,0,0,0,0,1.2549
0.70556,-0.1,0,0,0,0,1.2354
0.70833,-0.1,0,0,0,0,1.2256
0.71667,-0.1,0,0,0,0,1.1925
0.725,-0.1,0,0,0,0,1.1567
0.73333,-0.1,0,0,0,0,1.1194
0.74167,-0.1,0,0,0,0,1.081
0.75,-0.1,0,0,0,0,1.0423
0.75833,-0.1,0,0,0,0,1.0034
0.76667,-0.1,0,0,0,0,0.9648
0.775,-0.1,0,0,0,0,0.92654
0.78333,-0.1,0,0,0,0,0.88876
0.79167,-0.1,9.6296e-35,0,0,0,0.85148
0.79444,-0.1,0,0,0,0,0.83923
0.8,-0.1,0,0,0,0,0.81473
0.80833,-0.1,0,0,0,0,0.7785
0.81667,-0.1,9.6296e-35,0,0,0,0.74276
0.82083,-0.1,0,0,0,0,0.72512
0.825,-0.1,0,0,0,0,0.70748
0.83333,-0.1,0,0,0,0,0.67261
0.84167,-0.1,9.6296e-35,0,0,0,0.6381
0.84583,-0.1,0,0,0,0,0.62099
0.85,-0.1,0,0,0,0,0.60389
0.85556,-0.1,0,0,0,0,0.58126
0.85833,-0.1,-4.8148e-35,0,0,0,0.56994
0.86667,-0.1,0,0,0,0,0.53623
0.87167,-0.1,0,0,0,0,0.5161
0.875,-0.1,0,0,0,0,0.50269
0.88056,-0.1,0,0,0,0,0.48042
0.88333,-0.1,-4.8148e-35,0,0,0,0.46929
0.89167,-0.1,0,0,0,0,0.43599
0.89667,-0.1,0,0,0,0,0.41606
0.9,-0.1,0,0,0,0,0.40277
0.90556,-0.1,0,0,0,0,0.38066
0.90833,-0.1,-4.8148e-35,0,0,0,0.3696
0.91042,-0.1,0,0,0,0,0.36132
0.91667,-0.1,0,0,0,0,0.33648
0.925,-0.1,0,0,0,0,0.30342
0.92976,-0.1,0,0,0,0,0.28457
0.93333,-0.1,0,0,0,0,0.27044
0.93583,-0.1,0,0,0,0,0.26054
0.94167,-0.1,0,0,0,0,0.23743
0.95,-0.1,0,0,0,0,0.20428
0.95833,-0.1,0,0,0,0,0.17095
0.96096,-0.1,0,0,0,0,0.16043
0.96667,-0.1,0,0,0,0,0.13762
0.975,-0.1,0,0,0,0,0.10402
0.98333,-0.1,0,0,0,0,0.070947
0.98742,-0.1,0,0,0,0,0.05335
0.99167,-0.1,0,0,0,0,0.035049
1,-0.1,0,0,0,0,0.015234
0,0.1,0,0,0,0,7.8689
0.0083142,0.1,0,0,0,0,7.7427
0.016628,0.1,0,0,0,0,7.5183
0.024943,0.1,0,0,0,0,7.3778
0.033257,0.1,0,0,0,0,7.31
0.041571,0.1,0,0,0,0,7.2568
0.049886,0.1,0,0,0,0,7.2002
0.0582,0.1,-9.6296e-35,0,0,0,7.1451
0.066514,0.1,0,0,0,0,7.0939
0.074829,0.1,0,0,0,0,7.0449
0.069857,0.1,0,0,0,0,7.0742
0.07935,0.1,0,0,0,0,7.0182
0.083143,0.1,0,0,0,0,6.9959
0.091458,0.1,1.9259e-34,0,0,0,6.9464
0.099772,0.1,0,0,0,0,6.8966
0.09604,0.1,0,0,0,0,6.919
0.10317,0.1,1.9259e-34,0,0,0,6.8761
0.10809,0.1,0,0,0,0,6.8463
0.1164,0.1,1.9259e-34,0,0,0,6.7956
0.12472,0.1,0,0,0,0,6.7441
0.13303,0.1,0,0,0,0,6.6915
0.14135,0.1,0,0,0,0,6.6381
0.14966,0.1,0,0,0,0,6.584
0.15798,0.1,0,0,0,0,6.5288
0.16629,0.1,0,0,0,0,6.4727
0.17461,0.1,0,0,0,0,6.4151
0.18292,0.1,-3.8519e-34,0,0,0,6.356
0.19124,0.1,0,0,0,0,6.2952
0.19957,0.1,0,0,0,0,6.2319
0.2079,0.1,-3.8519e-34,0,0,0,6.1658
0.21624,0.1,0,0,0,0,6.0964
0.22458,0.1,-3.8519e-34,0,0,0,6.0227
0.23291,0.1,0,0,0,0,5.9444
0.24125,0.1,0,0,0,0,5.8609
0.24959,0.1,0,0,0,0,5.771
0.25793,0.1,-3.8519e-34,0,0,0,5.6728
0.26627,0.1,3.8519e-34,0,0,0,5.5656
0.27461,0.1,0,0,0,0,5.4497
0.28295,0.1,0,0,0,0,5.3261
0.29129,0.1,0,0,0,0,5.1969
0.29964,0.1,0,0,0,0,5.0189
0.308,0.1,-3.8519e-34,0,0,0,4.7595
0.31636,0.1,0,0,0,0,4.4001
0.32476,0.1,-1.9259e-34,0,0,0,3.9866
0.33312,0.1,-1.9259e-34,0,0,0,3.5687
0.34148,0.1,0,0,0,0,3.1149
0.33722,0.1,0,0,0,0,3.346
0.34914,0.1,0,0,0,0,2.6556
0.34986,0.1,0,0,0,0,2.6124
0.35823,0.1,0,0,0,0,2.0233
0.36661,0.1,1.5046e-36,0,0,0,1.3016
0.37496,0.1,0,0,0,0,0.43712
0.38332,0.1,0,0,0,0,-0.52791
0.37548,0.1,0,0,0,0,0.37801
0.39167,0.1,0,0,0,0,-1.5497
0.4,0.1,0,0,0,0,-2.6405
0.40833,0.1,0,0,0,0,-3.8164
0.40035,0.1,0,0,0,0,-2.6894
0.41667,0.1,0,0,0,0,-5.0316
0.425,0.1,0,0,0,0,-6.2155
0.43333,0.1,0,0,0,0,-7.3185
0.44167,0.1,0,0,0,0,-8.3057
0.45,0.1,0,0,0,0,-9.1491
0.45833,0.1,0,0,0,0,-9.8294
0.46667,0.1,0,0,0,0,-10.332
0.475,0.1,0,0,0,0,-10.652
0.48333,0.1,0,0,0,0,-10.806
0.49167,0.1,0,0,0,0,-10.815
0.5,0.1,0,0,0,0,-10.691
0.50833,0.1,0,0,0,0,-10.446
0.51578,0.1,0,0,0,0,-10.13
0.51667,0.1,0,0,0,0,-10.092
0.525,0.1,0,0,0,0,-9.6462
0.53333,0.1,0,0,0,0,-9.1232
0.54167,0.1,0,0,0,0,-8.5395
0.53577,0.1,0,0,0,0,-8.9524
0.55,0.1,0,0,0,0,-7.9103
0.55833,0.1,0,0,0,0,-7.2509
0.56035,0.1,0,0,0,0,-7.0877
0.56667,0.1,0,0,0,0,-6.5757
0.575,0.1,0,0,0,0,-5.8975
0.58333,0.1,0,0,0,0,-5.2298
0.59167,0.1,0,0,0,0,-4.5796
0.6,0.1,0,0,0,0,-3.9833
0.60835,0.1,0,0,0,0,-3.4473
0.61673,0.1,0,0,0,0,-2.9162
0.625,0.1,0,0,0,0,-2.4038
0.63333,0.1,0,0,0,0,-1.921
0.64167,0.1,0,0,0,0,-1.4973
0.65,0.1,0,0,0,0,-1.1607
0.65833,0.1,0,0,0,0,-0.87833
0.65417,0.1,0,0,0,0,-1.0195
0.66667,0.1,0,0,0,0,-0.62605
0.675,0.1,0,0,0,0,-0.40121
0.68333,0.1,0,0,0,0,-0.20644
0.67917,0.1,0,0,0,0,-0.30383
0.69167,0.1,0,0,0,0,-0.042045
0.7,0.1,0,0,0,0,0.094044
0.70833,0.1,0,0,0,0,0.20567
0.70556,0.1,0,0,0,0,0.16846
0.71667,0.1,0,0,0,0,0.29694
0.725,0.1,0,0,0,0,0.37106
0.73333,0.1,0,0,0,0,0.43059
0.74167,0.1,0,0,0,0,0.47766
0.75,0.1,0,0,0,0,0.51407
0.75833,0.1,0,0,0,0,0.5414
0.76667,0.1,0,0,0,0,0.56098
0.775,0.1,0,0,0,0,0.5739
0.78333,0.1,0,0,0,0,0.58103
0.79167,0.1,9.6296e-35,0,0,0,0.58317
0.8,0.1,0,0,0,0,0.581
0.79444,0.1,0,0,0,0,0.58245
0.80833,0.1,0,0,0,0,0.57511
0.81667,0.1,9.6296e-35,0,0,0,0.56595
0.825,0.1,0,0,0,0,0.55391
0.82083,0.1,0,0,0,0,0.55993
0.83333,0.1,0,0,0,0,0.53939
0.84167,0.1,9.6296e-35,0,0,0,0.52273
0.85,0.1,0,0,0,0,0.50414
0.84583,0.1,0,0,0,0,0.51343
0.85556,0.1,0,0,0,0,0.49062
0.85833,0.1,-4.8148e-35,0,0,0,0.48385
0.86667,0.1,0,0,0,0,0.46205
0.875,0.1,0,0,0,0,0.43893
0.87167,0.1,0,0,0,0,0.44818
0.88056,0.1,0,0,0,0,0.42272
0.88333,0.1,-4.8148e-35,0,0,0,0.41462
0.89167,0.1,0,0,0,0,0.38926
0.9,0.1,0,0,0,0,0.36296
0.89667,0.1,0,0,0,0,0.37348
0.90556,0.1,0,0,0,0,0.34488
0.90833,0.1,-4.8148e-35,0,0,0,0.33583
0.91667,0.1,0,0,0,0,0.30796
0.91042,0.1,0,0,0,0,0.32886
0.925,0.1,0,0,0,0,0.27943
0.92976,0.1,0,0,0,0,0.26279
0.93333,0.1,0,0,0,0,0.25031
0.94167,0.1,0,0,0,0,0.22067
0.93583,0.1,0,0,0,0,0.24142
0.95,0.1,0,0,0,0,0.19058
0.95833,0.1,0,0,0,0,0.16009
0.96667,0.1,0,0,0,0,0.12926
0.96096,0.1,0,0,0,0,0.15035
0.975,0.1,0,0,0,0,0.09796
0.98333,0.1,0,0,0,0,0.066057
0.99167,0.1,0,0,0,0,0.033548
0.98742,0.1,0,0,0,0,0.050121
1,0.1,0,0,0,0,0.017121
0.60005,0.00024711,0,0,0,0,3.8496
0.59988,-0.00024319,0,0,0,0,3.929
0.59869,-0.00017788,0,0,0,0,5.0678
0.59953,0.00042436,1.2037e-35,0,0,0,3.4113
0.59953,0.00042436,0,0,0,0,3.4113
0.42612,-0.0096924,0,0,0,0,-20.098
0.49272,-0.0094947,0,0,0,0,-11.216
0.49168,-0.009562,0,0,0,0,-11.394
0.551,-0.0042708,0,0,0,0,-1.3341
0.54999,-0.0043795,0,0,0,0,-1.5625
0.53325,0.0098289,0,0,0,0,-13.887
0.5343,0.0097378,0,0,0,0,-13.712
0.43341,-0.010319,0,0,0,0,-19.768
0.43231,-0.010241,0,0,0,0,-19.851
0.48333,-0.010057,0,0,0,0,-12.666
0.4823,-0.010112,0,0,0,0,-12.836
0.42502,-0.009572,0,0,0,0,-20.117
0.42396,-0.0094485,0,0,0,0,-20.059
0.49107,-0.0096008,0,0,0,0,-11.443
0.49061,-0.00963,0,0,0,0,-11.479
0.54165,-0.0052603,0,0,0,0,-3.0393
0.54055,-0.0053738,0,0,0,0,-3.2229
0.54272,-0.0051496,0,0,0,0,-2.9022
0.59167,-6.0745e-05,0,0,0,0,7.4901
0.59062,-8.2541e-05,0,0,0,0,7.5247
0.59201,-5.687e-05,0,0,0,0,7.4672
0.58226,0.0045929,0,0,0,0,-7.0681
0.58261,0.0045406,0,0,0,0,-7.0064
0.58364,0.0043822,0,0,0,0,-6.773
0.5843,0.0042748,0,0,0,0,-6.5534
0.41674,0.0091572,0,0,0,0,-23.021
0.41777,0.0093764,0,0,0,0,-23.285
0.54054,0.0091753,0,0,0,0,-12.812
0.54159,0.009078,0,0,0,0,-12.63
0.40007,-0.0005692,0,0,0,0,61.615
0.4,5.7777e-06,0,0,0,0,64.503
0.54897,-0.0044899,0,0,0,0,-1.7679
0.58331,0.0044359,0,0,0,0,-6.8829
0.41261,-0.0075233,0,0,0,0,-18.101
0.41156,-0.0072665,0,0,0,0,-17.536
0.52075,-0.0072871,0,0,0,0,-6.6018
0.52025,-0.0073323,0,0,0,0,-6.6787
0.40436,-0.0047602,0,0,0,0,-6.032
0.40333,-0.0042013,0,0,0,0,-0.85308
0.40158,-0.0029507,0,0,0,0,16.99
0.40099,-0.002343,0,0,0,0,29.612
0.56766,-0.0023883,0,0,0,0,2.2016
0.56666,-0.0025058,0,0,0,0,1.939
0.40047,0.0017724,0,0,0,0,42.754
0.40091,0.0024152,0,0,0,0,29.564
0.40848,0.006853,0,0,0,0,-17.314
0.4095,0.0072092,0,0,0,0,-18.572
0.56223,0.0069766,0,0,0,0,-9.5816
0.5625,0.0069474,0,0,0,0,-9.5565
0.57809,0.0051319,0,0,0,0,-7.3081
0.57913,0.0050029,0,0,0,0,-7.2674
0.41987,0.0097922,0,0,0,0,-23.9
0.42038,0.0098873,0,0,0,0,-23.993
0.43341,0.0117,0,0,0,0,-25.112
0.43442,0.0118,0,0,0,0,-25.101
0.43645,0.01199,0,0,0,0,-25.225
0.43752,0.012082,0,0,0,0,-25.272
0.49992,0.012191,0,0,0,0,-18.633
0.50103,0.012131,0,0,0,0,-18.489
0.50358,0.011988,0,0,0,0,-18.188
0.50417,0.011954,0,0,0,0,-18.069
0.52832,0.010245,0,0,0,0,-14.602
0.52918,0.010174,0,0,0,0,-14.537
0.42918,-0.0099893,0,0,0,0,-19.948
0.42896,-0.009969,0,0,0,0,-19.948
0.4302,-0.010077,0,0,0,0,-19.927
0.47915,-0.010271,0,0,0,0,-13.327
0.47827,-0.010312,0,0,0,0,-13.459
0.48022,-0.010218,0,0,0,0,-13.248
0.48846,-0.0097628,0,0,0,0,-11.849
0.48746,-0.0098229,0,0,0,0,-12.007
0.40539,-0.0052398,0,0,0,0,-9.3401
0.40483,-0.0049782,0,0,0,0,-7.5357
0.41366,-0.0077624,0,0,0,0,-18.569
0.41345,-0.0077145,0,0,0,0,-18.475
0.42196,-0.009194,0,0,0,0,-19.95
0.42092,-0.0090503,0,0,0,0,-19.957
0.49581,-0.0092868,0,0,0,0,-10.665
0.49478,-0.0093572,0,0,0,0,-10.817
0.51668,-0.0076485,0,0,0,0,-7.3224
0.51771,-0.0075578,0,0,0,0,-7.1438
0.51974,-0.0073776,0,0,0,0,-6.7557
0.52499,-0.0068981,0,0,0,0,-5.9454
0.52397,-0.0069935,0,0,0,0,-6.13
0.526,-0.0068042,0,0,0,0,-5.7324
0.54475,-0.0049376,0,0,0,0,-2.4942
0.40069,-0.0019326,0,0,0,0,38.283
0.40054,-0.0017275,0,0,0,0,42.618
0.57186,-0.0018894,0,0,0,0,3.2089
0.5708,-0.0020162,0,0,0,0,2.9726
0.58855,-0.00015614,0,0,0,0,7.4562
0.59686,-0.00010388,0,0,0,0,6.4874
0.59583,-7.5356e-05,0,0,0,0,6.9005
0.40425,0.0050027,0,0,0,0,-7.141
0.59469,0.0019363,0,0,0,0,0.014521
0.59573,0.0016357,0,0,0,0,0.81464
0.40747,0.0064758,0,0,0,0,-15.892
0.53699,0.0094994,0,0,0,0,-13.398
0.53751,0.0094531,0,0,0,0,-13.317
0.53819,0.0093913,0,0,0,0,-13.187
0.56143,0.0070639,0,0,0,0,-9.6568
0.50314,0.012014,0,0,0,0,-18.276
0.50727,0.011769,0,0,0,0,-17.645
0.50829,0.011705,0,0,0,0,-17.496
0.5093,0.011641,0,0,0,0,-17.348
0.47805,-0.010323,0,0,0,0,-13.492
0.49683,-0.0092164,0,0,0,0,-10.485
0.51561,-0.0077413,0,0,0,0,-7.4201
0.52179,-0.0071925,0,0,0,0,-6.4035
0.5468,-0.0047215,0,0,0,0,-2.1074
0.54575,-0.0048319,0,0,0,0,-2.3124
0.56563,-0.0026253,0,0,0,0,1.6917
0.5697,-0.002147,0,0,0,0,2.7005
0.57491,-0.0015217,0,0,0,0,4.0767
0.57387,-0.0016479,0,0,0,0,3.7785
0.58751,-0.00020813,0,0,0,0,7.368
0.59583,-7.5355e-05,0,0,0,0,6.9005
0.40149,0.0030547,0,0,0,0,16.817
0.40321,0.0043889,0,0,0,0,-1.6417
0.53647,0.0095458,0,0,0,0,-13.479
0.53853,0.0093604,0,0,0,0,-13.122
0.56351,0.0068357,0,0,0,0,-9.3816
0.43237,0.011591,0,0,0,0,-25.213
0.43862,0.012172,0,0,0,0,-25.215
0.5052,0.011894,0,0,0,0,-17.925
0.4178,-0.0085627,0,0,0,0,-19.579
0.41677,-0.0083833,0,0,0,0,-19.428
0.41879,-0.0087275,0,0,0,0,-19.684
0.49375,-0.0094265,0,0,0,0,-10.993
0.50055,-0.0089496,0,0,0,0,-9.9094
0.49998,-0.0089912,0,0,0,0,-9.9572
0.50209,-0.0088353,0,0,0,0,-9.691
0.50157,-0.008874,0,0,0,0,-9.7789
0.552,-0.0041619,0,0,0,0,-1.1422
0.42717,0.010963,0,0,0,0,-24.974
0.42717,-0.0097998,0,0,0,0,-19.986
0.42629,-0.0097094,-0,0,0,0,-20.08
0.43124,-0.010161,0,0,0,0,-19.864
0.48126,-0.010166,0,0,0,0,-13.055
0.48541,-0.0099419,0,0,0,0,-12.339
0.48458,-0.0099882,0,0,0,0,-12.468
0.42296,-0.0093241,0,0,0,0,-20
0.49031,-0.0096488,0,0,0,0,-11.526
0.50105,-0.0089126,0,0,0,0,-9.8669
0.50721,-0.0084392,0,0,0,0,-8.7826
0.50638,-0.0085052,0,0,0,0,-8.9383
0.54374,-0.0050428,0,0,0,0,-2.7102
0.40024,-0.0011367,0,0,0,0,53.723
0.55825,-0.0034694,0,0,0,0,0.12936
0.55721,-0.0035861,0,0,0,0,-0.10273
0.55621,-0.0036974,0,0,0,0,-0.32696
0.58959,-0.00011392,0,0,0,0,7.5162
0.59784,-0.00013977,0,0,0,0,6.0902
0.40004,0.00058148,0,0,0,0,61.726
0.40019,0.0011616,0,0,0,0,53.885
0.58117,0.0047449,0,0,0,0,-7.155
0.58533,0.0040975,0,0,0,0,-6.111
0.41467,0.0086779,0,0,0,0,-22.197
0.41518,0.0087984,0,0,0,0,-22.442
0.4188,0.0095856,0,0,0,0,-23.616
0.54269,0.0089744,0,0,0,0,-12.474
0.54376,0.008873,0,0,0,0,-12.387
0.48951,-0.0096988,0,0,0,0,-11.651
0.49888,-0.0090711,0,0,0,0,-10.13
0.49784,-0.0091458,0,0,0,0,-10.326
0.50617,-0.0085217,0,0,0,0,-8.9772
0.5479,-0.0046042,0,0,0,0,-1.9148
0.41568,0.008919,0,0,0,0,-22.688
0.53954,0.009268,0,0,0,0,-12.95
0.49419,-0.0093968,0,0,0,0,-10.918
0.50415,-0.0086791,0,0,0,0,-9.3043
0.50312,-0.0087575,0,0,0,0,-9.4727
0.40237,-0.00358,0,0,0,0,6.7559
0.40164,-0.0029991,0,0,0,0,16.203
0.55304,-0.0040479,0,0,0,0,-0.92534
0.55404,-0.0039379,0,0,0,0,-0.73273
0.56866,-0.0022704,0,0,0,0,2.4372
0.43542,0.011896,0,0,0,0,-25.18
0.50156,0.012102,0,0,0,0,-18.466
0.48644,-0.0098826,0,0,0,0,-12.185
0.48881,-0.0097415,0,0,0,0,-11.783
0.41983,-0.00889,0,0,0,0,-19.858
0.50516,-0.0086005,0,0,0,0,-9.1416
0.50606,-0.0085304,0,0,0,0,-8.9955
0.50832,-0.0083507,0,0,0,0,-8.6196
0.51873,-0.0074675,0,0,0,0,-6.9344
0.5229,-0.007092,0,0,0,0,-6.2368
0.55414,-0.003927,0,0,0,0,-0.71347
0.56457,-0.0027492,0,0,0,0,1.4877
0.56347,-0.0028763,0,0,0,0,1.2509
0.57237,-0.0018288,0,0,0,0,3.351
0.40211,0.0035902,0,0,0,0,8.4569
0.40227,0.003724,0,0,0,0,6.3669
0.5864,0.0038992,0,0,0,0,-5.6096
0.58722,0.0037376,0,0,0,0,-5.1983
0.58763,0.0036547,0,0,0,0,-4.9715
0.58846,0.0034847,0,0,0,0,-4.4754
0.414,0.0085094,0,0,0,0,-21.854
0.41915,0.0096545,0,0,0,0,-23.711
0.54479,0.0087748,0,0,0,0,-12.227
0.54579,0.0086775,0,0,0,0,-12.028
0.5468,0.0085798,0,0,0,0,-11.87
0.54784,0.0084774,0,0,0,0,-11.697
0.56033,0.0071838,0,0,0,0,-9.8109
0.56451,0.0067245,0,0,0,0,-9.1998
0.56555,0.0066076,0,0,0,0,-9.0122
0.5021,0.012072,0,0,0,0,-18.442
0.51034,0.011574,0,0,0,0,-17.162
0.4105,-0.0069892,0,0,0,0,-16.828
0.40946,-0.0066934,0,0,0,0,-16.031
0.51451,-0.0078361,0,0,0,0,-7.5929
0.52701,-0.0067097,0,0,0,0,-5.5618
0.52805,-0.0066107,0,0,0,0,-5.3654
0.5552,-0.0038096,0,0,0,0,-0.54863
0.57287,-0.0017682,0,0,0,0,3.493
0.58743,0.0036972,0,0,0,0,-5.0955
0.41366,0.0084251,0,0,0,0,-21.682
0.5354,0.0096408,0,0,0,0,-13.559
0.50624,0.011831,0,0,0,0,-17.787
0.48437,-0.0099998,0,0,0,0,-12.5
0.59271,-4.912e-05,0,0,0,0,7.4215
0.57496,0.0055125,0,0,0,0,-7.7166
0.57595,0.0053922,0,0,0,0,-7.5596
0.52512,0.010505,0,0,0,0,-15.063
0.52596,0.010437,0,0,0,0,-14.94
0.44166,-0.010739,0,0,0,0,-18.9
0.44271,-0.010773,0,0,0,0,-18.758
0.44999,-0.010922,0,0,0,0,-17.831
0.44895,-0.01091,0,0,0,0,-17.955
0.45834,-0.010914,0,0,0,0,-16.627
0.4573,-0.010924,0,0,0,0,-16.802
0.47498,-0.010459,0,0,0,0,-14.034
0.47478,-0.010467,0,0,0,0,-14.07
0.476,-0.010416,0,0,0,0,-13.87
0.58329,-0.00052693,0,0,0,0,6.6784
0.58228,-0.00062891,0,0,0,0,6.3957
0.58429,-0.00043556,0,0,0,0,6.8922
0.53225,0.0099154,0,0,0,0,-14.019
0.57395,0.0056334,0,0,0,0,-7.8746
0.5749,0.0055196,0,0,0,0,-7.7259
0.42403,0.010507,0,0,0,0,-24.581
0.42503,0.01066,0,0,0,0,-24.694
0.42607,0.010811,0,0,0,0,-24.878
0.52468,0.010539,0,0,0,0,-15.134
0.52496,0.010517,0,0,0,0,-15.086
0.43445,-0.010387,0,0,0,0,-19.574
0.44063,-0.0107,0,0,0,0,-19.008
0.45106,-0.010931,0,0,0,0,-17.782
0.45938,-0.010902,0,0,0,0,-16.43
0.46667,-0.010751,0,0,0,0,-15.333
0.46563,-0.010779,0,0,0,0,-15.475
0.46771,-0.010721,0,0,0,0,-15.167
0.47395,-0.010502,0,0,0,0,-14.212
0.59882,0.00066538,0,0,0,0,2.8701
0.52394,0.010597,0,0,0,0,-15.26
0.42817,-0.0098971,0,0,0,0,-19.948
0.50939,-0.0082639,0,0,0,0,-8.5176
0.51245,-0.00801,0,0,0,0,-7.9417
0.51144,-0.0080946,0,0,0,0,-8.1305
0.56243,-0.002996,0,0,0,0,1.0029
0.56143,-0.0031101,0,0,0,0,0.7646
0.58644,-0.00027284,0,0,0,0,7.2664
0.59479,-5.6732e-05,0,0,0,0,7.1273
0.59154,0.0027729,0,0,0,0,-2.3591
0.59164,0.0027467,0,0,0,0,-2.281
0.44479,0.012591,0,0,0,0,-24.876
0.44582,0.012648,0,0,0,0,-24.821
0.48644,0.01279,0,0,0,0,-20.462
0.48752,0.012751,0,0,0,0,-20.42
0.49167,0.012586,0,0,0,0,-19.768
0.49271,0.012542,0,0,0,0,-19.647
0.49479,0.012447,0,0,0,0,-19.369
0.49582,0.012398,0,0,0,0,-19.245
0.52081,0.010838,0,0,0,0,-15.691
0.43751,-0.01056,0,0,0,0,-19.327
0.43648,-0.010506,0,0,0,0,-19.429
0.43826,-0.010597,0,0,0,0,-19.244
0.44583,-0.010857,0,0,0,0,-18.369
0.44687,-0.010878,0,0,0,0,-18.249
0.46354,-0.010829,0,0,0,0,-15.797
0.46251,-0.010851,0,0,0,0,-15.95
0.47187,-0.010582,0,0,0,0,-14.52
0.47083,-0.010619,0,0,0,0,-14.696
0.4157,-0.0081825,0,0,0,0,-19.121
0.51346,-0.0079253,0,0,0,0,-7.7876
0.52235,-0.0071422,0,0,0,0,-6.3201
0.5375,-0.0056846,0,0,0,0,-3.8421
0.53643,-0.0057915,0,0,0,0,-3.9652
0.53851,-0.0055821,0,0,0,0,-3.6419
0.56277,-0.0029561,0,0,0,0,1.0855
0.58019,-0.00087149,0,0,0,0,5.6926
0.57909,-0.0010082,0,0,0,0,5.3218
0.40533,0.0055554,0,0,0,0,-11.038
0.59259,0.0025068,0,0,0,0,-1.5672
0.41157,0.0078545,0,0,0,0,-20.445
0.41262,0.0081471,0,0,0,0,-21.172
0.4209,0.0099823,0,0,0,0,-24.085
0.42193,0.010164,0,0,0,0,-24.322
0.52811,0.010263,0,0,0,0,-14.618
0.53022,0.010088,0,0,0,0,-14.379
0.55728,0.0075111,0,0,0,0,-10.334
0.55829,0.0074041,0,0,0,0,-10.141
0.55409,0.0078459,0,0,0,0,-10.75
0.55304,0.0079536,0,0,0,0,-10.928
0.55929,0.0072965,0,0,0,0,-9.9856
0.44067,0.012327,0,0,0,0,-24.98
0.44169,0.012398,0,0,0,0,-25.017
0.44272,0.012466,0,0,0,0,-25.026
0.44634,0.012675,0,0,0,0,-24.803
0.44686,0.012703,0,0,0,0,-24.784
0.44903,0.012804,0,0,0,0,-24.719
0.4573,0.013068,0,0,0,0,-23.929
0.45834,0.013088,0,0,0,0,-23.801
0.45452,0.013,0,0,0,0,-24.162
0.45521,0.013019,0,0,0,0,-24.098
0.45938,0.013106,0,0,0,0,-23.711
0.46736,0.01316,0,0,0,0,-22.865
0.46771,0.013159,0,0,0,0,-22.829
0.47031,0.013145,0,0,0,0,-22.519
0.47083,0.013141,0,0,0,0,-22.466
0.47396,0.013105,0,0,0,0,-22.091
0.475,0.013088,0,0,0,0,-21.966
0.47147,0.013135,0,0,0,0,-22.385
0.47604,0.01307,0,0,0,0,-21.824
0.47833,0.013023,0,0,0,0,-21.556
0.47916,0.013004,0,0,0,0,-21.437
0.48228,0.012923,0,0,0,0,-21.044
0.48329,0.012893,0,0,0,0,-20.914
0.4802,0.012979,0,0,0,0,-21.322
0.49686,0.012348,0,0,0,0,-19.109
0.51971,0.010921,0,0,0,0,-15.831
0.43855,-0.010611,0,0,0,0,-19.212
0.44479,-0.010832,0,0,0,0,-18.484
0.4625,-0.010851,0,0,0,0,-15.95
0.46146,-0.01087,0,0,0,0,-16.086
0.46979,-0.010655,0,0,0,0,-14.857
0.58014,0.0048782,0,0,0,0,-7.2166
0.59053,0.0030174,0,0,0,0,-3.1097
0.54894,0.0083683,0,0,0,0,-11.55
0.55001,0.0082616,0,0,0,0,-11.453
0.55104,0.0081582,0,0,0,0,-11.284
0.55519,0.0077313,0,0,0,0,-10.594
0.45008,0.012848,0,0,0,0,-24.441
0.45108,0.012887,0,0,0,0,-24.34
0.45313,0.012958,0,0,0,0,-24.328
0.45417,0.01299,0,0,0,0,-24.194
0.46146,0.013134,0,0,0,0,-23.496
0.4625,0.013144,0,0,0,0,-23.375
0.46562,0.01316,0,0,0,0,-23.035
0.46667,0.013161,0,0,0,0,-22.935
0.46354,0.013152,0,0,0,0,-23.29
0.46979,0.013149,0,0,0,0,-22.572
0.47187,0.013131,0,0,0,0,-22.335
0.47812,0.013028,0,0,0,0,-21.585
0.49063,0.01263,0,0,0,0,-19.91
0.48855,0.012712,0,0,0,0,-20.245
0.4843,0.012861,0,0,0,0,-20.782
0.49888,0.012246,0,0,0,0,-18.819
0.52188,0.010757,0,0,0,0,-15.618
0.59375,-4.7972e-05,0,0,0,0,7.3032
0.57699,0.0052659,0,0,0,0,-7.4098
0.51665,0.011144,0,0,0,0,-16.308
0.51766,0.011071,0,0,0,0,-16.159
0.51867,0.010998,0,0,0,0,-16.013
0.52701,0.010353,0,0,0,0,-14.764
0.44375,-0.010804,0,0,0,0,-18.615
0.44791,-0.010895,0,0,0,0,-18.094
0.45623,-0.010932,0,0,0,0,-16.905
0.46875,-0.010689,0,0,0,0,-15
0.4683,-0.010703,0,0,0,0,-15.072
0.40638,-0.0056498,0,0,0,0,-11.684
0.53328,-0.0061044,0,0,0,0,-4.5054
0.53193,-0.0062364,0,0,0,0,-4.7545
0.53125,-0.0063027,0,0,0,0,-4.8923
0.53429,-0.0060051,0,0,0,0,-4.3451
0.57705,-0.0012601,0,0,0,0,4.6586
0.5767,-0.0013028,0,0,0,0,4.5649
0.58126,-0.00074284,0,0,0,0,6.053
0.40641,0.0060462,0,0,0,0,-13.91
0.56665,0.0064831,0,0,0,0,-8.8611
0.56771,0.0063616,0,0,0,0,-8.7613
0.56874,0.006244,0,0,0,0,-8.5993
0.51562,0.011217,0,0,0,0,-16.442
0.51562,0.011217,0,0,0,0,-16.443
0.43546,-0.010449,0,0,0,0,-19.484
0.43959,-0.010657,0,0,0,0,-19.103
0.45214,-0.010937,0,0,0,0,-17.614
0.46042,-0.010887,0,0,0,0,-16.25
0.46459,-0.010805,0,0,0,0,-15.623
0.47291,-0.010543,0,0,0,0,-14.372
0.47701,-0.010371,0,0,0,0,-13.713
0.40842,-0.006372,0,0,0,0,-14.996
0.4074,-0.0060274,0,0,0,0,-13.496
0.53227,-0.0062033,0,0,0,0,-4.6856
0.53533,-0.0059014,0,0,0,0,-4.1442
0.53951,-0.0054804,0,0,0,0,-3.4335
0.576,-0.0013883,0,0,0,0,4.3774
0.58534,-0.00035115,0,0,0,0,7.0932
0.59778,0.0010019,0,0,0,0,2.2976
0.53124,0.010002,0,0,0,0,-14.191
0.57289,0.0057596,0,0,0,0,-7.9659
0.42301,0.010344,0,0,0,0,-24.507
0.51458,0.011289,0,0,0,0,-16.602
0.52292,0.010677,0,0,0,0,-15.452
0.51042,-0.0081794,0,0,0,0,-8.3383
0.56042,-0.0032251,0,0,0,0,0.52986
0.59364,0.0022294,0,0,0,0,-0.78771
0.59329,0.0023219,0,0,0,0,-1.0475
0.41053,0.0075382,0,0,0,0,-19.593
0.41081,0.0076244,7.7037e-34,0,0,0,-19.826
0.56974,0.0061282,0,0,0,0,-8.4146
0.57074,0.0060117,0,0,0,0,-8.2703
0.42821,0.0111,0,0,0,0,-24.948
0.4292,0.011226,0,0,0,0,-24.998
0.44427,0.012561,0,0,0,0,-24.924
0.49375,0.012495,0,0,0,0,-19.513
0.51144,0.011502,0,0,0,0,-17.024
0.51251,0.011431,0,0,0,0,-16.956
0.45515,-0.010938,0,0,0,0,-17.024
0.45441,-0.010939,0,0,0,0,-17.086
0.46937,-0.010669,0,0,0,0,-14.914
0.41468,-0.0079777,0,0,0,0,-18.816
0.51409,-0.0078718,-0,0,0,0,-7.6708
0.52915,-0.0065055,0,0,0,0,-5.1919
0.52831,-0.0065856,0,0,0,0,-5.3241
0.53022,-0.0064028,0,0,0,0,-5.0781
0.55935,-0.0033453,0,0,0,0,0.34976
0.57755,-0.0011983,0,0,0,0,4.8143
0.58952,0.0032516,0,0,0,0,-3.7794
0.54863,0.0083995,0,0,0,0,-11.592
0.55646,0.0075977,0,0,0,0,-10.464
0.57179,0.0058895,0,0,0,0,-8.1092
0.571,0.0059811,0,0,0,0,-8.23
0.43021,0.011348,0,0,0,0,-25.089
0.43127,0.01147,0,0,0,0,-25.195
0.43966,0.012253,0,0,0,0,-25.032
0.44375,0.01253,0,0,0,0,-24.972
0.44793,0.012755,0,0,0,0,-24.819
0.45591,0.013036,0,0,0,0,-24.054
0.45982,0.013113,0,0,0,0,-23.673
0.46458,0.013157,0,0,0,0,-23.178
0.46875,0.013155,0,0,0,0,-22.691
0.47291,0.013119,0,0,0,0,-22.2
0.47212,0.013128,0,0,0,0,-22.303
0.47708,0.01305,0,0,0,0,-21.712
0.47777,0.013035,0,0,0,0,-21.627
0.48124,0.012951,0,0,0,0,-21.191
0.4847,0.012848,0,0,0,0,-20.706
0.48534,0.012827,0,0,0,0,-20.583
0.49787,0.012297,0,0,0,0,-18.951
0.49855,0.012263,0,0,0,0,-18.863
0.45413,-0.01094,0,0,0,0,-17.11
0.45316,-0.010939,1.5407e-33,0,0,0,-17.269
0.57806,-0.0011365,0,0,0,0,4.9699
0.59677,0.00132,0,0,0,0,1.5847
0.55626,0.0076194,0,0,0,0,-10.497
0.55204,0.0080561,0,0,0,0,-11.084
0.4521,0.012925,0,0,0,0,-24.378
0.45625,0.013045,0,0,0,0,-24.032
0.46042,0.013121,0,0,0,0,-23.621
0.48959,0.012672,0,0,0,0,-20.058
0.51355,0.01136,0,0,0,0,-16.794
